UF_ZI;ANO_CMPT;MES_CMPT;ESPEC;CGC_HOSP;N_AIH;IDENT;CEP;MUNIC_RES;NASC;SEXO;UTI_MES_IN;UTI_MES_AN;UTI_MES_AL;UTI_MES_TO;MARCA_UTI;UTI_INT_IN;UTI_INT_AN;UTI_INT_AL;UTI_INT_TO;DIAR_ACOM;QT_DIARIAS;PROC_SOLIC;PROC_REA;VAL_SH;VAL_SP;VAL_SADT;VAL_RN;VAL_ACOMP;VAL_ORTP;VAL_SANGUE;VAL_SADTSR;VAL_TRANSP;VAL_OBSANG;VAL_PED1AC;VAL_TOT;VAL_UTI;US_TOT;DT_INTER;DT_SAIDA;DIAG_PRINC;DIAG_SECUN;COBRANCA;NATUREZA;NAT_JUR;GESTAO;RUBRICA;IND_VDRL;MUNIC_MOV;COD_IDADE;IDADE;DIAS_PERM;MORTE;NACIONAL;NUM_PROC;CAR_INT;TOT_PT_SP;CPF_AUT;HOMONIMO;NUM_FILHOS;INSTRU;CID_NOTIF;CONTRACEP1;CONTRACEP2;GESTRISCO;INSC_PN;SEQ_AIH5;CBOR;CNAER;VINCPREV;GESTOR_COD;GESTOR_TP;GESTOR_CPF;GESTOR_DT;CNES;CNPJ_MANT;INFEHOSP;CID_ASSO;CID_MORTE;COMPLEX;FINANC;FAEC_TP;REGCT;RACA_COR;ETNIA;SEQUENCIA;REMESSA;AUD_JUST;SIS_JUST;VAL_SH_FED;VAL_SP_FED;VAL_SH_GES;VAL_SP_GES;VAL_UCI;MARCA_UCI;DIAGSEC1;DIAGSEC2;DIAGSEC3;DIAGSEC4;DIAGSEC5;DIAGSEC6;DIAGSEC7;DIAGSEC8;DIAGSEC9;TPDISEC1;TPDISEC2;TPDISEC3;TPDISEC4;TPDISEC5;TPDISEC6;TPDISEC7;TPDISEC8;TPDISEC9;FONTE_ORC;DOENCA;CEP_NORMALIZADO;LATITUDE;LONGITUDE;BAIRRO;LOGRADOURO;FONTE_GEO;IDADE_ANOS;ANO_INTERNACAO;VAL_TOT_NUM
354390;2021;4;1;56384183000140.0;3521109544183;1;13500340;354390;19450421;3;0;0;0;0;0;0;0;0;0;1;1;415020050;415020050;2508.06;917.27;0.0;0.0;0.0;0.0;0.0;0.0;0.0;0.0;0.0;3425.33;0.0;654.93;20210318;20210319;C509;0;12;0;3999;1;0;0;354390;4;75;1;0;10;;2;0;;0;0;0;;0;0;1;0;0;0;0;0;0;0;0;;2082888;;;0;0;3;6;;0;3;0;215;HM35439001N202104.DTS;;;0.0;0.0;0.0;0.0;0.0;0;C501;;;;;;;;;1;0;0;0;0;0;0;0;0;;Câncer de Mama;13500340;-22.41139;-47.56139;Saúde;Avenida 13;BrasilAPI;75;2021;3425.33
354390;2021;4;1;56384183000140.0;3521111859683;1;13508500;354390;19560423;3;0;0;0;0;0;0;0;0;0;1;1;416120059;416120059;1270.7;732.69;0.0;0.0;0.0;0.0;0.0;0.0;0.0;0.0;0.0;2003.39;0.0;383.05;20210401;20210402;C508;0;12;0;3999;1;0;0;354390;4;64;1;0;10;;2;0;;0;0;0;;0;0;1;0;0;0;0;0;0;0;0;;2082888;;;0;0;3;6;;0;1;0;261;HM35439001N202104.DTS;;;0.0;0.0;0.0;0.0;0.0;0;;;;;;;;;;0;0;0;0;0;0;0;0;0;;Câncer de Mama;13508500;-22.41139;-47.56139;Centro (Ajapi);Estrada Municipal Rio Claro - Ajapi;BrasilAPI;64;2021;2003.39
354390;2021;4;3;56384183000140.0;3521111859551;1;13506899;354390;19650524;3;0;0;0;3;75;0;0;0;0;0;5;304100021;304100021;1535.06;268.54;0.0;0.0;0.0;0.0;0.0;0.0;0.0;0.0;0.0;1803.6;1436.16;344.85;20210329;20210406;C509;0;12;0;3999;1;0;0;354390;4;55;8;0;10;;2;0;;0;0;0;;0;0;1;0;0;0;0;0;0;1;8291227888;;2082888;;;0;0;2;6;;0;1;0;587;HM35439001N202104.DTS;;;0.0;0.0;0.0;0.0;0.0;0;R100;;;;;;;;;1;0;0;0;0;0;0;0;0;;Câncer de Mama;13506899;-22.41139;-47.56139;Jardim do Horto;Rodovia Constantine Peruchi;BrasilAPI;55;2021;1803.6
354390;2021;2;3;56384183000140.0;3521109540498;1;13509656;354390;19600611;3;0;0;0;0;0;0;0;0;0;3;3;304100021;304100021;374.46;80.29;0.0;0.0;0.0;0.0;0.0;0.0;0.0;0.0;0.0;454.75;0.0;79.92;20210209;20210212;C509;0;12;0;3999;1;0;0;354390;4;60;3;0;10;;2;0;;0;0;0;;0;0;1;0;0;0;0;0;0;0;0;;2082888;;;0;0;2;6;;0;1;0;422;HM35439001N202102.DTS;;;0.0;0.0;0.0;0.0;0.0;0;K566;;;;;;;;;1;0;0;0;0;0;0;0;0;;Câncer de Mama;13509656;-22.41139;-47.56139;Recanto das Pedras (Assistência);Rua 3 Assistência;BrasilAPI;60;2021;454.75
354390;2021;2;1;56384183000140.0;3521109536197;1;13502100;354390;19830815;3;0;0;0;0;0;0;0;0;0;0;1;415020050;415020050;2769.82;1216.97;0.0;0.0;0.0;0.0;0.0;0.0;0.0;0.0;0.0;3986.79;0.0;700.66;20210218;20210219;C509;0;12;0;3999;1;0;0;354390;4;37;1;0;10;;2;0;;0;0;0;;0;0;1;0;0;0;0;0;0;0;0;;2082888;;;0;0;3;6;;0;3;0;101;HM35439001N202102.DTS;;;0.0;0.0;0.0;0.0;0.0;0;;;;;;;;;;0;0;0;0;0;0;0;0;0;;Câncer de Mama;13502100;-22.41139;-47.56139;Jardim Residencial das Palmeiras;Avenida dos Costas;BrasilAPI;37;2021;3986.79
354390;2021;2;1;56384183000140.0;3521109536296;1;13505070;354390;19740217;3;0;0;0;0;0;0;0;0;0;0;1;415020050;415020050;1670.16;917.27;0.0;0.0;0.0;0.0;0.0;0.0;0.0;0.0;0.0;2587.43;0.0;454.73;20210218;20210219;C500;0;12;0;3999;1;0;0;354390;4;47;1;0;10;;1;0;;0;0;0;;0;0;1;0;0;0;0;0;0;0;0;;2082888;;;0;0;3;6;;0;1;0;106;HM35439001N202102.DTS;;;0.0;0.0;0.0;0.0;0.0;0;;;;;;;;;;0;0;0;0;0;0;0;0;0;;Câncer de Mama;13505070;-22.41139;-47.56139;Jardim Floridiana;Rua M 4;BrasilAPI;47;2021;2587.43
354390;2021;2;1;56384183000140.0;3521109540663;1;13504363;354390;19560703;3;0;0;0;0;0;0;0;0;0;1;1;415020050;415020050;1678.16;917.27;0.0;0.0;0.0;0.0;0.0;0.0;0.0;0.0;0.0;2595.43;0.0;456.13;20210128;20210129;C501;0;12;0;3999;1;0;0;354390;4;64;1;0;10;;1;0;;0;0;0;;0;0;1;0;0;0;0;0;0;0;0;;2082888;;;0;0;3;6;;0;3;0;133;HM35439001N202102.DTS;;;0.0;0.0;0.0;0.0;0.0;0;;;;;;;;;;0;0;0;0;0;0;0;0;0;;Câncer de Mama;13504363;-22.41139;-47.56139;Parque Universitário;Rua 19;BrasilAPI;64;2021;2595.43
354390;2021;2;3;56384183000140.0;3521109535251;1;13503210;354390;19700923;3;0;0;0;0;0;0;0;0;0;0;9;304100021;304100021;390.78;69.01;0.0;0.0;0.0;0.0;0.0;0.0;0.0;0.0;0.0;459.79;0.0;80.8;20210208;20210217;C509;0;12;0;3999;1;0;0;354390;4;50;9;0;10;;2;0;;0;0;0;;0;0;1;0;0;0;0;0;0;0;0;;2082888;;;0;0;2;6;;0;1;0;371;HM35439001N202102.DTS;;;0.0;0.0;0.0;0.0;0.0;0;E149;R17;;;;;;;;1;1;0;0;0;0;0;0;0;;Câncer de Mama;13503210;-22.41139;-47.56139;Jardim Claret;Avenida 8;BrasilAPI;50;2021;459.79
354390;2021;3;3;56384183000140.0;3521109542335;1;13500511;354390;19860219;3;0;0;0;0;0;0;0;0;0;0;8;304100021;304100021;438.71;65.14;0.0;0.0;0.0;0.0;0.0;0.0;0.0;0.0;0.0;503.85;0.0;93.3;20210206;20210214;C508;0;12;0;3999;1;0;0;354390;4;34;8;0;10;;2;0;;0;0;0;;0;0;1;0;0;0;0;0;0;0;0;;2082888;;;0;0;2;6;;0;1;0;351;HM35439001N202103.DTS;;;0.0;0.0;0.0;0.0;0.0;0;C349;;;;;;;;;1;0;0;0;0;0;0;0;0;;Câncer de Mama;13500511;-22.41139;-47.56139;Vila Aparecida;Rua 1 A;BrasilAPI;34;2021;503.85
354390;2021;3;1;56384183000140.0;3521111853941;1;13502112;354390;19561220;3;0;0;0;0;0;0;0;0;0;1;1;415020050;415020050;4157.66;2134.24;0.0;0.0;0.0;0.0;0.0;0.0;0.0;0.0;0.0;6291.9;0.0;1165.16;20210325;20210326;C501;0;12;0;3999;1;0;0;354390;4;64;1;0;10;;1;0;;0;0;0;;0;0;1;0;0;0;0;0;0;0;0;;2082888;;;0;0;3;6;;0;1;0;148;HM35439001N202103.DTS;;;0.0;0.0;0.0;0.0;0.0;0;;;;;;;;;;0;0;0;0;0;0;0;0;0;;Câncer de Mama;13502112;-22.41139;-47.56139;Jardim Residencial das Palmeiras;Rua 3 JP;BrasilAPI;64;2021;6291.9
354390;2021;3;3;56384183000140.0;3521109543600;1;13505100;354390;19671115;3;0;0;0;0;0;0;0;0;0;0;6;304100021;304100021;306.97;65.14;0.0;0.0;0.0;0.0;0.0;0.0;0.0;0.0;0.0;372.11;0.0;68.9;20210225;20210302;C509;0;27;0;3999;1;0;0;354390;4;53;5;0;10;;2;0;;0;0;0;;0;0;1;0;0;0;0;0;0;1;8291227888;;2082888;;;0;0;2;6;;0;1;0;391;HM35439001N202103.DTS;;;0.0;0.0;0.0;0.0;0.0;0;J90;;;;;;;;;1;0;0;0;0;0;0;0;0;;Câncer de Mama;13505100;-22.41139;-47.56139;Jardim Hipódromo;Rua M 7;BrasilAPI;53;2021;372.11
354390;2021;3;1;56384183000140.0;3521109543732;1;13505320;354390;19630703;3;0;0;0;0;0;0;0;0;0;0;1;415020050;415020050;1670.16;917.27;0.0;0.0;0.0;0.0;0.0;0.0;0.0;0.0;0.0;2587.43;0.0;479.15;20210318;20210319;C504;0;12;0;3999;1;0;0;354390;4;57;1;0;10;;2;0;;0;0;0;;0;0;1;0;0;0;0;0;0;0;0;;2082888;;;0;0;3;6;;0;2;0;101;HM35439001N202103.DTS;;;0.0;0.0;0.0;0.0;0.0;0;;;;;;;;;;0;0;0;0;0;0;0;0;0;;Câncer de Mama;13505320;-22.41139;-47.56139;Jardim Cherveson;Avenida M 15;BrasilAPI;57;2021;2587.43
354390;2021;3;1;56384183000140.0;3521109543590;1;13505100;354390;19671115;3;0;0;0;0;0;0;0;0;0;0;14;415010012;415010012;1370.06;917.69;0.0;0.0;0.0;0.0;0.0;0.0;0.0;0.0;0.0;2287.75;0.0;423.65;20210302;20210315;C509;0;27;0;3999;1;0;0;354390;4;53;13;0;10;;2;0;;0;0;0;;0;0;1;0;0;0;0;0;0;1;8291227888;;2082888;;;0;0;2;6;;0;1;0;97;HM35439001N202103.DTS;;;0.0;0.0;0.0;0.0;0.0;0;;;;;;;;;;0;0;0;0;0;0;0;0;0;;Câncer de Mama;13505100;-22.41139;-47.56139;Jardim Hipódromo;Rua M 7;BrasilAPI;53;2021;2287.75
354390;2021;11;3;56384183000140.0;3521126315157;1;13502759;354390;19800527;3;0;0;0;0;0;0;0;0;0;0;10;304100021;304100021;587.78;88.03;0.0;0.0;0.0;0.0;0.0;0.0;0.0;0.0;0.0;675.81;0.0;121.33;20211030;20211109;C509;0;12;0;3999;1;0;0;354390;4;41;10;0;10;;2;0;;0;0;0;;0;0;1;0;0;0;0;0;0;0;0;;2082888;;;0;0;2;6;;0;1;0;859;HM35439001N202111.DTS;;;0.0;0.0;0.0;0.0;0.0;0;N390;Z515;;;;;;;;1;1;0;0;0;0;0;0;0;;Câncer de Mama;13502759;-22.41139;-47.56139;Jardim Novo;Rua 15 JN;BrasilAPI;41;2021;675.81
354390;2021;11;1;56384183000140.0;3521123732170;1;13503540;354390;19630711;3;0;0;0;0;0;0;0;0;0;0;1;415010012;415010012;1247.16;323.73;0.0;0.0;0.0;0.0;0.0;0.0;0.0;0.0;0.0;1570.89;0.0;282.02;20210922;20210922;C501;0;12;0;3999;1;0;0;354390;4;58;0;0;10;;1;0;;0;0;0;;0;0;1;0;0;0;0;0;0;0;0;;2082888;;;0;0;2;6;;0;1;0;517;HM35439001N202111.DTS;;;0.0;0.0;0.0;0.0;0.0;0;;;;;;;;;;0;0;0;0;0;0;0;0;0;;Câncer de Mama;13503540;-22.41139;-47.56139;Jardim Paulista;Rua 30;BrasilAPI;58;2021;1570.89
354390;2021;11;1;56384183000140.0;3521126318237;1;13508638;354390;19660313;3;0;0;0;0;0;0;0;0;0;0;1;416120040;416120040;998.83;540.59;0.0;0.0;0.0;0.0;0.0;0.0;0.0;0.0;0.0;1539.42;0.0;276.37;20211123;20211123;C508;0;12;0;3999;1;0;0;354390;4;55;0;0;10;;1;0;;0;0;0;;0;0;1;0;0;0;0;0;0;0;0;;2082888;;;0;0;3;6;;0;1;0;625;HM35439001N202111.DTS;;;0.0;0.0;0.0;0.0;0.0;0;;;;;;;;;;0;0;0;0;0;0;0;0;0;;Câncer de Mama;13508638;-22.41139;-47.56139;Jardim Terras de Ajapi (Ajapi);Rua 6A JTA;BrasilAPI;55;2021;1539.42
354390;2021;11;3;56384183000140.0;3521126317104;1;13503022;354390;19810902;3;0;0;0;0;0;0;0;0;0;0;7;304100021;304100021;571.05;65.14;0.0;0.0;0.0;0.0;0.0;0.0;0.0;0.0;0.0;636.19;0.0;114.21;20211109;20211115;C508;0;41;0;3999;1;0;0;354390;4;40;6;1;10;;2;0;;0;0;0;;0;0;1;0;0;0;0;0;0;0;0;;2082888;;;0;0;2;6;;0;1;0;894;HM35439001N202111.DTS;;;0.0;0.0;0.0;0.0;0.0;0;;;;;;;;;;0;0;0;0;0;0;0;0;0;;Câncer de Mama;13503022;-22.41139;-47.56139;Jardim São Paulo;Avenida 10 A JSP;BrasilAPI;40;2021;636.19
354390;2021;11;3;56384183000140.0;3521126317995;1;13500511;354390;19860219;3;0;0;0;0;0;0;0;0;0;0;2;304100021;304100021;302.3;65.14;0.0;0.0;0.0;0.0;0.0;0.0;0.0;0.0;0.0;367.44;0.0;65.96;20211018;20211019;C509;0;41;0;3999;1;0;0;354390;4;35;1;1;10;;2;0;;0;0;0;;0;0;1;0;0;0;0;0;0;0;0;;2082888;;;0;0;2;6;;0;1;0;918;HM35439001N202111.DTS;;;0.0;0.0;0.0;0.0;0.0;0;N300;J960;;;;;;;;1;1;0;0;0;0;0;0;0;;Câncer de Mama;13500511;-22.41139;-47.56139;Vila Aparecida;Rua 1 A;BrasilAPI;35;2021;367.44
354390;2021;11;1;56384183000140.0;3521127390308;1;13506095;354390;19600327;3;0;0;0;0;0;0;0;0;0;0;1;410010090;410010090;175.9;140.02;0.0;0.0;0.0;0.0;0.0;0.0;0.0;0.0;0.0;315.92;0.0;56.71;20211112;20211112;C508;0;12;0;3999;1;0;0;354390;4;61;0;0;10;;2;0;;0;0;0;;0;0;1;0;0;0;0;0;0;0;0;;2082888;;;0;0;2;6;;0;1;0;681;HM35439001N202111.DTS;;;0.0;0.0;0.0;0.0;0.0;0;;;;;;;;;;0;0;0;0;0;0;0;0;0;;Câncer de Mama;13506095;-22.41139;-47.56139;Jardim Vilage;Avenida 80 A;BrasilAPI;61;2021;315.92
354390;2021;11;1;56384183000140.0;3521127390517;1;13506170;354390;19790216;3;0;0;0;0;0;0;0;0;0;0;1;415020050;415020050;1871.4;917.27;0.0;0.0;0.0;0.0;0.0;0.0;0.0;0.0;0.0;2788.67;0.0;500.65;20211125;20211126;C509;0;12;0;3999;1;0;0;354390;4;42;1;0;10;;2;0;;0;0;0;;0;0;1;0;0;0;0;0;0;0;0;;2082888;;;0;0;3;6;;0;1;0;689;HM35439001N202111.DTS;;;0.0;0.0;0.0;0.0;0.0;0;C506;;;;;;;;;1;0;0;0;0;0;0;0;0;;Câncer de Mama;13506170;-22.41139;-47.56139;Parque Mãe Preta;Avenida 2 MP;BrasilAPI;42;2021;2788.67
354390;2021;11;1;56384183000140.0;3521126316411;1;13505228;354390;19721015;3;0;0;0;0;0;0;0;0;0;0;1;415020050;415020050;2703.96;917.27;0.0;0.0;0.0;0.0;0.0;0.0;0.0;0.0;0.0;3621.23;0.0;650.13;20211111;20211112;C508;0;12;0;3999;1;0;0;354390;4;49;1;0;10;;2;0;;0;0;0;;0;0;1;0;0;0;0;0;0;0;0;;2082888;;;0;0;3;6;;0;3;0;556;HM35439001N202111.DTS;;;0.0;0.0;0.0;0.0;0.0;0;C501;;;;;;;;;1;0;0;0;0;0;0;0;0;;Câncer de Mama;13505228;-22.41139;-47.56139;Jardim Dona Regina Picelli;Rua 3 RP;BrasilAPI;49;2021;3621.23
354390;2021;11;1;56384183000140.0;3521126316477;1;13506557;354390;19660404;3;0;0;0;0;0;0;0;0;0;0;1;415020050;415020050;1670.16;917.27;0.0;0.0;0.0;0.0;0.0;0.0;0.0;0.0;0.0;2587.43;0.0;464.52;20211111;20211112;C508;0;12;0;3999;1;0;0;354390;4;55;1;0;10;;1;0;;0;0;0;;0;0;1;0;0;0;0;0;0;0;0;;2082888;;;0;0;3;6;;0;1;0;557;HM35439001N202111.DTS;;;0.0;0.0;0.0;0.0;0.0;0;C501;;;;;;;;;1;0;0;0;0;0;0;0;0;;Câncer de Mama;13506557;-22.41139;-47.56139;Vila Nova;Rua 13 A;BrasilAPI;55;2021;2587.43
354390;2021;10;3;56384183000140.0;3521123734370;1;13506826;354390;19320108;3;0;0;0;0;0;0;0;0;0;8;9;304100021;304100021;764.09;69.01;0.0;0.0;0.0;0.0;0.0;0.0;0.0;0.0;0.0;833.1;0.0;148.5;20211005;20211013;C509;0;41;0;3999;1;0;0;354390;4;89;8;1;10;;2;0;;0;0;0;;0;0;1;0;0;0;0;0;0;0;0;;2082888;;;0;0;2;6;;0;1;0;378;HM35439001N202110.DTS;;;0.0;0.0;0.0;0.0;0.0;0;;;;;;;;;;0;0;0;0;0;0;0;0;0;;Câncer de Mama;13506826;-22.41139;-47.56139;Vila Paulista;Avenida P 15;BrasilAPI;89;2021;833.1
354390;2021;10;3;56384183000140.0;3521123734458;1;13500240;354390;19450409;3;0;0;0;0;0;0;0;0;0;7;7;304100021;304100021;358.3;65.14;0.0;0.0;0.0;0.0;0.0;0.0;0.0;0.0;0.0;423.44;0.0;75.47;20211003;20211010;C509;0;12;0;3999;1;0;0;354390;4;76;7;0;10;;2;0;;0;0;0;;0;0;1;0;0;0;0;0;0;0;0;;2082888;;;0;0;2;6;;0;1;0;381;HM35439001N202110.DTS;;;0.0;0.0;0.0;0.0;0.0;0;;;;;;;;;;0;0;0;0;0;0;0;0;0;;Câncer de Mama;13500240;-22.41139;-47.56139;Centro;Rua 11;BrasilAPI;76;2021;423.44
354390;2021;10;1;56384183000140.0;3521123729520;1;13502011;354390;19740711;3;0;0;0;0;0;0;0;0;0;0;1;415020050;415020050;2172.92;1284.69;0.0;0.0;0.0;0.0;0.0;0.0;0.0;0.0;0.0;3457.61;0.0;616.32;20210908;20210909;C501;0;12;0;3999;1;0;0;354390;4;47;1;0;10;;2;0;;0;0;0;;0;0;1;0;0;0;0;0;0;0;0;;2082888;;;0;0;3;6;;0;1;0;12;HM35439001N202110.DTS;;;0.0;0.0;0.0;0.0;0.0;0;N648;;;;;;;;;1;0;0;0;0;0;0;0;0;;Câncer de Mama;13502011;-22.41139;-47.56139;Jardim INOCOOP;Rua 2 JI;BrasilAPI;47;2021;3457.61
354390;2021;10;3;56384183000140.0;3521123733127;1;13506826;354390;19320108;3;0;0;0;0;0;0;0;0;0;7;8;304100013;304100013;2980.12;65.2;0.0;0.0;0.0;0.0;0.0;0.0;0.0;0.0;0.0;3045.32;0.0;542.83;20210920;20210927;C509;0;27;0;3999;1;0;0;354390;4;89;7;0;10;;2;0;;0;0;0;;0;0;1;0;0;0;0;0;14;1;8291227888;;2082888;;;0;0;2;6;;0;1;0;348;HM35439001N202110.DTS;;;0.0;0.0;0.0;0.0;0.0;0;I64;G309;;;;;;;;1;1;0;0;0;0;0;0;0;;Câncer de Mama;13506826;-22.41139;-47.56139;Vila Paulista;Avenida P 15;BrasilAPI;89;2021;3045.32
354390;2021;10;1;56384183000140.0;3521123735954;1;13506179;354390;19640718;3;0;0;0;0;0;0;0;0;0;0;1;415020050;415020050;1710.94;917.27;0.0;0.0;0.0;0.0;0.0;0.0;0.0;0.0;0.0;2628.21;0.0;468.48;20211007;20211008;C508;0;12;0;3999;1;0;0;354390;4;57;1;0;10;;1;0;;0;0;0;;0;0;1;0;0;0;0;0;0;0;0;;2082888;;;0;0;3;6;;0;1;0;100;HM35439001N202110.DTS;;;0.0;0.0;0.0;0.0;0.0;0;C501;;;;;;;;;1;0;0;0;0;0;0;0;0;;Câncer de Mama;13506179;-22.41139;-47.56139;Parque Mãe Preta;Rua 9 MP;BrasilAPI;57;2021;2628.21
354390;2021;10;3;56384183000140.0;3521123734106;1;13506826;354390;19320108;3;0;0;0;0;0;0;0;0;0;4;4;304100021;304100021;493.9;65.14;0.0;0.0;0.0;0.0;0.0;0.0;0.0;0.0;0.0;559.04;0.0;99.65;20210927;20211001;C509;0;12;0;3999;1;0;0;354390;4;89;4;0;10;;2;0;;0;0;0;;0;0;1;0;0;0;0;0;0;1;8291227888;;2082888;;;0;0;2;6;;0;1;0;370;HM35439001N202110.DTS;;;0.0;0.0;0.0;0.0;0.0;0;I64;G309;;;;;;;;1;1;0;0;0;0;0;0;0;;Câncer de Mama;13506826;-22.41139;-47.56139;Vila Paulista;Avenida P 15;BrasilAPI;89;2021;559.04
354390;2021;10;1;56384183000140.0;3521126313750;1;13504260;354390;19581124;3;0;0;0;0;0;0;0;0;0;1;1;415020050;415020050;1678.16;917.27;0.0;0.0;0.0;0.0;0.0;0.0;0.0;0.0;0.0;2595.43;0.0;462.64;20211021;20211022;C501;0;12;0;3999;1;0;0;354390;4;62;1;0;10;;1;0;;0;0;0;;0;0;1;0;0;0;0;0;0;0;0;;2082888;;;0;0;3;6;;0;1;0;141;HM35439001N202110.DTS;;;0.0;0.0;0.0;0.0;0.0;0;;;;;;;;;;0;0;0;0;0;0;0;0;0;;Câncer de Mama;13504260;-22.41139;-47.56139;Jardim Bela Vista;Rua 15;BrasilAPI;62;2021;2595.43
354390;2021;10;1;56384183000140.0;3521123733006;1;13503520;354390;19791209;3;0;0;0;0;0;0;0;0;0;0;1;415020050;415020050;3156.21;1949.66;0.0;0.0;0.0;0.0;0.0;0.0;0.0;0.0;0.0;5105.87;0.0;910.13;20210930;20211001;C501;0;12;0;3999;1;0;0;354390;4;41;1;0;10;;1;0;;0;0;0;;0;0;1;0;0;0;0;0;0;0;0;;2082888;;;0;0;3;6;;0;3;0;25;HM35439001N202110.DTS;;;0.0;0.0;0.0;0.0;0.0;0;C773;;;;;;;;;1;0;0;0;0;0;0;0;0;;Câncer de Mama;13503520;-22.41139;-47.56139;Jardim Maria Cristina;Avenida 20 JC;BrasilAPI;41;2021;5105.87
354390;2021;6;3;56384183000140.0;3521115636830;1;13503022;354390;19810902;3;0;0;0;0;0;0;0;0;0;0;2;304100021;304100021;1377.3;65.14;0.0;0.0;0.0;0.0;0.0;0.0;0.0;0.0;0.0;1442.44;0.0;281.72;20210428;20210430;C509;0;12;0;3999;1;0;0;354390;4;39;2;0;10;;2;0;;0;0;0;;0;0;1;0;0;0;0;0;0;0;0;;2082888;;;0;0;2;6;;0;1;0;340;HM35439001N202106.DTS;;;0.0;0.0;0.0;0.0;0.0;0;;;;;;;;;;0;0;0;0;0;0;0;0;0;;Câncer de Mama;13503022;-22.41139;-47.56139;Jardim São Paulo;Avenida 10 A JSP;BrasilAPI;39;2021;1442.44
354390;2021;6;1;56384183000140.0;3521115645102;1;13505260;354390;19621001;3;0;0;0;0;0;0;0;0;0;0;1;415020050;415020050;1670.16;917.27;0.0;0.0;0.0;0.0;0.0;0.0;0.0;0.0;0.0;2587.43;0.0;505.35;20210603;20210604;C508;0;12;0;3999;1;0;0;354390;4;58;1;0;10;;1;0;;0;0;0;;0;0;1;0;0;0;0;0;0;0;0;;2082888;;;0;0;3;6;;0;3;0;88;HM35439001N202106.DTS;;;0.0;0.0;0.0;0.0;0.0;0;C501;;;;;;;;;1;0;0;0;0;0;0;0;0;;Câncer de Mama;13505260;-22.41139;-47.56139;Jardim Independência;Rua M 11;BrasilAPI;58;2021;2587.43
354390;2021;6;1;56384183000140.0;3521115646455;1;13506746;354390;19540707;3;0;0;0;0;0;0;0;0;0;1;1;415020050;415020050;1678.16;917.27;0.0;0.0;0.0;0.0;0.0;0.0;0.0;0.0;0.0;2595.43;0.0;506.91;20210617;20210618;C501;0;12;0;3999;1;0;0;354390;4;66;1;0;10;;2;0;;0;0;0;;0;0;1;0;0;0;0;0;0;0;0;;2082888;;;0;0;3;6;;0;1;0;119;HM35439001N202106.DTS;;;0.0;0.0;0.0;0.0;0.0;0;;;;;;;;;;0;0;0;0;0;0;0;0;0;;Câncer de Mama;13506746;-22.41139;-47.56139;Vila Indaiá;Rua 12 B;BrasilAPI;66;2021;2595.43
354390;2021;6;1;56384183000140.0;3521115646741;1;13505220;354390;19630427;3;0;0;0;0;0;0;0;0;0;0;1;415020050;415020050;1914.84;917.27;0.0;0.0;0.0;0.0;0.0;0.0;0.0;0.0;0.0;2832.11;0.0;553.14;20210617;20210618;C508;0;12;0;3999;1;0;0;354390;4;58;1;0;10;;2;0;;0;0;0;;0;0;1;0;0;0;0;0;0;0;0;;2082888;;;0;0;3;6;;0;1;0;126;HM35439001N202106.DTS;;;0.0;0.0;0.0;0.0;0.0;0;C506;;;;;;;;;1;0;0;0;0;0;0;0;0;;Câncer de Mama;13505220;-22.41139;-47.56139;Jardim Dona Regina Picelli;Rua do Sobrado;BrasilAPI;58;2021;2832.11
354390;2021;6;1;56384183000140.0;3521115642980;1;13501020;354390;19621108;3;0;0;0;0;0;0;0;0;0;0;1;415020050;415020050;1955.62;917.27;0.0;0.0;0.0;0.0;0.0;0.0;0.0;0.0;0.0;2872.89;0.0;561.11;20210527;20210528;C509;0;12;0;3999;1;0;0;354390;4;58;1;0;10;;2;0;;0;0;0;;0;0;1;0;0;0;0;0;0;0;0;;2082888;;;0;0;3;6;;0;1;0;53;HM35439001N202106.DTS;;;0.0;0.0;0.0;0.0;0.0;0;C508;C501;;;;;;;;1;1;0;0;0;0;0;0;0;;Câncer de Mama;13501020;-22.41139;-47.56139;Cidade Jardim;Rua 1 CJ;BrasilAPI;58;2021;2872.89
354390;2021;6;1;56384183000140.0;3521115640735;1;13504266;354390;19751028;3;0;0;0;0;0;0;0;0;0;0;1;416120059;416120059;2011.04;732.69;0.0;0.0;0.0;0.0;0.0;0.0;0.0;0.0;0.0;2743.73;0.0;535.88;20210520;20210521;C508;0;12;0;3999;1;0;0;354390;4;45;1;0;10;;2;0;;0;0;0;;0;0;1;0;0;0;0;0;0;0;0;;2082888;;;0;0;3;6;;0;1;0;39;HM35439001N202106.DTS;;;0.0;0.0;0.0;0.0;0.0;0;I10;;;;;;;;;1;0;0;0;0;0;0;0;0;;Câncer de Mama;13504266;-22.41139;-47.56139;Jardim Bela Vista;Avenida 36;BrasilAPI;45;2021;2743.73
354390;2021;5;1;56384183000140.0;3521115640009;1;13502751;354390;19641114;3;0;0;0;0;0;0;0;0;0;0;2;416120040;416120040;1130.35;540.59;0.0;0.0;0.0;0.0;0.0;0.0;0.0;0.0;0.0;1670.94;0.0;334.18;20210511;20210513;C508;0;12;0;3999;1;0;0;354390;4;56;2;0;10;;2;0;;0;0;0;;0;0;1;0;0;0;0;0;0;0;0;;2082888;;;0;0;3;6;;0;1;0;72;HM35439001N202105.DTS;;;0.0;0.0;0.0;0.0;0.0;0;N608;;;;;;;;;1;0;0;0;0;0;0;0;0;;Câncer de Mama;13502751;-22.41139;-47.56139;Jardim Novo;Rua 10 JN;BrasilAPI;56;2021;1670.94
354390;2021;5;1;56384183000140.0;3521115638470;1;13500190;354390;19811001;3;0;0;0;0;0;0;0;0;0;0;1;406020078;406020078;319.44;109.2;0.0;0.0;0.0;0.0;0.0;0.0;0.0;0.0;0.0;428.64;0.0;85.72;20210503;20210503;C509;0;12;0;3999;1;0;0;354390;4;39;0;0;10;;2;0;;0;0;0;;0;0;1;0;0;0;0;0;0;0;0;;2082888;;;0;0;3;6;;0;1;0;39;HM35439001N202105.DTS;;;0.0;0.0;0.0;0.0;0.0;0;;;;;;;;;;0;0;0;0;0;0;0;0;0;;Câncer de Mama;13500190;-22.41139;-47.56139;Zona Central;Rua 6;BrasilAPI;39;2021;428.64
354390;2021;5;1;56384183000140.0;3521115642594;1;13504630;354390;19740728;3;0;0;0;0;0;0;0;0;0;0;1;415020050;415020050;1670.16;917.27;0.0;0.0;0.0;0.0;0.0;0.0;0.0;0.0;0.0;2587.43;0.0;517.48;20210527;20210528;C508;0;12;0;3999;1;0;0;354390;4;46;1;0;10;;2;0;;0;0;0;;0;0;1;0;0;0;0;0;0;0;0;;2082888;;;0;0;3;6;;0;1;0;124;HM35439001N202105.DTS;;;0.0;0.0;0.0;0.0;0.0;0;C501;;;;;;;;;1;0;0;0;0;0;0;0;0;;Câncer de Mama;13504630;-22.41139;-47.56139;Conjunto Habitacional de Interesse Social Rio Claro H;Avenida 40 B;BrasilAPI;46;2021;2587.43
354390;2021;5;3;56384183000140.0;3521115640647;1;13501020;354390;19621108;3;0;0;0;0;0;0;0;0;0;0;1;304100021;304100021;302.3;65.14;0.0;0.0;0.0;0.0;0.0;0.0;0.0;0.0;0.0;367.44;0.0;73.48;20210512;20210513;C509;0;12;0;3999;1;0;0;354390;4;58;1;0;10;;2;0;;0;0;0;;0;0;1;0;0;0;0;0;7;1;8291227888;;2082888;;;0;0;2;6;;0;1;0;399;HM35439001N202105.DTS;;;0.0;0.0;0.0;0.0;0.0;0;R101;;;;;;;;;1;0;0;0;0;0;0;0;0;;Câncer de Mama;13501020;-22.41139;-47.56139;Cidade Jardim;Rua 1 CJ;BrasilAPI;58;2021;367.44
354390;2021;5;1;56384183000140.0;3521115641604;1;13503512;354390;19770901;3;0;0;0;0;0;0;0;0;0;0;1;415020050;415020050;1914.84;917.27;0.0;0.0;0.0;0.0;0.0;0.0;0.0;0.0;0.0;2832.11;0.0;566.42;20210520;20210521;C509;0;12;0;3999;1;0;0;354390;4;43;1;0;10;;2;0;;0;0;0;;0;0;1;0;0;0;0;0;0;0;0;;2082888;;;0;0;3;6;;0;1;0;111;HM35439001N202105.DTS;;;0.0;0.0;0.0;0.0;0.0;0;;;;;;;;;;0;0;0;0;0;0;0;0;0;;Câncer de Mama;13503512;-22.41139;-47.56139;Jardim Centenário;Rua 2 JC;BrasilAPI;43;2021;2832.11
354390;2021;5;1;56384183000140.0;3521115641681;1;13500100;354390;19550306;3;0;0;0;0;0;0;0;0;0;1;1;415020050;415020050;1718.94;917.27;0.0;0.0;0.0;0.0;0.0;0.0;0.0;0.0;0.0;2636.21;0.0;527.24;20210513;20210514;C508;0;12;0;3999;1;0;0;354390;4;66;1;0;10;;2;0;;0;0;0;;0;0;1;0;0;0;0;0;0;0;0;;2082888;;;0;0;3;6;;0;1;0;114;HM35439001N202105.DTS;;;0.0;0.0;0.0;0.0;0.0;0;C506;;;;;;;;;1;0;0;0;0;0;0;0;0;;Câncer de Mama;13500100;-22.41139;-47.56139;Consolação;Rua 11;BrasilAPI;66;2021;2636.21
354390;2021;5;1;56384183000140.0;3521115641406;1;13506685;354390;19760614;3;0;0;0;0;0;0;0;0;0;0;1;415020050;415020050;1670.16;917.27;0.0;0.0;0.0;0.0;0.0;0.0;0.0;0.0;0.0;2587.43;0.0;517.48;20210513;20210514;C508;0;12;0;3999;1;0;0;354390;4;44;1;0;10;;1;0;;0;0;0;;0;0;1;0;0;0;0;0;0;0;0;;2082888;;;0;0;3;6;;0;1;0;104;HM35439001N202105.DTS;;;0.0;0.0;0.0;0.0;0.0;0;C506;;;;;;;;;1;0;0;0;0;0;0;0;0;;Câncer de Mama;13506685;-22.41139;-47.56139;Vila Alemã;Avenida 28 A;BrasilAPI;44;2021;2587.43
354390;2021;5;3;56384183000140.0;3521111858363;1;13505100;354390;19671115;3;0;0;0;0;0;0;0;0;0;0;2;304100021;304100021;367.1;65.14;0.0;0.0;0.0;0.0;0.0;0.0;0.0;0.0;0.0;432.24;0.0;86.44;20210401;20210402;C509;0;41;0;3999;1;0;0;354390;4;53;1;1;10;;2;0;;0;0;0;;0;0;1;0;0;0;0;0;0;0;0;;2082888;;;0;0;2;6;;0;1;0;330;HM35439001N202105.DTS;;;0.0;0.0;0.0;0.0;0.0;0;Z853;;;;;;;;;2;0;0;0;0;0;0;0;0;;Câncer de Mama;13505100;-22.41139;-47.56139;Jardim Hipódromo;Rua M 7;BrasilAPI;53;2021;432.24
354390;2021;9;1;56384183000140.0;3521123731675;1;13504060;354390;19370315;3;0;0;0;0;0;0;0;0;0;1;1;415020050;415020050;1637.38;917.27;0.0;0.0;0.0;0.0;0.0;0.0;0.0;0.0;0.0;2554.65;0.0;452.95;20210923;20210924;C501;0;12;0;3999;1;0;0;354390;4;84;1;0;10;;2;0;;0;0;0;;0;0;1;0;0;0;0;0;0;0;0;;2082888;;;0;0;3;6;;0;1;0;191;HM35439001N202109.DTS;;;0.0;0.0;0.0;0.0;0.0;0;I10;;;;;;;;;1;0;0;0;0;0;0;0;0;;Câncer de Mama;13504060;-22.41139;-47.56139;Jardim Primavera;Avenida 50;BrasilAPI;84;2021;2554.65
354390;2021;9;1;56384183000140.0;3521118025800;1;13506450;354390;19610211;3;0;0;0;0;0;0;0;0;0;1;1;415020050;415020050;2360.84;1216.97;0.0;0.0;0.0;0.0;0.0;0.0;0.0;0.0;0.0;3577.81;0.0;634.36;20210902;20210903;C508;0;12;0;3999;1;0;0;354390;4;60;1;0;10;;1;0;;0;0;0;;0;0;1;0;0;0;0;0;0;0;0;;2082888;;;0;0;3;6;;0;1;0;79;HM35439001N202109.DTS;;;0.0;0.0;0.0;0.0;0.0;0;C773;;;;;;;;;1;0;0;0;0;0;0;0;0;;Câncer de Mama;13506450;-22.41139;-47.56139;Vila São Miguel;Avenida 70 A;BrasilAPI;60;2021;3577.81
354390;2021;9;1;56384183000140.0;3521123729684;1;13502420;354390;19920912;3;0;0;0;0;0;0;0;0;0;0;1;415020050;415020050;1670.16;917.27;0.0;0.0;0.0;0.0;0.0;0.0;0.0;0.0;0.0;2587.43;0.0;458.76;20210916;20210917;C501;0;12;0;3999;1;0;0;354390;4;29;1;0;10;;1;0;;0;0;0;;0;0;1;0;0;0;0;0;0;0;0;;2082888;;;0;0;3;6;;0;1;0;123;HM35439001N202109.DTS;;;0.0;0.0;0.0;0.0;0.0;0;;;;;;;;;;0;0;0;0;0;0;0;0;0;;Câncer de Mama;13502420;-22.41139;-47.56139;Jardim Guanabara II;Avenida Marginal 1 JG;BrasilAPI;29;2021;2587.43
354390;2021;9;1;56384183000140.0;3521123729772;1;13505005;354390;19530810;3;0;0;0;0;0;0;0;0;0;1;1;416120059;416120059;1229.92;732.69;0.0;0.0;0.0;0.0;0.0;0.0;0.0;0.0;0.0;1962.61;0.0;347.98;20210916;20210917;C501;0;12;0;3999;1;0;0;354390;4;68;1;0;10;;1;0;;0;0;0;;0;0;1;0;0;0;0;0;0;0;0;;2082888;;;0;0;3;6;;0;1;0;128;HM35439001N202109.DTS;;;0.0;0.0;0.0;0.0;0.0;0;I10;E148;;;;;;;;1;1;0;0;0;0;0;0;0;;Câncer de Mama;13505005;-22.41139;-47.56139;Jardim Floridiana;Avenida M 25;BrasilAPI;68;2021;1962.61
354390;2021;9;1;56384183000140.0;3521118017054;1;13502751;354390;19641114;3;0;0;0;0;0;0;0;0;0;0;1;415020050;415020050;1914.84;917.27;0.0;0.0;0.0;0.0;0.0;0.0;0.0;0.0;0.0;2832.11;0.0;502.14;20210722;20210723;C508;0;12;0;3999;1;0;0;354390;4;56;1;0;10;;1;0;;0;0;0;;0;0;1;0;0;0;0;0;0;0;0;;2082888;;;0;0;3;6;;0;1;0;2;HM35439001N202109.DTS;;;0.0;0.0;0.0;0.0;0.0;0;C501;;;;;;;;;1;0;0;0;0;0;0;0;0;;Câncer de Mama;13502751;-22.41139;-47.56139;Jardim Novo;Rua 10 JN;BrasilAPI;56;2021;2832.11
354390;2021;7;1;56384183000140.0;3521116821211;1;13500120;354390;19801223;3;0;0;0;0;0;0;0;0;0;0;3;412040166;412040166;638.13;509.28;0.0;0.0;0.0;0.0;0.0;0.0;0.0;0.0;0.0;1147.41;0.0;223.23;20210628;20210701;C509;0;12;0;3999;1;0;0;354390;4;40;3;0;10;;2;0;;0;0;0;;0;0;1;0;0;0;0;0;0;1;8291227888;;2082888;;;0;0;2;6;;0;3;0;43;HM35439001N202107.DTS;;;0.0;0.0;0.0;0.0;0.0;0;;;;;;;;;;0;0;0;0;0;0;0;0;0;;Câncer de Mama;13500120;-22.4034331;-47.5729776;Consolação;Rua 13;BrasilAPI;40;2021;1147.41
354390;2021;7;1;56384183000140.0;3521116819572;1;13504011;354390;19470609;3;0;0;0;0;0;0;0;0;0;1;1;415020050;415020050;1637.38;917.27;0.0;0.0;0.0;0.0;0.0;0.0;0.0;0.0;0.0;2554.65;0.0;497.01;20210625;20210626;C508;0;12;0;3999;1;0;0;354390;4;74;1;0;10;;1;0;;0;0;0;;0;0;1;0;0;0;0;0;0;0;0;;2082888;;;0;0;3;6;;0;1;0;29;HM35439001N202107.DTS;;;0.0;0.0;0.0;0.0;0.0;0;C506;;;;;;;;;1;0;0;0;0;0;0;0;0;;Câncer de Mama;13504011;-22.41139;-47.56139;Vila Saibreiro;Rua Saibreiro 2;BrasilAPI;74;2021;2554.65
354390;2021;7;1;56384183000140.0;3521116824038;1;13504097;354390;19680914;3;0;0;0;0;0;0;0;0;0;0;1;416120059;416120059;1353.44;732.69;0.0;0.0;0.0;0.0;0.0;0.0;0.0;0.0;0.0;2086.13;0.0;405.86;20210701;20210701;C501;0;12;0;3999;1;0;0;354390;4;52;0;0;10;;2;0;;0;0;0;;0;0;1;0;0;0;0;0;0;0;0;;2082888;;;0;0;3;6;;0;1;0;96;HM35439001N202107.DTS;;;0.0;0.0;0.0;0.0;0.0;0;I10;E039;;;;;;;;1;1;0;0;0;0;0;0;0;;Câncer de Mama;13504097;-22.41139;-47.56139;Santana;Rua 9;BrasilAPI;52;2021;2086.13
354390;2021;7;1;56384183000140.0;3521116823730;1;13506749;354390;19530420;3;0;0;0;0;0;0;0;0;0;1;1;415020050;415020050;1637.38;917.27;0.0;0.0;0.0;0.0;0.0;0.0;0.0;0.0;0.0;2554.65;0.0;497.01;20210708;20210709;C509;0;12;0;3999;1;0;0;354390;4;68;1;0;10;;1;0;;0;0;0;;0;0;1;0;0;0;0;0;0;0;0;;2082888;;;0;0;3;6;;0;1;0;92;HM35439001N202107.DTS;;;0.0;0.0;0.0;0.0;0.0;0;C508;C501;;;;;;;;1;1;0;0;0;0;0;0;0;;Câncer de Mama;13506749;-22.41139;-47.56139;Vila Bela Vista;Rua 14 B;BrasilAPI;68;2021;2554.65
354390;2021;7;1;56384183000140.0;3521116823390;1;13500190;354390;19811001;3;0;0;0;0;0;0;0;0;0;0;1;415020050;415020050;6204.95;2713.98;0.0;0.0;0.0;0.0;0.0;0.0;0.0;0.0;0.0;8918.93;0.0;1735.2;20210707;20210707;C508;0;27;0;3999;1;0;0;354390;4;39;0;0;10;;2;0;;0;0;0;;0;0;1;0;0;0;0;0;0;1;8291227888;;2082888;;;0;0;3;6;;0;1;0;77;HM35439001N202107.DTS;;;0.0;0.0;0.0;0.0;0.0;0;C773;C509;;;;;;;;1;1;0;0;0;0;0;0;0;;Câncer de Mama;13500190;-22.41139;-47.56139;Zona Central;Rua 6;BrasilAPI;39;2021;8918.93
354390;2021;7;1;56384183000140.0;3521116823400;1;13500190;354390;19811001;3;0;0;0;0;0;0;0;0;0;0;1;410010090;410010090;339.02;140.02;0.0;0.0;0.0;0.0;0.0;0.0;0.0;0.0;0.0;479.04;0.0;93.19;20210707;20210708;C508;0;12;0;3999;1;0;0;354390;4;39;1;0;10;;2;0;;0;0;0;;0;0;1;0;0;0;0;0;0;1;8291227888;;2082888;;;0;0;2;6;;0;1;0;78;HM35439001N202107.DTS;;;0.0;0.0;0.0;0.0;0.0;0;;;;;;;;;;0;0;0;0;0;0;0;0;0;;Câncer de Mama;13500190;-22.41139;-47.56139;Zona Central;Rua 6;BrasilAPI;39;2021;479.04
354390;2021;7;1;56384183000140.0;3521116823422;1;13504361;354390;19710612;3;0;0;0;0;0;0;0;0;0;0;1;415020050;415020050;1588.6;917.27;0.0;0.0;0.0;0.0;0.0;0.0;0.0;0.0;0.0;2505.87;0.0;487.52;20210701;20210702;C508;0;12;0;3999;1;0;0;354390;4;50;1;0;10;;2;0;;0;0;0;;0;0;1;0;0;0;0;0;0;0;0;;2082888;;;0;0;3;6;;0;1;0;80;HM35439001N202107.DTS;;;0.0;0.0;0.0;0.0;0.0;0;C506;;;;;;;;;1;0;0;0;0;0;0;0;0;;Câncer de Mama;13504361;-22.41139;-47.56139;Parque Universitário;Rua 17;BrasilAPI;50;2021;2505.87
354390;2021;8;1;56384183000140.0;3521118022565;1;13501388;354390;19590915;3;0;0;0;0;0;0;0;0;0;0;1;415020050;415020050;1914.84;917.27;0.0;0.0;0.0;0.0;0.0;0.0;0.0;0.0;0.0;2832.11;0.0;521.56;20210819;20210820;C501;0;12;0;3999;1;0;0;354390;4;61;1;0;10;;2;0;;0;0;0;;0;0;1;0;0;0;0;0;0;0;0;;2082888;;;0;0;3;6;;0;1;0;122;HM35439001N202108.DTS;;;0.0;0.0;0.0;0.0;0.0;0;;;;;;;;;;0;0;0;0;0;0;0;0;0;;Câncer de Mama;13501388;-22.41139;-47.56139;Estádio;Rua 22 BE;BrasilAPI;61;2021;2832.11
354390;2021;8;1;56384183000140.0;3521118018803;1;13504712;354390;19811024;3;0;0;0;0;0;0;0;0;0;0;1;415020050;415020050;1914.84;917.27;0.0;0.0;0.0;0.0;0.0;0.0;0.0;0.0;0.0;2832.11;0.0;521.56;20210729;20210730;C501;0;12;0;3999;1;0;0;354390;4;39;1;0;10;;1;0;;0;0;0;;0;0;1;0;0;0;0;0;0;0;0;;2082888;;;0;0;3;6;;0;3;0;33;HM35439001N202108.DTS;;;0.0;0.0;0.0;0.0;0.0;0;;;;;;;;;;0;0;0;0;0;0;0;0;0;;Câncer de Mama;13504712;-22.41139;-47.56139;Jardim Santa Maria;Rua 16;BrasilAPI;39;2021;2832.11
354390;2021;8;1;56384183000140.0;3521118020651;1;13506194;354390;19750205;3;0;0;0;0;0;0;0;0;0;0;1;415020050;415020050;1914.84;917.27;0.0;0.0;0.0;0.0;0.0;0.0;0.0;0.0;0.0;2832.11;0.0;521.56;20210812;20210813;C508;0;12;0;3999;1;0;0;354390;4;46;1;0;10;;1;0;;0;0;0;;0;0;1;0;0;0;0;0;0;0;0;;2082888;;;0;0;3;6;;0;1;0;73;HM35439001N202108.DTS;;;0.0;0.0;0.0;0.0;0.0;0;C501;;;;;;;;;1;0;0;0;0;0;0;0;0;;Câncer de Mama;13506194;-22.41139;-47.56139;Parque Mãe Preta;Rua 24 MP;BrasilAPI;46;2021;2832.11
354390;2021;12;1;56384183000140.0;3521127390418;1;13504361;354390;19650819;3;0;0;0;0;0;0;0;0;0;0;1;416120059;416120059;1332.7;732.69;0.0;0.0;0.0;0.0;0.0;0.0;0.0;0.0;0.0;2065.39;0.0;386.05;20211125;20211126;C508;0;12;0;3999;1;0;0;354390;4;56;1;0;10;;2;0;;0;0;0;;0;0;1;0;0;0;0;0;0;0;0;;2082888;;;0;0;3;6;;0;1;0;665;HM35439001N202112.DTS;;;0.0;0.0;0.0;0.0;0.0;0;;;;;;;;;;0;0;0;0;0;0;0;0;0;;Câncer de Mama;13504361;-22.41139;-47.56139;Parque Universitário;Rua 17;BrasilAPI;56;2021;2065.39
354390;2021;12;1;56384183000140.0;3521127393102;1;13504070;354390;19570720;3;0;0;0;0;0;0;0;0;0;1;1;416020240;416020240;1736.65;184.58;0.0;0.0;0.0;0.0;0.0;0.0;0.0;0.0;0.0;1921.23;0.0;359.1;20211118;20211119;C506;0;12;0;3999;1;0;0;354390;4;64;1;0;10;;2;0;;0;0;0;;0;0;1;0;0;0;0;0;0;0;0;;2082888;;;0;0;3;6;;0;1;0;738;HM35439001N202112.DTS;;;0.0;0.0;0.0;0.0;0.0;0;;;;;;;;;;0;0;0;0;0;0;0;0;0;;Câncer de Mama;13504070;-22.41139;-47.56139;Jardim Portugal;Avenida 52;BrasilAPI;64;2021;1921.23
354390;2021;12;1;56384183000140.0;3521127392299;1;13503007;354390;19810318;3;0;0;0;0;0;0;0;0;0;0;1;415020050;415020050;2082.18;1284.69;0.0;0.0;0.0;0.0;0.0;0.0;0.0;0.0;0.0;3366.87;0.0;629.32;20211117;20211118;C508;0;12;0;3999;1;0;0;354390;4;40;1;0;10;;1;0;;0;0;0;;0;0;1;0;0;0;0;0;0;0;0;;2082888;;;0;0;3;6;;0;1;0;705;HM35439001N202112.DTS;;;0.0;0.0;0.0;0.0;0.0;0;C505;N648;;;;;;;;1;1;0;0;0;0;0;0;0;;Câncer de Mama;13503007;-22.41139;-47.56139;Jardim São Paulo;Rua 22;BrasilAPI;40;2021;3366.87
354390;2021;12;1;56384183000140.0;3521127396413;1;13505420;354390;19430716;3;0;0;0;0;0;0;0;0;0;0;1;406020078;406020078;319.44;109.2;0.0;0.0;0.0;0.0;0.0;0.0;0.0;0.0;0.0;428.64;0.0;80.11;20211223;20211223;C509;0;51;0;3999;1;0;0;354390;4;78;0;0;10;;2;0;;0;0;0;;0;0;1;0;0;0;0;0;0;0;0;;2082888;;;0;0;3;6;;0;1;0;851;HM35439001N202112.DTS;;;0.0;0.0;0.0;0.0;0.0;0;I10;;;;;;;;;1;0;0;0;0;0;0;0;0;;Câncer de Mama;13505420;-22.41139;-47.56139;Jardim Ipanema (Expansão);Avenida M 31;BrasilAPI;78;2021;428.64
354390;2021;12;1;56384183000140.0;3521127396424;1;13505420;354390;19430716;3;0;0;0;0;0;0;0;0;0;0;1;406020078;406020078;319.44;109.2;0.0;0.0;0.0;0.0;0.0;0.0;0.0;0.0;0.0;428.64;0.0;80.11;20211227;20211228;C509;0;12;0;3999;1;0;0;354390;4;78;1;0;10;;1;0;;0;0;0;;0;0;1;0;0;0;0;0;0;0;0;;2082888;;;0;0;3;6;;0;1;0;852;HM35439001N202112.DTS;;;0.0;0.0;0.0;0.0;0.0;0;I10;;;;;;;;;1;0;0;0;0;0;0;0;0;;Câncer de Mama;13505420;-22.41139;-47.56139;Jardim Ipanema (Expansão);Avenida M 31;BrasilAPI;78;2021;428.64
354390;2021;12;1;56384183000140.0;3521127392673;1;13504092;354390;19480404;3;0;0;0;0;0;0;0;0;0;1;1;415020050;415020050;1678.16;917.27;0.0;0.0;0.0;0.0;0.0;0.0;0.0;0.0;0.0;2595.43;0.0;485.12;20211209;20211210;C509;0;12;0;3999;1;0;0;354390;4;73;1;0;10;;1;0;;0;0;0;;0;0;1;0;0;0;0;0;0;0;0;;2082888;;;0;0;3;6;;0;1;0;718;HM35439001N202112.DTS;;;0.0;0.0;0.0;0.0;0.0;0;C778;;;;;;;;;1;0;0;0;0;0;0;0;0;;Câncer de Mama;13504092;-22.41139;-47.56139;Vila Operária;Rua 4;BrasilAPI;73;2021;2595.43
354390;2021;12;1;56384183000140.0;3521127395775;1;13506557;354390;19660404;3;0;0;0;0;0;0;0;0;0;0;1;406020221;406020221;322.72;248.35;0.0;0.0;0.0;0.0;0.0;0.0;0.0;0.0;0.0;571.07;0.0;106.74;20211230;20211231;C508;0;12;0;3999;1;0;0;354390;4;55;1;0;10;;1;0;;0;0;0;;0;0;1;0;0;0;0;0;0;0;0;;2082888;;;0;0;2;6;;0;1;0;826;HM35439001N202112.DTS;;;0.0;0.0;0.0;0.0;0.0;0;;;;;;;;;;0;0;0;0;0;0;0;0;0;;Câncer de Mama;13506557;-22.41139;-47.56139;Vila Nova;Rua 13 A;BrasilAPI;55;2021;571.07
354390;2021;12;1;56384183000140.0;3521127391562;1;13503661;354390;19700612;3;0;0;0;0;0;0;0;0;0;0;1;415020050;415020050;1670.16;917.27;0.0;0.0;0.0;0.0;0.0;0.0;0.0;0.0;0.0;2587.43;0.0;483.63;20211202;20211203;C508;0;12;0;3999;1;0;0;354390;4;51;1;0;10;;1;0;;0;0;0;;0;0;1;0;0;0;0;0;0;0;0;;2082888;;;0;0;3;6;;0;3;0;680;HM35439001N202112.DTS;;;0.0;0.0;0.0;0.0;0.0;0;C506;;;;;;;;;1;0;0;0;0;0;0;0;0;;Câncer de Mama;13503661;-22.41139;-47.56139;Novo Jardim Wenzel;Rua 2 JW;BrasilAPI;51;2021;2587.43
354390;2021;12;1;56384183000140.0;3521127394268;1;13504361;354390;19710612;3;0;0;0;0;0;0;0;0;0;0;1;406020078;406020078;319.44;109.2;0.0;0.0;0.0;0.0;0.0;0.0;0.0;0.0;0.0;428.64;0.0;80.11;20211221;20211221;C509;0;12;0;3999;1;0;0;354390;4;50;0;0;10;;2;0;;0;0;0;;0;0;1;0;0;0;0;0;0;0;0;;2082888;;;0;0;3;6;;0;1;0;782;HM35439001N202112.DTS;;;0.0;0.0;0.0;0.0;0.0;0;;;;;;;;;;0;0;0;0;0;0;0;0;0;;Câncer de Mama;13504361;-22.41139;-47.56139;Parque Universitário;Rua 17;BrasilAPI;50;2021;428.64
354390;2021;12;1;56384183000140.0;3521127391420;1;13503505;354390;19771124;3;0;0;0;0;0;0;0;0;0;0;1;410010111;410010111;266.87;212.13;0.0;0.0;0.0;0.0;0.0;0.0;0.0;0.0;0.0;479.0;0.0;89.53;20211202;20211203;C508;0;12;0;3999;1;0;0;354390;4;44;1;0;10;;2;0;;0;0;0;;0;0;1;0;0;0;0;0;0;0;0;;2082888;;;0;0;2;6;;0;1;0;675;HM35439001N202112.DTS;;;0.0;0.0;0.0;0.0;0.0;0;;;;;;;;;;0;0;0;0;0;0;0;0;0;;Câncer de Mama;13503505;-22.4166901;-47.587278;Jardim Centenário;Avenida 8 JC;BrasilAPI;44;2021;479.0
354390;2021;12;3;56384183000140.0;3521129879410;1;13508534;354390;19540213;3;0;0;0;0;0;0;0;0;0;5;6;304100021;304100021;342.3;65.14;0.0;0.0;0.0;0.0;0.0;0.0;0.0;0.0;0.0;407.44;0.0;76.15;20211209;20211214;C509;0;27;0;3999;1;0;0;354390;4;67;5;0;10;;2;0;;0;0;0;;0;0;1;0;0;0;0;0;0;1;8291227888;;2082888;;;0;0;2;6;;0;1;0;1207;HM35439001N202112.DTS;;;0.0;0.0;0.0;0.0;0.0;0;;;;;;;;;;0;0;0;0;0;0;0;0;0;;Câncer de Mama;13508534;-22.41139;-47.56139;Vila di Napoli (Ajapi);Avenida 15 Ajapi;BrasilAPI;67;2021;407.44
354390;2022;2;1;56384183000140.0;3522106336309;1;13501390;354390;19841028;3;0;0;0;0;0;0;0;0;0;0;1;415020050;415020050;2196.24;917.27;0.0;0.0;0.0;0.0;0.0;0.0;0.0;0.0;0.0;3113.51;0.0;658.24;20220203;20220204;C508;0;12;0;3999;1;0;0;354390;4;37;1;0;10;;1;0;;0;0;0;;0;0;1;0;0;0;0;0;0;0;0;;2082888;;;0;0;3;6;;0;1;0;34;HM35439001N202202.DTS;;;0.0;0.0;0.0;0.0;0.0;0;C506;;;;;;;;;1;0;0;0;0;0;0;0;0;;Câncer de Mama;13501390;-22.41139;-47.56139;Estádio;Avenida 23;BrasilAPI;37;2022;3113.51
354390;2022;2;1;56384183000140.0;3522106337046;1;13505373;354390;19761213;3;0;0;0;0;0;0;0;0;0;0;1;415020050;415020050;2703.96;917.27;0.0;0.0;0.0;0.0;0.0;0.0;0.0;0.0;0.0;3621.23;0.0;765.58;20220210;20220211;C509;0;12;0;3999;1;0;0;354390;4;45;1;0;10;;1;0;;0;0;0;;0;0;1;0;0;0;0;0;0;0;0;;2082888;;;0;0;3;6;;0;1;0;48;HM35439001N202202.DTS;;;0.0;0.0;0.0;0.0;0.0;0;C501;C508;;;;;;;;1;1;0;0;0;0;0;0;0;;Câncer de Mama;13505373;-22.41139;-47.56139;Parque das Indústrias;Rua M 17;BrasilAPI;45;2022;3621.23
354390;2022;2;3;56384183000140.0;3522106334770;1;13506873;354390;19650321;3;0;0;0;0;0;0;0;0;0;0;9;304100013;304100013;452.24;65.2;0.0;0.0;0.0;0.0;0.0;0.0;0.0;0.0;0.0;517.44;0.0;109.39;20220129;20220206;C509;0;27;0;3999;1;0;0;354390;4;56;8;0;10;;2;0;;0;0;0;;0;0;1;0;0;0;0;0;0;0;0;;2082888;;;0;0;2;6;;0;1;0;346;HM35439001N202202.DTS;;;0.0;0.0;0.0;0.0;0.0;0;C719;C798;;;;;;;;1;1;0;0;0;0;0;0;0;;Câncer de Mama;13506873;-22.41139;-47.56139;Jardim Conduta;Rua P 3A;BrasilAPI;56;2022;517.44
354390;2022;2;1;56384183000140.0;3522106334769;1;13506662;354390;19620226;3;0;0;0;0;0;0;0;0;0;0;4;415020050;415020050;3386.64;1216.97;0.0;0.0;0.0;0.0;0.0;0.0;0.0;0.0;0.0;4603.61;0.0;973.27;20220127;20220131;C506;0;12;0;3999;1;0;0;354390;4;59;4;0;10;;1;0;;0;0;0;;0;0;1;0;0;0;0;0;0;0;0;;2082888;;;0;0;3;6;;0;1;0;14;HM35439001N202202.DTS;;;0.0;0.0;0.0;0.0;0.0;0;C773;;;;;;;;;1;0;0;0;0;0;0;0;0;;Câncer de Mama;13506662;-22.41139;-47.56139;Vila Alemã;Rua 5 A;BrasilAPI;59;2022;4603.61
354390;2022;2;1;56384183000140.0;3522106330435;1;13505008;354390;19700622;3;0;0;0;0;0;0;0;0;0;0;1;415020050;415020050;2703.96;917.27;0.0;0.0;0.0;0.0;0.0;0.0;0.0;0.0;0.0;3621.23;0.0;765.58;20220120;20220121;C508;0;12;0;3999;1;0;0;354390;4;51;1;0;10;;1;0;;0;0;0;;0;0;1;0;0;0;0;0;0;0;0;;2082888;;;0;0;3;6;;0;1;0;8;HM35439001N202202.DTS;;;0.0;0.0;0.0;0.0;0.0;0;C501;;;;;;;;;1;0;0;0;0;0;0;0;0;;Câncer de Mama;13505008;-22.41139;-47.56139;Jardim Floridiana;Avenida M 31;BrasilAPI;51;2022;3621.23
354390;2022;1;1;56384183000140.0;3522106330303;1;13505584;354390;19880103;3;0;0;0;0;0;0;0;0;0;0;1;415020050;415020050;1710.94;917.27;0.0;0.0;0.0;0.0;0.0;0.0;0.0;0.0;0.0;2628.21;0.0;512.32;20220120;20220121;C508;0;12;0;3999;1;0;0;354390;4;34;1;0;10;;2;0;;0;0;0;;0;0;1;0;0;0;0;0;0;0;0;;2082888;;;0;0;3;6;;0;1;0;600;HM35439001N202201.DTS;;;0.0;0.0;0.0;0.0;0.0;0;C501;;;;;;;;;1;0;0;0;0;0;0;0;0;;Câncer de Mama;13505584;-22.41139;-47.56139;Residencial Bosques de Rio Claro;Avenida 10 BRC;BrasilAPI;34;2022;2628.21
354390;2022;1;1;56384183000140.0;3522106330380;1;13500210;354390;19671227;3;0;0;0;0;0;0;0;0;0;0;1;415010012;415010012;1247.16;323.73;0.0;0.0;0.0;0.0;0.0;0.0;0.0;0.0;0.0;1570.89;0.0;306.21;20220118;20220119;C508;0;12;0;3999;1;0;0;354390;4;54;1;0;10;;1;0;;0;0;0;;0;0;1;0;0;0;0;0;0;0;0;;2082888;;;0;0;2;6;;0;1;0;603;HM35439001N202201.DTS;;;0.0;0.0;0.0;0.0;0.0;0;N648;;;;;;;;;1;0;0;0;0;0;0;0;0;;Câncer de Mama;13500210;-22.41139;-47.56139;Zona Central;Rua 8;BrasilAPI;54;2022;1570.89
354390;2022;1;1;56384183000140.0;3522106330105;1;13506134;354390;19631130;3;0;0;0;0;0;0;0;0;0;0;1;415020050;415020050;2352.84;1216.97;0.0;0.0;0.0;0.0;0.0;0.0;0.0;0.0;0.0;3569.81;0.0;695.86;20220120;20220121;C508;0;12;0;3999;1;0;0;354390;4;58;1;0;10;;1;0;;0;0;0;;0;0;1;0;0;0;0;0;0;0;0;;2082888;;;0;0;3;6;;0;1;0;593;HM35439001N202201.DTS;;;0.0;0.0;0.0;0.0;0.0;0;C773;;;;;;;;;1;0;0;0;0;0;0;0;0;;Câncer de Mama;13506134;-22.41139;-47.56139;Conjunto Residencial Vila Verde;Rua 3 RV;BrasilAPI;58;2022;3569.81
354390;2022;1;1;56384183000140.0;3522106334318;1;13500470;354390;19371104;3;0;0;0;0;0;0;0;0;0;0;1;415020050;415020050;2484.08;1216.97;0.0;0.0;0.0;0.0;0.0;0.0;0.0;0.0;0.0;3701.05;0.0;721.45;20220127;20220128;C509;0;12;0;3999;1;0;0;354390;4;84;1;0;10;;1;0;;0;0;0;;0;0;1;0;0;0;0;0;0;0;0;;2082888;;;0;0;3;6;;0;1;0;629;HM35439001N202201.DTS;;;0.0;0.0;0.0;0.0;0.0;0;C773;;;;;;;;;1;0;0;0;0;0;0;0;0;;Câncer de Mama;13500470;-22.41139;-47.56139;Centro;Avenida 14;BrasilAPI;84;2022;3701.05
354390;2022;1;1;56384183000140.0;3522106334483;1;13506810;354390;19810123;3;0;0;0;0;0;0;0;0;0;0;2;409060216;409060216;439.56;151.86;0.0;0.0;0.0;0.0;0.0;0.0;0.0;0.0;0.0;591.42;0.0;115.28;20220126;20220128;C508;0;12;0;3999;1;0;0;354390;4;41;2;0;10;;2;0;;0;0;0;;0;0;1;0;0;0;0;0;0;0;0;;2082888;;;0;0;2;6;;0;3;0;633;HM35439001N202201.DTS;;;0.0;0.0;0.0;0.0;0.0;0;;;;;;;;;;0;0;0;0;0;0;0;0;0;;Câncer de Mama;13506810;-22.41139;-47.56139;Cidade Nova;Rua 2 B;BrasilAPI;41;2022;591.42
353870;2022;4;3;54384631000261.0;3522109082404;1;13502115;354390;19520126;3;0;0;0;0;0;0;0;0;0;1;1;301060088;301060088;56.74;16.22;0.0;0.0;0.0;0.0;0.0;0.0;0.0;0.0;0.0;72.96;0.0;15.45;20220406;20220407;C500;0;12;0;3999;1;0;0;353870;4;70;1;0;10;;1;0;;0;0;0;;0;0;1;0;0;0;0;0;0;0;0;;2087057;;;0;0;2;6;;0;1;0;573;HM35387001N202204.DTS;;;0.0;0.0;0.0;0.0;0.0;0;R529;;;;;;;;;2;0;0;0;0;0;0;0;0;;Câncer de Mama;13502115;-22.41139;-47.56139;Jardim Residencial das Palmeiras;Rua 6 JP;BrasilAPI;70;2022;72.96
354390;2022;4;1;56384183000140.0;3522111531015;1;13505380;354390;19560315;3;0;0;0;0;0;0;0;0;0;1;1;415020050;415020050;1678.16;917.27;0.0;0.0;0.0;0.0;0.0;0.0;0.0;0.0;0.0;2595.43;0.0;549.87;20220407;20220408;C508;0;12;0;3999;1;0;0;354390;4;66;1;0;10;;1;0;;0;0;0;;0;0;1;0;0;0;0;0;0;0;0;;2082888;;;0;0;3;6;;0;3;0;643;HM35439001N202204.DTS;;;0.0;0.0;0.0;0.0;0.0;0;C501;;;;;;;;;1;0;0;0;0;0;0;0;0;;Câncer de Mama;13505380;-22.41139;-47.56139;Parque das Indústrias;Avenida M 25;BrasilAPI;66;2022;2595.43
354390;2022;4;1;56384183000140.0;3522111529530;1;13500576;354390;19450427;3;0;0;0;0;0;0;0;0;0;1;1;415020050;415020050;2004.4;917.27;0.0;0.0;0.0;0.0;0.0;0.0;0.0;0.0;0.0;2921.67;0.0;618.99;20220331;20220401;C508;0;12;0;3999;1;0;0;354390;4;76;1;0;10;;1;0;;0;0;0;;0;0;1;0;0;0;0;0;14;1;8291227888;;2082888;;;0;0;3;6;;0;1;0;616;HM35439001N202204.DTS;;;0.0;0.0;0.0;0.0;0.0;0;C501;;;;;;;;;1;0;0;0;0;0;0;0;0;;Câncer de Mama;13500576;-22.41139;-47.56139;Santana;Avenida 28;BrasilAPI;76;2022;2921.67
354390;2022;4;1;56384183000140.0;3522111535305;1;13504300;354390;19580307;3;0;0;0;0;0;0;0;0;0;1;1;415020050;415020050;1678.16;917.27;0.0;0.0;0.0;0.0;0.0;0.0;0.0;0.0;0.0;2595.43;0.0;549.87;20220428;20220429;C501;0;12;0;3999;1;0;0;354390;4;64;1;0;10;;2;0;;0;0;0;;0;0;1;0;0;0;0;0;0;0;0;;2082888;;;0;0;3;6;;0;1;0;782;HM35439001N202204.DTS;;;0.0;0.0;0.0;0.0;0.0;0;;;;;;;;;;0;0;0;0;0;0;0;0;0;;Câncer de Mama;13504300;-22.41139;-47.56139;Jardim Wenzel;Rua 22;BrasilAPI;64;2022;2595.43
354390;2022;4;1;56384183000140.0;3522111531730;1;13505294;354390;19460107;3;0;0;0;0;0;0;0;0;0;1;1;415020050;415020050;1727.84;917.27;0.0;0.0;0.0;0.0;0.0;0.0;0.0;0.0;0.0;2645.11;0.0;560.4;20220414;20220415;C508;0;12;0;3999;1;0;0;354390;4;76;1;0;10;;1;0;;0;0;0;;0;0;1;0;0;0;0;0;0;0;0;;2082888;;;0;0;3;6;;0;1;0;665;HM35439001N202204.DTS;;;0.0;0.0;0.0;0.0;0.0;0;C501;;;;;;;;;1;0;0;0;0;0;0;0;0;;Câncer de Mama;13505294;-22.41139;-47.56139;Jardim Cherveson;Rua M 17A;BrasilAPI;76;2022;2645.11
354390;2022;5;1;56384183000140.0;3522111538000;1;13505373;354390;19761213;3;0;0;0;0;0;0;0;0;0;0;2;406020078;406020078;319.44;109.2;0.0;0.0;0.0;0.0;0.0;0.0;0.0;0.0;0.0;428.64;0.0;81.95;20220502;20220504;C509;0;12;0;3999;1;0;0;354390;4;45;2;0;10;;1;0;;0;0;0;;0;0;1;0;0;0;0;0;0;0;0;;2082888;;;0;0;3;6;;0;1;0;743;HM35439001N202205.DTS;;;0.0;0.0;0.0;0.0;0.0;0;;;;;;;;;;0;0;0;0;0;0;0;0;0;;Câncer de Mama;13505373;-22.41139;-47.56139;Parque das Indústrias;Rua M 17;BrasilAPI;45;2022;428.64
354390;2022;5;1;56384183000140.0;3522111538737;1;13506557;354390;19680218;3;0;0;0;0;0;0;0;0;0;0;1;416120059;416120059;1507.38;732.69;0.0;0.0;0.0;0.0;0.0;0.0;0.0;0.0;0.0;2240.07;0.0;428.31;20220512;20220512;C508;0;12;0;3999;1;0;0;354390;4;54;0;0;10;;1;0;;0;0;0;;0;0;1;0;0;0;0;0;0;0;0;;2082888;;;0;0;3;6;;0;3;0;766;HM35439001N202205.DTS;;;0.0;0.0;0.0;0.0;0.0;0;;;;;;;;;;0;0;0;0;0;0;0;0;0;;Câncer de Mama;13506557;-22.41139;-47.56139;Vila Nova;Rua 13 A;BrasilAPI;54;2022;2240.07
354390;2022;6;3;56384183000140.0;3522117377867;1;13508524;354390;19540726;3;0;0;0;0;0;0;0;0;0;0;6;304100021;304100021;302.3;65.14;0.0;0.0;0.0;0.0;0.0;0.0;0.0;0.0;0.0;367.44;0.0;70.93;20220623;20220628;C509;0;27;0;3999;1;0;0;354390;4;67;5;0;10;;2;0;;0;0;0;;0;0;1;0;0;0;0;0;0;1;8291227888;;2082888;;;0;0;2;6;;0;1;0;516;HM35439001N202206.DTS;;;0.0;0.0;0.0;0.0;0.0;0;S825;V877;S826;;;;;;;1;1;1;0;0;0;0;0;0;;Câncer de Mama;13508524;-22.41139;-47.56139;Nova Ajapi (Ajapi);Avenida 5 Ajapi;BrasilAPI;67;2022;367.44
354390;2022;6;1;56384183000140.0;3522117375678;1;13503538;354390;19380302;3;0;0;0;0;0;0;0;0;0;1;1;416120059;416120059;1515.38;732.69;0.0;0.0;0.0;0.0;0.0;0.0;0.0;0.0;0.0;2248.07;0.0;433.99;20220623;20220624;C508;0;12;0;3999;1;0;0;354390;4;84;1;0;10;;2;0;;0;0;0;;0;0;1;0;0;0;0;0;0;0;0;;2082888;;;0;0;3;6;;0;1;0;175;HM35439001N202206.DTS;;;0.0;0.0;0.0;0.0;0.0;0;;;;;;;;;;0;0;0;0;0;0;0;0;0;;Câncer de Mama;13503538;-22.41139;-47.56139;Jardim Paulista;Rua Doutor Francisco José Feliciano de Camargo;BrasilAPI;84;2022;2248.07
354390;2022;6;3;56384183000140.0;3522117373698;1;13506825;354390;19601224;3;0;0;0;0;0;0;0;0;0;16;16;304100013;304100021;1864.57;111.1;0.0;0.0;0.0;0.0;0.0;0.0;0.0;0.0;0.0;1975.67;0.0;381.4;20220611;20220626;C509;0;41;0;3999;1;0;0;354390;4;61;15;1;10;;2;0;;0;0;0;;0;0;1;0;0;0;0;0;0;1;8291227888;;2082888;;;0;0;2;6;;0;1;0;429;HM35439001N202206.DTS;;;0.0;0.0;0.0;0.0;0.0;0;C793;Z515;;;;;;;;1;1;0;0;0;0;0;0;0;;Câncer de Mama;13506825;-22.41139;-47.56139;Vila Paulista;Avenida P 13;BrasilAPI;61;2022;1975.67
354390;2022;6;3;56384183000140.0;3522117377119;1;13504000;354390;19790605;3;0;0;0;0;0;0;0;0;0;0;7;304100021;304100021;468.4;80.14;0.0;0.0;0.0;0.0;0.0;0.0;0.0;0.0;0.0;548.54;0.0;105.89;20220609;20220616;C509;0;12;0;3999;1;0;0;354390;4;43;7;0;10;;2;0;;0;0;0;;0;0;1;0;0;0;0;0;0;0;0;;2082888;;;0;0;2;6;;0;1;0;501;HM35439001N202206.DTS;;;0.0;0.0;0.0;0.0;0.0;0;C787;C795;;;;;;;;1;1;0;0;0;0;0;0;0;;Câncer de Mama;13504000;-22.41139;-47.56139;Vila Saibreiro;Rua Saibreiro 1;BrasilAPI;43;2022;548.54
354390;2022;6;1;56384183000140.0;3522117372015;1;13504269;354390;19410705;3;0;0;0;0;0;0;0;0;0;0;1;416120059;416120059;1221.92;732.69;0.0;0.0;0.0;0.0;0.0;0.0;0.0;0.0;0.0;1954.61;0.0;377.33;20220602;20220602;C508;0;12;0;3999;1;0;0;354390;4;80;0;0;10;;2;0;;0;0;0;;0;0;1;0;0;0;0;0;0;0;0;;2082888;;;0;0;3;6;;0;1;0;74;HM35439001N202206.DTS;;;0.0;0.0;0.0;0.0;0.0;0;R54;;;;;;;;;1;0;0;0;0;0;0;0;0;;Câncer de Mama;13504269;-22.41139;-47.56139;Jardim Bela Vista;Avenida 42;BrasilAPI;80;2022;1954.61
354390;2022;6;1;56384183000140.0;3522117375910;1;13506181;354390;19700921;3;0;0;0;0;0;0;0;0;0;0;1;410010073;410010073;2189.7;367.42;0.0;0.0;0.0;0.0;0.0;0.0;0.0;0.0;0.0;2557.12;0.0;493.65;20220627;20220627;C509;0;12;0;3999;1;0;0;354390;4;51;0;0;10;;1;0;;0;0;0;;0;0;1;0;0;0;0;0;0;0;0;;2082888;;;0;0;2;6;;0;1;0;186;HM35439001N202206.DTS;;;0.0;0.0;0.0;0.0;0.0;0;E149;;;;;;;;;1;0;0;0;0;0;0;0;0;;Câncer de Mama;13506181;-22.41139;-47.56139;Parque Mãe Preta;Rua 11 MP;BrasilAPI;51;2022;2557.12
354390;2022;6;1;56384183000140.0;3522117377042;1;13500240;354390;19530808;3;0;0;0;0;0;0;0;0;0;1;1;415020050;415020050;1759.72;917.27;0.0;0.0;0.0;0.0;0.0;0.0;0.0;0.0;0.0;2676.99;0.0;516.79;20220623;20220624;C508;0;12;0;3999;1;0;0;354390;4;68;1;0;10;;1;0;;0;0;0;;0;0;1;0;0;0;0;0;0;0;0;;2082888;;;0;0;3;6;;0;1;0;215;HM35439001N202206.DTS;;;0.0;0.0;0.0;0.0;0.0;0;C501;;;;;;;;;1;0;0;0;0;0;0;0;0;;Câncer de Mama;13500240;-22.41139;-47.56139;Centro;Rua 11;BrasilAPI;68;2022;2676.99
354390;2022;6;1;56384183000140.0;3522117373775;1;13500550;354390;19581208;3;0;0;0;0;0;0;0;0;0;1;1;415020050;415020050;1678.16;917.27;0.0;0.0;0.0;0.0;0.0;0.0;0.0;0.0;0.0;2595.43;0.0;501.04;20220602;20220603;C508;0;12;0;3999;1;0;0;354390;4;63;1;0;10;;1;0;;0;0;0;;0;0;1;0;0;0;0;0;0;0;0;;2082888;;;0;0;3;6;;0;1;0;102;HM35439001N202206.DTS;;;0.0;0.0;0.0;0.0;0.0;0;C501;;;;;;;;;1;0;0;0;0;0;0;0;0;;Câncer de Mama;13500550;-22.41139;-47.56139;Vila Aparecida;Avenida 30;BrasilAPI;63;2022;2595.43
354390;2022;6;1;56384183000140.0;3522117376877;1;13506480;354390;19580501;3;0;0;0;0;0;0;0;0;0;0;1;415020050;415020050;1751.72;917.27;0.0;0.0;0.0;0.0;0.0;0.0;0.0;0.0;0.0;2668.99;0.0;515.24;20220623;20220624;C501;0;12;0;3999;1;0;0;354390;4;64;1;0;10;;1;0;;0;0;0;;0;0;1;0;0;0;0;0;0;0;0;;2082888;;;0;0;3;6;;0;3;0;209;HM35439001N202206.DTS;;;0.0;0.0;0.0;0.0;0.0;0;;;;;;;;;;0;0;0;0;0;0;0;0;0;;Câncer de Mama;13506480;-22.41139;-47.56139;Vila Cristina;Avenida 64 A;BrasilAPI;64;2022;2668.99
354390;2022;6;1;56384183000140.0;3522117372675;1;13504727;354390;19710531;3;0;0;0;0;0;0;0;0;0;0;1;415020050;415020050;1914.84;917.27;0.0;0.0;0.0;0.0;0.0;0.0;0.0;0.0;0.0;2832.11;0.0;546.73;20220526;20220527;C501;0;12;0;3999;1;0;0;354390;4;50;1;0;10;;1;0;;0;0;0;;0;0;1;0;0;0;0;0;0;0;0;;2082888;;;0;0;3;6;;0;1;0;88;HM35439001N202206.DTS;;;0.0;0.0;0.0;0.0;0.0;0;;;;;;;;;;0;0;0;0;0;0;0;0;0;;Câncer de Mama;13504727;-22.41139;-47.56139;Jardim Santa Maria;Avenida 76;BrasilAPI;50;2022;2832.11
354390;2022;6;1;56384183000140.0;3522117377449;1;13504000;354390;19790605;3;0;0;0;0;0;0;0;0;0;0;1;406020078;406020078;319.44;109.2;0.0;0.0;0.0;0.0;0.0;0.0;0.0;0.0;0.0;428.64;0.0;82.74;20220627;20220627;C509;0;12;0;3999;1;0;0;354390;4;43;0;0;10;;2;0;;0;0;0;;0;0;1;0;0;0;0;0;0;0;0;;2082888;;;0;0;3;6;;0;1;0;229;HM35439001N202206.DTS;;;0.0;0.0;0.0;0.0;0.0;0;;;;;;;;;;0;0;0;0;0;0;0;0;0;;Câncer de Mama;13504000;-22.41139;-47.56139;Vila Saibreiro;Rua Saibreiro 1;BrasilAPI;43;2022;428.64
354390;2022;6;3;56384183000140.0;3522117381233;1;13506825;354390;19601224;3;0;0;0;0;0;0;0;0;0;8;9;304100013;304100013;897.84;65.2;0.0;0.0;0.0;0.0;0.0;0.0;0.0;0.0;0.0;963.04;0.0;185.91;20220603;20220611;C509;0;27;0;3999;1;0;0;354390;4;61;8;0;10;;2;0;;0;0;0;;0;0;1;0;0;0;0;0;0;1;8291227888;;2082888;;;0;0;2;6;;0;1;0;526;HM35439001N202206.DTS;;;0.0;0.0;0.0;0.0;0.0;0;C793;Z515;;;;;;;;1;1;0;0;0;0;0;0;0;;Câncer de Mama;13506825;-22.41139;-47.56139;Vila Paulista;Avenida P 13;BrasilAPI;61;2022;963.04
354390;2022;6;1;56384183000140.0;3522117372620;1;13501060;354390;19721005;3;0;0;0;0;0;0;0;0;0;0;1;416020240;416020240;584.07;184.58;0.0;0.0;0.0;0.0;0.0;0.0;0.0;0.0;0.0;768.65;0.0;148.38;20220526;20220527;C501;0;12;0;3999;1;0;0;354390;4;49;1;0;10;;1;0;;0;0;0;;0;0;1;0;0;0;0;0;0;0;0;;2082888;;;0;0;3;6;;0;3;0;86;HM35439001N202206.DTS;;;0.0;0.0;0.0;0.0;0.0;0;;;;;;;;;;0;0;0;0;0;0;0;0;0;;Câncer de Mama;13501060;-22.41139;-47.56139;Cidade Jardim;Rua 5 CJ;BrasilAPI;49;2022;768.65
353870;2022;11;3;54384631000261.0;3522127328467;1;13506770;354390;19831013;3;0;0;0;0;0;0;0;0;0;0;1;301060088;301060088;48.74;16.22;0.0;0.0;0.0;0.0;0.0;0.0;0.0;0.0;0.0;64.96;0.0;12.46;20221103;20221103;C504;0;12;0;3999;1;0;0;353870;4;39;0;0;10;;1;0;;0;0;0;;0;0;1;0;0;0;0;0;0;0;0;;2087057;;;0;0;2;6;;0;1;0;1378;HM35387001N202211.DTS;;;0.0;0.0;0.0;0.0;0.0;0;R529;;;;;;;;;2;0;0;0;0;0;0;0;0;;Câncer de Mama;13506770;-22.41139;-47.56139;Cidade Nova;Avenida 4 A;BrasilAPI;39;2022;64.96
354390;2022;11;1;56384183000140.0;3522130712408;1;13504824;354390;19640402;3;0;0;0;0;0;0;0;0;0;0;1;416120040;416120040;998.83;540.59;0.0;0.0;0.0;0.0;0.0;0.0;0.0;0.0;0.0;1539.42;0.0;295.47;20221124;20221125;C508;0;12;0;3999;1;0;0;354390;4;58;1;0;10;;2;0;;0;0;0;;0;0;1;0;0;0;0;0;0;0;0;;2082888;;;0;0;3;6;;0;3;0;147;HM35439001N202211.DTS;;;0.0;0.0;0.0;0.0;0.0;0;I10;E149;;;;;;;;1;1;0;0;0;0;0;0;0;;Câncer de Mama;13504824;-22.41139;-47.56139;Jardim Araucária;Rua 5;BrasilAPI;58;2022;1539.42
354390;2022;11;1;56384183000140.0;3522127751604;1;13501410;354390;19760128;3;0;0;0;0;0;0;0;0;0;0;1;415020050;415020050;1914.84;917.27;0.0;0.0;0.0;0.0;0.0;0.0;0.0;0.0;0.0;2832.11;0.0;543.59;20221107;20221108;C508;0;12;0;3999;1;0;0;354390;4;46;1;0;10;;1;0;;0;0;0;;0;0;1;0;0;0;0;0;0;0;0;;2082888;;;0;0;3;6;;0;1;0;55;HM35439001N202211.DTS;;;0.0;0.0;0.0;0.0;0.0;0;C501;;;;;;;;;1;0;0;0;0;0;0;0;0;;Câncer de Mama;13501410;-22.41139;-47.56139;Estádio;Avenida 27;BrasilAPI;46;2022;2832.11
354390;2022;11;1;56384183000140.0;3522127751747;1;13502100;354390;19451019;3;0;0;0;0;0;0;0;0;0;0;1;415020050;415020050;2352.84;1216.97;0.0;0.0;0.0;0.0;0.0;0.0;0.0;0.0;0.0;3569.81;0.0;685.18;20221110;20221111;C509;0;12;0;3999;1;0;0;354390;4;77;1;0;10;;2;0;;0;0;0;;0;0;1;0;0;0;0;0;0;0;0;;2082888;;;0;0;3;6;;0;1;0;60;HM35439001N202211.DTS;;;0.0;0.0;0.0;0.0;0.0;0;;;;;;;;;;0;0;0;0;0;0;0;0;0;;Câncer de Mama;13502100;-22.41139;-47.56139;Jardim Residencial das Palmeiras;Avenida dos Costas;BrasilAPI;77;2022;3569.81
354390;2022;11;1;56384183000140.0;3522127752803;1;13505511;354390;19600225;3;0;0;0;0;0;0;0;0;0;0;1;415020050;415020050;1914.84;917.27;0.0;0.0;0.0;0.0;0.0;0.0;0.0;0.0;0.0;2832.11;0.0;543.59;20221110;20221111;C508;0;12;0;3999;1;0;0;354390;4;62;1;0;10;;2;0;;0;0;0;;0;0;1;0;0;0;0;0;0;0;0;;2082888;;;0;0;3;6;;0;1;0;84;HM35439001N202211.DTS;;;0.0;0.0;0.0;0.0;0.0;0;;;;;;;;;;0;0;0;0;0;0;0;0;0;;Câncer de Mama;13505511;-22.41139;-47.56139;Residencial das Flores;Avenida M 55;BrasilAPI;62;2022;2832.11
354390;2022;11;1;56384183000140.0;3522127753045;1;13500570;354390;19560919;3;0;0;0;0;0;0;0;0;0;1;1;415020050;415020050;1922.84;917.27;0.0;0.0;0.0;0.0;0.0;0.0;0.0;0.0;0.0;2840.11;0.0;545.12;20221117;20221118;C509;0;12;0;3999;1;0;0;354390;4;66;1;0;10;;1;0;;0;0;0;;0;0;1;0;0;0;0;0;0;0;0;;2082888;;;0;0;3;6;;0;1;0;92;HM35439001N202211.DTS;;;0.0;0.0;0.0;0.0;0.0;0;E149;C508;C501;;;;;;;1;1;1;0;0;0;0;0;0;;Câncer de Mama;13500570;-22.41139;-47.56139;Santana;Rua Samambaia;BrasilAPI;66;2022;2840.11
354390;2022;11;1;56384183000140.0;3522130715499;1;13506833;354390;19790608;3;0;0;0;0;0;0;0;0;0;0;1;415020050;415020050;2080.07;1100.98;0.0;0.0;0.0;0.0;0.0;0.0;0.0;0.0;0.0;3181.05;0.0;610.56;20221128;20221129;C501;0;12;0;3999;1;0;0;354390;4;43;1;0;10;;1;0;;0;0;0;;0;0;1;0;0;0;0;0;0;0;0;;2082888;;;0;0;3;6;;0;1;0;238;HM35439001N202211.DTS;;;0.0;0.0;0.0;0.0;0.0;0;N648;;;;;;;;;1;0;0;0;0;0;0;0;0;;Câncer de Mama;13506833;-22.41139;-47.56139;Vila Paulista;Avenida P 29;BrasilAPI;43;2022;3181.05
354390;2022;12;1;56384183000140.0;3522130716830;1;13502270;354390;19771009;3;0;0;0;0;0;0;0;0;0;0;1;415020050;415020050;1670.16;917.27;0.0;0.0;0.0;0.0;0.0;0.0;0.0;0.0;0.0;2587.43;0.0;508.33;20221208;20221209;C508;0;12;0;3999;1;0;0;354390;4;45;1;0;10;;1;0;;0;0;0;;0;0;1;0;0;0;0;0;0;0;0;;2082888;;;0;0;3;6;;0;1;0;97;HM35439001N202212.DTS;;;0.0;0.0;0.0;0.0;0.0;0;C506;;;;;;;;;1;0;0;0;0;0;0;0;0;;Câncer de Mama;13502270;-22.41139;-47.56139;Jardim Esmeralda;Avenida 15 JP;BrasilAPI;45;2022;2587.43
354390;2022;12;1;56384183000140.0;3522130712947;1;13502100;354390;19541002;3;0;0;0;0;0;0;0;0;0;1;1;415020050;415020050;2711.96;917.27;0.0;0.0;0.0;0.0;0.0;0.0;0.0;0.0;0.0;3629.23;0.0;713.01;20221124;20221125;C509;0;12;0;3999;1;0;0;354390;4;68;1;0;10;;2;0;;0;0;0;;0;0;1;0;0;0;0;0;0;0;0;;2082888;;;0;0;3;6;;0;1;0;39;HM35439001N202212.DTS;;;0.0;0.0;0.0;0.0;0.0;0;W999;C508;C501;;;;;;;1;1;1;0;0;0;0;0;0;;Câncer de Mama;13502100;-22.41139;-47.56139;Jardim Residencial das Palmeiras;Avenida dos Costas;BrasilAPI;68;2022;3629.23
354390;2022;12;3;56384183000140.0;3522131795292;1;13504605;354390;19490907;3;0;0;0;0;0;0;0;0;0;1;1;304100021;304100021;314.97;65.14;0.0;0.0;0.0;0.0;0.0;0.0;0.0;0.0;0.0;380.11;0.0;74.67;20221229;20221230;C508;0;15;0;3999;1;0;0;354390;4;73;1;0;10;;2;0;;0;0;0;;0;0;1;0;0;0;0;0;7;1;8291227888;;2082888;;;0;0;2;6;;0;1;0;590;HM35439001N202212.DTS;;;0.0;0.0;0.0;0.0;0.0;0;I10;E148;;;;;;;;1;1;0;0;0;0;0;0;0;;Câncer de Mama;13504605;-22.41139;-47.56139;Jardim Residencial Santa Eliza;Rua 26 SE;BrasilAPI;73;2022;380.11
354390;2022;3;1;56384183000140.0;3522111526494;1;13503658;354390;19460603;3;0;0;0;0;0;0;0;0;0;1;1;406020078;406020078;327.44;109.2;0.0;0.0;0.0;0.0;0.0;0.0;0.0;0.0;0.0;436.64;0.0;88.92;20220322;20220323;C509;0;12;0;3999;1;0;0;354390;4;75;1;0;10;;1;0;;0;0;0;;0;0;1;0;0;0;0;0;0;0;0;;2082888;;;0;0;3;6;;0;1;0;806;HM35439001N202203.DTS;;;0.0;0.0;0.0;0.0;0.0;0;;;;;;;;;;0;0;0;0;0;0;0;0;0;;Câncer de Mama;13503658;-22.41139;-47.56139;Novo Jardim Wenzel;Avenida 3 JW;BrasilAPI;75;2022;436.64
354390;2022;3;1;56384183000140.0;3522111526384;1;13500576;354390;19450427;3;0;0;0;0;0;0;0;0;0;0;1;301060070;301060070;30.47;9.91;0.0;0.0;0.0;0.0;0.0;0.0;0.0;0.0;0.0;40.38;0.0;8.22;20220303;20220303;C508;0;12;0;3999;1;0;0;354390;4;76;0;0;10;;2;0;;0;0;0;;0;0;1;0;0;0;0;0;0;0;0;;2082888;;;0;0;2;6;;0;1;0;802;HM35439001N202203.DTS;;;0.0;0.0;0.0;0.0;0.0;0;J189;I10;;;;;;;;1;1;0;0;0;0;0;0;0;;Câncer de Mama;13500576;-22.41139;-47.56139;Santana;Avenida 28;BrasilAPI;76;2022;40.38
354390;2022;3;1;56384183000140.0;3522106342909;1;13501060;354390;19721005;3;0;0;0;0;0;0;0;0;0;0;1;416120040;416120040;1524.91;540.59;0.0;0.0;0.0;0.0;0.0;0.0;0.0;0.0;0.0;2065.5;0.0;420.67;20220317;20220318;C508;0;12;0;3999;1;0;0;354390;4;49;1;0;10;;1;0;;0;0;0;;0;0;1;0;0;0;0;0;0;0;0;;2082888;;;0;0;3;6;;0;3;0;730;HM35439001N202203.DTS;;;0.0;0.0;0.0;0.0;0.0;0;;;;;;;;;;0;0;0;0;0;0;0;0;0;;Câncer de Mama;13501060;-22.41139;-47.56139;Cidade Jardim;Rua 5 CJ;BrasilAPI;49;2022;2065.5
354390;2022;3;1;56384183000140.0;3522111526956;1;13505260;354390;19750219;3;0;0;0;0;0;0;0;0;0;0;1;415020050;415020050;2703.96;917.27;0.0;0.0;0.0;0.0;0.0;0.0;0.0;0.0;0.0;3621.23;0.0;737.52;20220310;20220311;C509;0;12;0;3999;1;0;0;354390;4;47;1;0;10;;1;0;;0;0;0;;0;0;1;0;0;0;0;0;0;0;0;;2082888;;;0;0;3;6;;0;1;0;819;HM35439001N202203.DTS;;;0.0;0.0;0.0;0.0;0.0;0;C508;C506;;;;;;;;1;1;0;0;0;0;0;0;0;;Câncer de Mama;13505260;-22.41139;-47.56139;Jardim Independência;Rua M 11;BrasilAPI;47;2022;3621.23
354390;2022;3;3;56384183000140.0;3522106341040;1;13505300;354390;19760829;3;0;0;0;0;0;0;0;0;0;0;4;304100021;304100021;302.3;65.14;0.0;0.0;0.0;0.0;0.0;0.0;0.0;0.0;0.0;367.44;0.0;74.83;20220227;20220302;C508;0;41;0;3999;1;0;0;354390;4;45;3;1;10;;2;0;;0;0;0;;0;0;1;0;0;0;0;0;0;0;0;;2082888;;;0;0;2;6;;0;1;0;1081;HM35439001N202203.DTS;;;0.0;0.0;0.0;0.0;0.0;0;C790;R17;;;;;;;;1;1;0;0;0;0;0;0;0;;Câncer de Mama;13505300;-22.3830334;-47.5715026;Jardim Cherveson;Rua M 19;BrasilAPI;45;2022;367.44
354390;2022;3;3;56384183000140.0;3522106341259;1;13506873;354390;19650321;3;0;0;0;0;0;0;0;0;0;0;25;304100013;304100021;1457.13;130.93;0.0;0.0;0.0;0.0;0.0;0.0;0.0;0.0;0.0;1588.06;0.0;323.43;20220206;20220302;C509;0;41;0;3999;1;0;0;354390;4;56;24;1;10;;2;0;;0;0;0;;0;0;1;0;0;0;0;0;0;0;0;;2082888;;;0;0;2;6;;0;1;0;1083;HM35439001N202203.DTS;;;0.0;0.0;0.0;0.0;0.0;0;C719;C798;;;;;;;;1;1;0;0;0;0;0;0;0;;Câncer de Mama;13506873;-22.41139;-47.56139;Jardim Conduta;Rua P 3A;BrasilAPI;56;2022;1588.06
354390;2022;3;1;56384183000140.0;3522106341237;1;13505577;354390;19650502;3;0;0;0;0;0;0;0;0;0;0;1;415020050;415020050;2663.18;917.27;0.0;0.0;0.0;0.0;0.0;0.0;0.0;0.0;0.0;3580.45;0.0;729.21;20220224;20220225;C509;0;12;0;3999;1;0;0;354390;4;56;1;0;10;;2;0;;0;0;0;;0;0;1;0;0;0;0;0;0;0;0;;2082888;;;0;0;3;6;;0;2;0;682;HM35439001N202203.DTS;;;0.0;0.0;0.0;0.0;0.0;0;I10;E149;;;;;;;;1;1;0;0;0;0;0;0;0;;Câncer de Mama;13505577;-22.41139;-47.56139;Residencial Bosques de Rio Claro;Rua 8 BRC;BrasilAPI;56;2022;3580.45
354390;2022;3;1;56384183000140.0;3522106337200;1;13505500;354390;19610817;3;0;0;0;0;0;0;0;0;0;1;1;415020050;415020050;1678.16;917.27;0.0;0.0;0.0;0.0;0.0;0.0;0.0;0.0;0.0;2595.43;0.0;528.6;20220210;20220211;C508;0;12;0;3999;1;0;0;354390;4;60;1;0;10;;2;0;;0;0;0;;0;0;1;0;0;0;0;0;0;0;0;;2082888;;;0;0;3;6;;0;1;0;651;HM35439001N202203.DTS;;;0.0;0.0;0.0;0.0;0.0;0;C501;E109;;;;;;;;1;1;0;0;0;0;0;0;0;;Câncer de Mama;13505500;-22.378656;-47.5771463;Jardim Residencial São José;Rua 7;AwesomeAPI;60;2022;2595.43
354390;2022;3;3;56384183000140.0;3522111526439;1;13505420;354390;19430716;3;0;0;0;0;0;0;0;0;0;7;7;304100021;304100021;627.05;65.14;0.0;0.0;0.0;0.0;0.0;0.0;0.0;0.0;0.0;692.19;0.0;140.97;20220309;20220316;C509;0;12;0;3999;1;0;0;354390;4;78;7;0;10;;2;0;;0;0;0;;0;0;1;0;0;0;0;0;0;0;0;;2082888;;;0;0;2;6;;0;1;0;1138;HM35439001N202203.DTS;;;0.0;0.0;0.0;0.0;0.0;0;I64;Z515;;;;;;;;1;1;0;0;0;0;0;0;0;;Câncer de Mama;13505420;-22.41139;-47.56139;Jardim Ipanema (Expansão);Avenida M 31;BrasilAPI;78;2022;692.19
354390;2022;3;1;56384183000140.0;3522106338641;1;13500430;354390;19790605;3;0;0;0;0;0;0;0;0;0;0;1;415020050;415020050;2484.08;1216.97;0.0;0.0;0.0;0.0;0.0;0.0;0.0;0.0;0.0;3701.05;0.0;753.77;20220217;20220218;C509;0;12;0;3999;1;0;0;354390;4;42;1;0;10;;2;0;;0;0;0;;0;0;1;0;0;0;0;0;0;0;0;;2082888;;;0;0;3;6;;0;1;0;655;HM35439001N202203.DTS;;;0.0;0.0;0.0;0.0;0.0;0;C773;;;;;;;;;1;0;0;0;0;0;0;0;0;;Câncer de Mama;13500430;-22.41139;-47.56139;Centro;Avenida 6;BrasilAPI;42;2022;3701.05
354390;2022;3;1;56384183000140.0;3522106339730;1;13505011;354390;19461224;3;0;0;0;0;0;0;0;0;0;0;1;415020050;415020050;1670.16;917.27;0.0;0.0;0.0;0.0;0.0;0.0;0.0;0.0;0.0;2587.43;0.0;526.97;20220217;20220218;C508;0;12;0;3999;1;0;0;354390;4;75;1;0;10;;2;0;;0;0;0;;0;0;1;0;0;0;0;0;0;0;0;;2082888;;;0;0;3;6;;0;1;0;658;HM35439001N202203.DTS;;;0.0;0.0;0.0;0.0;0.0;0;C501;;;;;;;;;1;0;0;0;0;0;0;0;0;;Câncer de Mama;13505011;-22.41139;-47.56139;Jardim Floridiana;Avenida M 37;BrasilAPI;75;2022;2587.43
354390;2022;3;1;56384183000140.0;3522106342458;1;13505260;354390;19700601;3;0;0;0;0;0;0;0;0;0;0;1;415020050;415020050;1842.18;917.27;0.0;0.0;0.0;0.0;0.0;0.0;0.0;0.0;0.0;2759.45;0.0;562.0;20220224;20220225;C509;0;12;0;3999;1;0;0;354390;4;51;1;0;10;;2;0;;0;0;0;;0;0;1;0;0;0;0;0;0;0;0;;2082888;;;0;0;3;6;;0;3;0;713;HM35439001N202203.DTS;;;0.0;0.0;0.0;0.0;0.0;0;C501;I10;;;;;;;;1;1;0;0;0;0;0;0;0;;Câncer de Mama;13505260;-22.41139;-47.56139;Jardim Independência;Rua M 11;BrasilAPI;51;2022;2759.45
354390;2022;9;3;56384183000140.0;3522122293239;1;13503751;354390;19470831;3;0;0;0;0;0;0;0;0;0;2;2;304100021;304100021;466.27;65.14;0.0;0.0;0.0;0.0;0.0;0.0;0.0;0.0;0.0;531.41;0.0;101.22;20220913;20220915;C508;0;12;0;3999;1;0;0;354390;4;75;2;0;10;;2;0;;0;0;0;;0;0;1;0;0;0;0;0;0;0;0;;2082888;;;0;0;2;6;;0;1;0;1192;HM35439001N202209.DTS;;;0.0;0.0;0.0;0.0;0.0;0;;;;;;;;;;0;0;0;0;0;0;0;0;0;;Câncer de Mama;13503751;-22.41139;-47.56139;Jardim Rio Claro;Rua 21;BrasilAPI;75;2022;531.41
354390;2022;9;1;56384183000140.0;3522122293481;1;13505008;354390;19691012;3;0;0;0;0;0;0;0;0;0;0;1;416120059;416120059;1221.92;732.69;0.0;0.0;0.0;0.0;0.0;0.0;0.0;0.0;0.0;1954.61;0.0;372.3;20220922;20220923;C508;0;12;0;3999;1;0;0;354390;4;52;1;0;10;;1;0;;0;0;0;;0;0;1;0;0;0;0;0;0;0;0;;2082888;;;0;0;3;6;;0;1;0;811;HM35439001N202209.DTS;;;0.0;0.0;0.0;0.0;0.0;0;I10;;;;;;;;;1;0;0;0;0;0;0;0;0;;Câncer de Mama;13505008;-22.41139;-47.56139;Jardim Floridiana;Avenida M 31;BrasilAPI;52;2022;1954.61
354390;2022;9;1;56384183000140.0;3522122293723;1;13504821;354390;19700113;3;0;0;0;0;0;0;0;0;0;0;1;415020050;415020050;3386.64;1216.97;0.0;0.0;0.0;0.0;0.0;0.0;0.0;0.0;0.0;4603.61;0.0;876.87;20220922;20220923;C501;0;12;0;3999;1;0;0;354390;4;52;1;0;10;;1;0;;0;0;0;;0;0;1;0;0;0;0;0;0;0;0;;2082888;;;0;0;3;6;;0;1;0;818;HM35439001N202209.DTS;;;0.0;0.0;0.0;0.0;0.0;0;C773;;;;;;;;;1;0;0;0;0;0;0;0;0;;Câncer de Mama;13504821;-22.41139;-47.56139;Jardim Araucária;Rua 2;BrasilAPI;52;2022;4603.61
354390;2022;9;1;56384183000140.0;3522122291160;1;13504400;354390;19610910;3;0;0;0;0;0;0;0;0;0;1;1;415020050;415020050;1678.16;917.27;0.0;0.0;0.0;0.0;0.0;0.0;0.0;0.0;0.0;2595.43;0.0;494.36;20220915;20220916;C508;0;12;0;3999;1;0;0;354390;4;61;1;0;10;;1;0;;0;0;0;;0;0;1;0;0;0;0;0;0;0;0;;2082888;;;0;0;3;6;;0;1;0;753;HM35439001N202209.DTS;;;0.0;0.0;0.0;0.0;0.0;0;C502;;;;;;;;;1;0;0;0;0;0;0;0;0;;Câncer de Mama;13504400;-22.41139;-47.56139;Parque Universitário;Avenida 52;BrasilAPI;61;2022;2595.43
354390;2022;10;3;56384183000140.0;3522127747292;1;13506720;354390;19810918;3;0;0;0;0;0;0;0;0;0;0;8;304100021;304100021;475.09;65.14;0.0;0.0;0.0;0.0;0.0;0.0;0.0;0.0;0.0;540.23;0.0;102.12;20221010;20221018;C509;0;12;0;3999;1;0;0;354390;4;41;8;0;10;;2;0;;0;0;0;;0;0;1;0;0;0;0;0;0;1;8291227888;;2082888;;;0;0;2;6;;0;1;0;447;HM35439001N202210.DTS;;;0.0;0.0;0.0;0.0;0.0;0;A159;J180;;;;;;;;1;1;0;0;0;0;0;0;0;;Câncer de Mama;13506720;-22.41139;-47.56139;Vila Indaiá;Avenida 16 A;BrasilAPI;41;2022;540.23
354390;2022;10;1;56384183000140.0;3522127746632;1;13503003;354390;19610603;3;0;0;0;0;0;0;0;0;0;1;1;415020050;415020050;1718.94;917.27;0.0;0.0;0.0;0.0;0.0;0.0;0.0;0.0;0.0;2636.21;0.0;498.33;20221020;20221021;C501;0;12;0;3999;1;0;0;354390;4;61;1;0;10;;1;0;;0;0;0;;0;0;1;0;0;0;0;0;0;0;0;;2082888;;;0;0;3;6;;0;1;0;106;HM35439001N202210.DTS;;;0.0;0.0;0.0;0.0;0.0;0;C506;;;;;;;;;1;0;0;0;0;0;0;0;0;;Câncer de Mama;13503003;-22.41139;-47.56139;Jardim São Paulo;Rua 18;BrasilAPI;61;2022;2636.21
354390;2022;10;3;56384183000140.0;3522127747281;1;13506720;354390;19810918;3;0;0;0;0;0;0;0;0;0;0;8;304100013;304100013;302.24;65.2;0.0;0.0;0.0;0.0;0.0;0.0;0.0;0.0;0.0;367.44;0.0;69.45;20221003;20221010;C509;0;27;0;3999;1;0;0;354390;4;41;7;0;10;;2;0;;0;0;0;;0;0;1;0;0;0;0;0;0;1;8291227888;;2082888;;;0;0;2;6;;0;1;0;446;HM35439001N202210.DTS;;;0.0;0.0;0.0;0.0;0.0;0;A159;J180;C780;;;;;;;1;1;1;0;0;0;0;0;0;;Câncer de Mama;13506720;-22.41139;-47.56139;Vila Indaiá;Avenida 16 A;BrasilAPI;41;2022;367.44
354390;2022;10;1;56384183000140.0;3522127747480;1;13501050;354390;19400624;3;0;0;0;0;0;0;0;0;0;1;1;415020050;415020050;2492.08;1216.97;0.0;0.0;0.0;0.0;0.0;0.0;0.0;0.0;0.0;3709.05;0.0;701.14;20221013;20221014;C508;0;12;0;3999;1;0;0;354390;4;82;1;0;10;;1;0;;0;0;0;;0;0;1;0;0;0;0;0;0;0;0;;2082888;;;0;0;3;6;;0;1;0;141;HM35439001N202210.DTS;;;0.0;0.0;0.0;0.0;0.0;0;D486;;;;;;;;;1;0;0;0;0;0;0;0;0;;Câncer de Mama;13501050;-22.41139;-47.56139;Cidade Jardim;Rua 4 CJ;BrasilAPI;82;2022;3709.05
354390;2022;10;1;56384183000140.0;3522127744509;1;13506090;354390;19810907;3;0;0;0;0;0;0;0;0;0;0;1;415020050;415020050;1629.38;917.27;0.0;0.0;0.0;0.0;0.0;0.0;0.0;0.0;0.0;2546.65;0.0;481.4;20221006;20221007;C508;0;12;0;3999;1;0;0;354390;4;41;1;0;10;;1;0;;0;0;0;;0;0;1;0;0;0;0;0;0;0;0;;2082888;;;0;0;3;6;;0;1;0;55;HM35439001N202210.DTS;;;0.0;0.0;0.0;0.0;0.0;0;C501;;;;;;;;;1;0;0;0;0;0;0;0;0;;Câncer de Mama;13506090;-22.41139;-47.56139;Conjunto Habitacional Arco-Íris (Cecap);Avenida 76 AC;BrasilAPI;41;2022;2546.65
354390;2022;10;3;56384183000140.0;3522127745774;1;13506430;354390;19431106;3;0;0;0;0;0;0;0;0;0;2;2;304100021;304100021;318.3;65.14;0.0;0.0;0.0;0.0;0.0;0.0;0.0;0.0;0.0;383.44;0.0;72.48;20221003;20221004;C509;0;41;0;3999;1;0;0;354390;4;78;1;1;10;;2;0;;0;0;0;;0;0;1;0;0;0;0;0;0;0;0;;2082888;;;0;0;2;6;;0;3;0;386;HM35439001N202210.DTS;;;0.0;0.0;0.0;0.0;0.0;0;I10;;;;;;;;;1;0;0;0;0;0;0;0;0;;Câncer de Mama;13506430;-22.41139;-47.56139;Vila São Miguel;Avenida 74 A;BrasilAPI;78;2022;383.44
354390;2023;2;1;56384183000140.0;3523106186974;1;13502763;354390;19810518;3;0;0;0;0;0;0;0;0;0;0;2;415020050;415020050;2484.08;1216.97;0.0;0.0;0.0;0.0;0.0;0.0;0.0;0.0;0.0;3701.05;0.0;729.99;20230208;20230210;C509;0;12;0;3999;1;0;0;354390;4;41;2;0;10;;1;0;;0;0;0;;0;0;1;0;0;0;0;0;0;0;0;;2082888;;;0;0;3;6;;0;3;0;152;HM35439001N202302.DTS;;;0.0;0.0;0.0;0.0;0.0;0;C773;;;;;;;;;1;0;0;0;0;0;0;0;0;;Câncer de Mama;13502763;-22.41139;-47.56139;Jardim Novo II;Rua 19 JN;BrasilAPI;41;2023;3701.05
354390;2023;2;1;56384183000140.0;3523106187205;1;13504824;354390;19640402;3;0;0;0;0;0;0;0;0;0;0;1;406020078;406020078;319.44;109.2;0.0;0.0;0.0;0.0;0.0;0.0;0.0;0.0;0.0;428.64;0.0;84.54;20230214;20230215;C509;0;12;0;3999;1;0;0;354390;4;58;1;0;10;;1;0;;0;0;0;;0;0;1;0;0;0;0;0;0;0;0;;2082888;;;0;0;3;6;;0;3;0;155;HM35439001N202302.DTS;;;0.0;0.0;0.0;0.0;0.0;0;I10;E149;;;;;;;;1;1;0;0;0;0;0;0;0;;Câncer de Mama;13504824;-22.41139;-47.56139;Jardim Araucária;Rua 5;BrasilAPI;58;2023;428.64
354390;2023;2;1;56384183000140.0;3523106184268;1;13506460;354390;19890520;3;0;0;0;0;0;0;0;0;0;0;1;415020050;415020050;2484.08;1216.97;0.0;0.0;0.0;0.0;0.0;0.0;0.0;0.0;0.0;3701.05;0.0;729.99;20230202;20230203;C508;0;12;0;3999;1;0;0;354390;4;33;1;0;10;;1;0;;0;0;0;;0;0;1;0;0;0;0;0;0;0;0;;2082888;;;0;0;3;6;;0;3;0;71;HM35439001N202302.DTS;;;0.0;0.0;0.0;0.0;0.0;0;C773;;;;;;;;;1;0;0;0;0;0;0;0;0;;Câncer de Mama;13506460;-22.41139;-47.56139;Vila Cristina;Avenida 68 A;BrasilAPI;33;2023;3701.05
354390;2023;2;1;56384183000140.0;3523106180946;1;13506850;354390;19710830;3;0;0;0;0;0;0;0;0;0;0;1;415020050;415020050;2703.96;917.27;0.0;0.0;0.0;0.0;0.0;0.0;0.0;0.0;0.0;3621.23;0.0;714.24;20230126;20230127;C509;0;12;0;3999;1;0;0;354390;4;51;1;0;10;;1;0;;0;0;0;;0;0;1;0;0;0;0;0;0;0;0;;2082888;;;0;0;3;6;;0;1;0;8;HM35439001N202302.DTS;;;0.0;0.0;0.0;0.0;0.0;0;C501;;;;;;;;;1;0;0;0;0;0;0;0;0;;Câncer de Mama;13506850;-22.41139;-47.56139;Vila Paulista;Rua P 3;BrasilAPI;51;2023;3621.23
354390;2023;2;1;56384183000140.0;3523106186556;1;13500402;354390;19831126;3;0;0;0;0;0;0;0;0;0;0;1;415020050;415020050;1670.16;917.27;0.0;0.0;0.0;0.0;0.0;0.0;0.0;0.0;0.0;2587.43;0.0;510.34;20230223;20230224;C508;0;12;0;3999;1;0;0;354390;4;39;1;0;10;;2;0;;0;0;0;;0;0;1;0;0;0;0;0;0;0;0;;2082888;;;0;0;3;6;;0;1;0;138;HM35439001N202302.DTS;;;0.0;0.0;0.0;0.0;0.0;0;C506;;;;;;;;;1;0;0;0;0;0;0;0;0;;Câncer de Mama;13500402;-22.41139;-47.56139;Centro;Avenida 1;BrasilAPI;39;2023;2587.43
354390;2023;1;3;56384183000140.0;3523106180748;1;13505577;354390;19650502;3;0;0;0;0;0;0;0;0;0;0;5;304100021;304100021;422.3;65.14;0.0;0.0;0.0;0.0;0.0;0.0;0.0;0.0;0.0;487.44;0.0;93.73;20230107;20230111;C509;0;41;0;3999;1;0;0;354390;4;57;4;1;10;;2;0;;0;0;0;;0;0;1;0;0;0;0;0;0;0;0;;2082888;;;0;0;2;6;;0;2;0;518;HM35439001N202301.DTS;;;0.0;0.0;0.0;0.0;0.0;0;Z515;E148;I10;;;;;;;1;1;1;0;0;0;0;0;0;;Câncer de Mama;13505577;-22.41139;-47.56139;Residencial Bosques de Rio Claro;Rua 8 BRC;BrasilAPI;57;2023;487.44
354390;2023;1;1;56384183000140.0;3523106177734;1;13504227;354390;19610516;3;0;0;0;0;0;0;0;0;0;0;1;406020078;406020078;319.44;109.2;0.0;0.0;0.0;0.0;0.0;0.0;0.0;0.0;0.0;428.64;0.0;82.43;20230109;20230109;C509;0;12;0;3999;1;0;0;354390;4;61;0;0;10;;1;0;;0;0;0;;0;0;1;0;0;0;0;0;0;0;0;;2082888;;;0;0;3;6;;0;1;0;106;HM35439001N202301.DTS;;;0.0;0.0;0.0;0.0;0.0;0;;;;;;;;;;0;0;0;0;0;0;0;0;0;;Câncer de Mama;13504227;-22.41139;-47.56139;Jardim Azul;Rua 2 JZ;BrasilAPI;61;2023;428.64
350000;2023;12;1;49150352000112.0;3523130342699;1;13505494;354390;19590429;3;0;0;0;0;0;0;0;0;0;1;1;416020216;416020216;1763.25;581.13;0.0;0.0;0.0;0.0;0.0;0.0;0.0;0.0;0.0;2344.38;0.0;473.61;20231208;20231209;C509;0;15;0;3069;2;0;0;350550;4;64;1;0;10;;1;0;;0;0;0;;0;0;1;0;0;0;0;0;0;0;0;;2090236;;;0;0;3;6;;7104;1;0;3759;HE35000001N202312.DTS;;;0.0;0.0;0.0;0.0;0.0;0;;;;;;;;;;0;0;0;0;0;0;0;0;0;;Câncer de Mama;13505494;-22.41139;-47.56139;Residencial das Flores;Avenida M 51;BrasilAPI;64;2023;2344.38
350000;2023;12;1;46374500012281.0;3523124193358;1;13500150;354390;19761120;3;0;0;0;0;0;0;0;0;0;2;2;416120024;416120024;1942.82;1110.15;0.0;0.0;0.0;0.0;0.0;0.0;0.0;0.0;0.0;3052.97;0.0;616.76;20231225;20231227;C509;0;11;0;1023;2;0;0;355030;4;47;2;0;10;;1;0;;0;0;0;;0;0;1;0;0;0;0;0;0;0;0;;2078287;46374500000194.0;;0;0;3;6;;7104;1;0;62818;HE35000001N202312.DTS;;;0.0;0.0;0.0;0.0;0.0;0;;;;;;;;;;0;0;0;0;0;0;0;0;0;;Câncer de Mama;13500150;-22.41139;-47.56139;Centro;Rua 2;BrasilAPI;47;2023;3052.97
354390;2023;12;1;56384183000140.0;3523127849000;1;13503110;354390;19820322;3;0;0;0;0;0;0;0;0;0;0;1;415020050;415020050;1792.5;917.27;0.0;0.0;0.0;0.0;0.0;0.0;0.0;0.0;0.0;2709.77;0.0;547.42;20231207;20231208;C508;0;12;0;3999;1;0;0;354390;4;41;1;0;10;;2;0;;0;0;0;;0;0;1;0;0;0;0;0;0;0;0;;2082888;;;0;0;3;6;;0;1;0;82;HM35439001N202312.DTS;;;0.0;0.0;0.0;0.0;0.0;0;C503;;;;;;;;;1;0;0;0;0;0;0;0;0;;Câncer de Mama;13503110;-22.41139;-47.56139;Jardim Mirassol;Rua 24;BrasilAPI;41;2023;2709.77
354390;2023;12;3;56384183000140.0;3523130833937;1;13505083;354390;19730226;3;0;0;0;0;0;0;0;0;0;0;9;304100021;304100021;843.31;69.01;0.0;0.0;0.0;0.0;0.0;0.0;0.0;0.0;0.0;912.32;0.0;184.3;20231208;20231216;C509;0;41;0;3999;1;0;0;354390;4;50;8;1;10;;2;0;;0;0;0;;0;0;1;0;0;0;0;0;0;0;0;;2082888;;;0;0;2;6;;0;1;0;451;HM35439001N202312.DTS;;;0.0;0.0;0.0;0.0;0.0;0;C794;;;;;;;;;1;0;0;0;0;0;0;0;0;;Câncer de Mama;13505083;-22.41139;-47.56139;Jardim Floridiana;Rua M 5;BrasilAPI;50;2023;912.32
354390;2023;12;1;56384183000140.0;3523130834729;1;13506555;354390;19630506;3;0;0;0;0;0;0;0;0;0;1;1;415020050;415020050;1678.16;917.27;0.0;0.0;0.0;0.0;0.0;0.0;0.0;0.0;0.0;2595.43;0.0;524.32;20231221;20231222;C508;0;12;0;3999;1;0;0;354390;4;60;1;0;10;;1;0;;0;0;0;;0;0;1;0;0;0;0;0;0;0;0;;2082888;;;0;0;3;6;;0;1;0;128;HM35439001N202312.DTS;;;0.0;0.0;0.0;0.0;0.0;0;;;;;;;;;;0;0;0;0;0;0;0;0;0;;Câncer de Mama;13506555;-22.3914709;-47.5504219;Vila Nova;Rua 11 A;BrasilAPI;60;2023;2595.43
354390;2023;12;1;56384183000140.0;3523127846018;1;13502762;354390;19500410;3;0;0;0;0;0;0;0;0;0;1;1;415020050;415020050;1759.72;917.27;0.0;0.0;0.0;0.0;0.0;0.0;0.0;0.0;0.0;2676.99;0.0;540.8;20231128;20231129;C509;0;12;0;3999;1;0;0;354390;4;73;1;0;10;;2;0;;0;0;0;;0;0;1;0;0;0;0;0;0;0;0;;2082888;;;0;0;3;6;;0;3;0;9;HM35439001N202312.DTS;;;0.0;0.0;0.0;0.0;0.0;0;W999;C508;C501;;;;;;;1;1;1;0;0;0;0;0;0;;Câncer de Mama;13502762;-22.41139;-47.56139;Jardim Novo;Rua 18 JN;BrasilAPI;73;2023;2676.99
354390;2023;12;1;56384183000140.0;3523127846140;1;13502018;354390;19510327;3;0;0;0;0;0;0;0;0;0;1;1;415020050;415020050;2711.96;917.27;0.0;0.0;0.0;0.0;0.0;0.0;0.0;0.0;0.0;3629.23;0.0;733.17;20231127;20231128;C508;0;12;0;3999;1;0;0;354390;4;72;1;0;10;;1;0;;0;0;0;;0;0;1;0;0;0;0;0;0;0;0;;2082888;;;0;0;3;6;;0;1;0;10;HM35439001N202312.DTS;;;0.0;0.0;0.0;0.0;0.0;0;C501;;;;;;;;;1;0;0;0;0;0;0;0;0;;Câncer de Mama;13502018;-22.41139;-47.56139;Jardim INOCOOP;Avenida 1 JI;BrasilAPI;72;2023;3629.23
354390;2023;12;1;56384183000140.0;3523127846150;1;13500390;354390;19731012;3;0;0;0;0;0;0;0;0;0;0;1;415020050;415020050;2703.96;917.27;0.0;0.0;0.0;0.0;0.0;0.0;0.0;0.0;0.0;3621.23;0.0;731.56;20231127;20231128;C508;0;12;0;3999;1;0;0;354390;4;50;1;0;42;;2;0;;0;0;0;;0;0;1;0;0;0;0;0;0;0;0;;2082888;;;0;0;3;6;;0;1;0;11;HM35439001N202312.DTS;;;0.0;0.0;0.0;0.0;0.0;0;;;;;;;;;;0;0;0;0;0;0;0;0;0;;Câncer de Mama;13500390;-22.41139;-47.56139;Centro;Avenida 3;BrasilAPI;50;2023;3621.23
350000;2023;11;1;49150352000112.0;3523120421117;1;13505494;354390;19590429;3;0;0;0;0;0;0;0;0;0;1;1;415020050;416120032;2633.3;879.22;0.0;0.0;0.0;0.0;0.0;0.0;0.0;0.0;0.0;3512.52;0.0;725.72;20230929;20230930;C50;0;15;0;3069;2;0;0;350550;4;64;1;0;10;;1;0;;0;0;0;;0;0;1;0;0;0;0;0;0;0;0;;2090236;;;0;0;3;6;;7104;1;0;3368;HE35000001N202311.DTS;;;0.0;0.0;0.0;0.0;0.0;0;;;;;;;;;;0;0;0;0;0;0;0;0;0;;Câncer de Mama;13505494;-22.41139;-47.56139;Residencial das Flores;Avenida M 51;BrasilAPI;64;2023;3512.52
354390;2023;11;1;56384183000140.0;3523127841684;1;13500540;354390;19560201;3;0;0;0;0;0;0;0;0;0;1;1;415020050;415020050;1718.94;917.27;0.0;0.0;0.0;0.0;0.0;0.0;0.0;0.0;0.0;2636.21;0.0;544.67;20231109;20231110;C509;0;12;0;3999;1;0;0;354390;4;67;1;0;10;;1;0;;0;0;0;;0;0;1;0;0;0;0;0;0;0;0;;2082888;;;0;0;3;6;;0;1;0;691;HM35439001N202311.DTS;;;0.0;0.0;0.0;0.0;0.0;0;C501;;;;;;;;;1;0;0;0;0;0;0;0;0;;Câncer de Mama;13500540;-22.41139;-47.56139;Vila Aparecida;Avenida 28;BrasilAPI;67;2023;2636.21
354390;2023;11;1;56384183000140.0;3523123152241;1;13509676;354390;19650225;3;0;0;0;0;0;0;0;0;0;0;1;415020050;415020050;2703.96;917.27;0.0;0.0;0.0;0.0;0.0;0.0;0.0;0.0;0.0;3621.23;0.0;748.18;20231019;20231020;C509;0;12;0;3999;1;0;0;354390;4;58;1;0;10;;1;0;;0;0;0;;0;0;1;0;0;0;0;0;0;0;0;;2082888;;;0;0;3;6;;0;1;0;650;HM35439001N202311.DTS;;;0.0;0.0;0.0;0.0;0.0;0;C501;;;;;;;;;1;0;0;0;0;0;0;0;0;;Câncer de Mama;13509676;-22.41139;-47.56139;Recanto das Pedras (Assistência);Rua 6 Assistência;BrasilAPI;58;2023;3621.23
354390;2023;11;1;56384183000140.0;3523127840155;1;13504714;354390;19641110;3;0;0;0;0;0;0;0;0;0;0;1;415020050;415020050;2703.96;917.27;0.0;0.0;0.0;0.0;0.0;0.0;0.0;0.0;0.0;3621.23;0.0;748.18;20231030;20231031;C503;0;12;0;3999;1;0;0;354390;4;58;1;0;10;;1;0;;0;0;0;;0;0;1;0;0;0;0;0;0;0;0;;2082888;;;0;0;3;6;;0;3;0;663;HM35439001N202311.DTS;;;0.0;0.0;0.0;0.0;0.0;0;I10;E149;C508;C505;;;;;;1;1;1;1;0;0;0;0;0;;Câncer de Mama;13504714;-22.41139;-47.56139;Jardim Santa Maria;Rua Jacutinga;BrasilAPI;58;2023;3621.23
354390;2023;11;1;56384183000140.0;3523127843983;1;13503420;354390;19480915;3;0;0;0;0;0;0;0;0;0;1;1;415020050;415020050;3323.67;1216.97;0.0;0.0;0.0;0.0;0.0;0.0;0.0;0.0;0.0;4540.64;0.0;938.14;20231116;20231117;C509;0;12;0;3999;1;0;0;354390;4;75;1;0;10;;1;0;;0;0;0;;0;0;1;0;0;0;0;0;0;0;0;;2082888;;;0;0;3;6;;0;1;0;764;HM35439001N202311.DTS;;;0.0;0.0;0.0;0.0;0.0;0;I10;C773;;;;;;;;1;1;0;0;0;0;0;0;0;;Câncer de Mama;13503420;-22.41139;-47.56139;Consolação;Avenida 17 - de 1488/1489 ao fim;BrasilAPI;75;2023;4540.64
354390;2023;11;1;56384183000140.0;3523127844148;1;13500100;354390;19761125;3;0;0;0;0;0;0;0;0;0;0;1;415020050;415020050;1710.94;917.27;0.0;0.0;0.0;0.0;0.0;0.0;0.0;0.0;0.0;2628.21;0.0;543.01;20231116;20231117;C509;0;12;0;3999;1;0;0;354390;4;46;1;0;10;;1;0;;0;0;0;;0;0;1;0;0;0;0;0;0;0;0;;2082888;;;0;0;3;6;;0;3;0;773;HM35439001N202311.DTS;;;0.0;0.0;0.0;0.0;0.0;0;;;;;;;;;;0;0;0;0;0;0;0;0;0;;Câncer de Mama;13500100;-22.41139;-47.56139;Consolação;Rua 11;BrasilAPI;46;2023;2628.21
354390;2023;11;1;56384183000140.0;3523127841409;1;13506680;354390;19720129;3;0;0;0;0;0;0;0;0;0;0;1;415020050;415020050;1914.84;917.27;0.0;0.0;0.0;0.0;0.0;0.0;0.0;0.0;0.0;2832.11;0.0;585.14;20231106;20231107;C509;0;12;0;3999;1;0;0;354390;4;51;1;0;10;;1;0;;0;0;0;;0;0;1;0;0;0;0;0;0;0;0;;2082888;;;0;0;3;6;;0;1;0;678;HM35439001N202311.DTS;;;0.0;0.0;0.0;0.0;0.0;0;C501;;;;;;;;;1;0;0;0;0;0;0;0;0;;Câncer de Mama;13506680;-22.41139;-47.56139;Vila Alemã;Avenida 30 A;BrasilAPI;51;2023;2832.11
354390;2023;11;1;56384183000140.0;3523127841410;1;13506494;354390;19630103;3;0;0;0;0;0;0;0;0;0;1;1;416120059;416120059;1229.92;732.69;0.0;0.0;0.0;0.0;0.0;0.0;0.0;0.0;0.0;1962.61;0.0;405.49;20231109;20231110;C509;0;12;0;3999;1;0;0;354390;4;60;1;0;10;;1;0;;0;0;0;;0;0;1;0;0;0;0;0;0;0;0;;2082888;;;0;0;3;6;;0;2;0;679;HM35439001N202311.DTS;;;0.0;0.0;0.0;0.0;0.0;0;;;;;;;;;;0;0;0;0;0;0;0;0;0;;Câncer de Mama;13506494;-22.41139;-47.56139;Vila Cristina;Rua 8 A.;BrasilAPI;60;2023;1962.61
354390;2023;10;1;56384183000140.0;3523123152901;1;13506666;354390;19570214;3;0;0;0;0;0;0;0;0;0;1;1;415020050;415020050;1678.16;917.27;0.0;0.0;0.0;0.0;0.0;0.0;0.0;0.0;0.0;2595.43;0.0;526.45;20231026;20231027;C508;0;12;0;3999;1;0;0;354390;4;66;1;0;10;;1;0;;0;0;0;;0;0;1;0;0;0;0;0;0;0;0;;2082888;;;0;0;3;6;;0;2;0;907;HM35439001N202310.DTS;;;0.0;0.0;0.0;0.0;0.0;0;C501;;;;;;;;;1;0;0;0;0;0;0;0;0;;Câncer de Mama;13506666;-22.41139;-47.56139;Vila Alemã;Rua 10 A;BrasilAPI;66;2023;2595.43
354390;2023;10;1;56384183000140.0;3523127839638;1;13506176;354390;19600213;3;0;0;0;0;0;0;0;0;0;1;1;406020078;406020078;327.44;109.2;0.0;0.0;0.0;0.0;0.0;0.0;0.0;0.0;0.0;436.64;0.0;88.56;20231030;20231031;C509;0;12;0;3999;1;0;0;354390;4;63;1;0;10;;1;0;;0;0;0;;0;0;1;0;0;0;0;0;0;0;0;;2082888;;;0;0;3;6;;0;1;0;928;HM35439001N202310.DTS;;;0.0;0.0;0.0;0.0;0.0;0;I10;E148;;;;;;;;1;1;0;0;0;0;0;0;0;;Câncer de Mama;13506176;-22.41139;-47.56139;Parque Mãe Preta;Rua 6 MP;BrasilAPI;63;2023;436.64
354390;2023;10;1;56384183000140.0;3523127840100;1;13503021;354390;19780702;3;0;0;0;0;0;0;0;0;0;0;1;415020050;415020050;2703.96;917.27;0.0;0.0;0.0;0.0;0.0;0.0;0.0;0.0;0.0;3621.23;0.0;734.52;20230929;20230930;C509;0;12;0;3999;1;0;0;354390;4;45;1;0;10;;1;0;;0;0;0;;0;0;1;0;0;0;0;0;0;0;0;;2082888;;;0;0;3;6;;0;1;0;939;HM35439001N202310.DTS;;;0.0;0.0;0.0;0.0;0.0;0;C501;;;;;;;;;1;0;0;0;0;0;0;0;0;;Câncer de Mama;13503021;-22.41139;-47.56139;Jardim São Paulo;Avenida 10 B JSP;BrasilAPI;45;2023;3621.23
354390;2023;10;3;56384183000140.0;3523123151933;1;13506104;354390;19890520;3;0;0;0;0;0;0;0;0;0;0;3;304100021;304100021;356.05;107.14;0.0;0.0;0.0;0.0;0.0;0.0;0.0;0.0;0.0;463.19;0.0;93.95;20231022;20231025;C509;0;12;0;3999;1;0;0;354390;4;34;3;0;10;;2;0;;0;0;0;;0;0;1;0;0;0;0;0;0;0;0;;2082888;;;0;0;2;6;;0;3;0;1274;HM35439001N202310.DTS;;;0.0;0.0;0.0;0.0;0.0;0;W999;J90;;;;;;;;1;1;0;0;0;0;0;0;0;;Câncer de Mama;13506104;-22.41139;-47.56139;Jardim Vilage;Rua 12 JV;BrasilAPI;34;2023;463.19
354390;2023;10;1;56384183000140.0;3523123150107;1;13503658;354390;19491018;3;0;0;0;0;0;0;0;0;0;1;1;415020050;415020050;2360.84;1216.97;0.0;0.0;0.0;0.0;0.0;0.0;0.0;0.0;0.0;3577.81;0.0;725.72;20231019;20231020;C508;0;12;0;3999;1;0;0;354390;4;74;1;0;10;;1;0;;0;0;0;;0;0;1;0;0;0;0;0;0;0;0;;2082888;;;0;0;3;6;;0;3;0;831;HM35439001N202310.DTS;;;0.0;0.0;0.0;0.0;0.0;0;C773;;;;;;;;;1;0;0;0;0;0;0;0;0;;Câncer de Mama;13503658;-22.41139;-47.56139;Novo Jardim Wenzel;Avenida 3 JW;BrasilAPI;74;2023;3577.81
354390;2023;10;1;56384183000140.0;3523123150195;1;13502291;354390;19601006;3;0;0;0;0;0;0;0;0;0;1;1;415020050;415020050;2320.06;1216.97;0.0;0.0;0.0;0.0;0.0;0.0;0.0;0.0;0.0;3537.03;0.0;717.45;20231019;20231020;C508;0;12;0;3999;1;0;0;354390;4;63;1;0;10;;1;0;;0;0;0;;0;0;1;0;0;0;0;0;0;0;0;;2082888;;;0;0;3;6;;0;1;0;835;HM35439001N202310.DTS;;;0.0;0.0;0.0;0.0;0.0;0;C773;;;;;;;;;1;0;0;0;0;0;0;0;0;;Câncer de Mama;13502291;-22.41139;-47.56139;Parque Residencial Brasília;Avenida 20 BR;BrasilAPI;63;2023;3537.03
354390;2023;10;1;56384183000140.0;3523123152934;1;13506180;354390;19691220;3;0;0;0;0;0;0;0;0;0;0;1;415020050;415020050;1670.16;917.27;0.0;0.0;0.0;0.0;0.0;0.0;0.0;0.0;0.0;2587.43;0.0;524.83;20231026;20231027;C508;0;12;0;3999;1;0;0;354390;4;53;1;0;10;;1;0;;0;0;0;;0;0;1;0;0;0;0;0;0;0;0;;2082888;;;0;0;3;6;;0;2;0;908;HM35439001N202310.DTS;;;0.0;0.0;0.0;0.0;0.0;0;C501;;;;;;;;;1;0;0;0;0;0;0;0;0;;Câncer de Mama;13506180;-22.41139;-47.56139;Parque Mãe Preta;Rua 10 MP;BrasilAPI;53;2023;2587.43
354390;2023;10;1;56384183000140.0;3523123148083;1;13506899;354390;19800921;3;0;0;0;0;0;0;0;0;0;0;1;415020050;415020050;1831.4;917.27;0.0;0.0;0.0;0.0;0.0;0.0;0.0;0.0;0.0;2748.67;0.0;557.53;20231005;20231006;C509;0;12;0;3999;1;0;0;354390;4;43;1;0;10;;1;0;;0;0;0;;0;0;1;0;0;0;0;0;0;0;0;;2082888;;;0;0;3;6;;0;1;0;752;HM35439001N202310.DTS;;;0.0;0.0;0.0;0.0;0.0;0;;;;;;;;;;0;0;0;0;0;0;0;0;0;;Câncer de Mama;13506899;-22.41139;-47.56139;Jardim do Horto;Rodovia Constantine Peruchi;BrasilAPI;43;2023;2748.67
353870;2023;9;3;54384631000261.0;3523119905272;1;13506705;354390;19720423;3;0;0;0;0;0;0;0;0;0;0;1;301060088;301060088;48.74;16.22;0.0;0.0;0.0;0.0;0.0;0.0;0.0;0.0;0.0;64.96;0.0;12.86;20230921;20230921;C509;0;12;0;3999;1;0;0;353870;4;51;0;0;10;;1;0;;0;0;0;;0;0;1;0;0;0;0;0;0;0;0;;2087057;;;0;0;2;6;;0;1;0;693;HM35387001N202309.DTS;;;0.0;0.0;0.0;0.0;0.0;0;R529;;;;;;;;;2;0;0;0;0;0;0;0;0;;Câncer de Mama;13506705;-22.41139;-47.56139;Vila Indaiá;Avenida 22 A;BrasilAPI;51;2023;64.96
354390;2023;9;1;56384183000140.0;3523123139679;1;13505011;354390;19590504;3;0;0;0;0;0;0;0;0;0;1;1;416120040;416120040;2081.41;540.59;0.0;0.0;0.0;0.0;0.0;0.0;0.0;0.0;0.0;2622.0;0.0;519.2;20230814;20230815;C509;0;12;0;3999;1;0;0;354390;4;64;1;0;10;;1;0;;0;0;0;;0;0;1;0;0;0;0;0;0;0;0;;2082888;;;0;0;3;6;;0;1;0;745;HM35439001N202309.DTS;;;0.0;0.0;0.0;0.0;0.0;0;;;;;;;;;;0;0;0;0;0;0;0;0;0;;Câncer de Mama;13505011;-22.41139;-47.56139;Jardim Floridiana;Avenida M 37;BrasilAPI;64;2023;2622.0
354390;2023;9;1;56384183000140.0;3523123142044;1;13502011;354390;19740711;3;0;0;0;0;0;0;0;0;0;0;1;409060216;409060216;521.12;151.86;0.0;0.0;0.0;0.0;0.0;0.0;0.0;0.0;0.0;672.98;0.0;133.26;20230824;20230825;C508;0;12;0;3999;1;0;0;354390;4;49;1;0;10;;2;0;;0;0;0;;0;0;1;0;0;0;0;0;0;0;0;;2082888;;;0;0;2;6;;0;1;0;810;HM35439001N202309.DTS;;;0.0;0.0;0.0;0.0;0.0;0;W999;N709;;;;;;;;1;1;0;0;0;0;0;0;0;;Câncer de Mama;13502011;-22.41139;-47.56139;Jardim INOCOOP;Rua 2 JI;BrasilAPI;49;2023;672.98
354390;2023;9;1;56384183000140.0;3523123138414;1;13506660;354390;19460919;3;0;0;0;0;0;0;0;0;0;1;1;415020050;415020050;1922.84;917.27;0.0;0.0;0.0;0.0;0.0;0.0;0.0;0.0;0.0;2840.11;0.0;562.39;20230828;20230829;C508;0;12;0;3999;1;0;0;354390;4;76;1;0;10;;1;0;;0;0;0;;0;0;1;0;0;0;0;0;0;0;0;;2082888;;;0;0;3;6;;0;1;0;738;HM35439001N202309.DTS;;;0.0;0.0;0.0;0.0;0.0;0;C501;;;;;;;;;1;0;0;0;0;0;0;0;0;;Câncer de Mama;13506660;-22.41139;-47.56139;Vila Alemã;Rua 3 A;BrasilAPI;76;2023;2840.11
354390;2023;9;1;56384183000140.0;3523123138524;1;13504646;354390;19760924;3;0;0;0;0;0;0;0;0;0;0;1;415020050;415020050;1670.16;917.27;0.0;0.0;0.0;0.0;0.0;0.0;0.0;0.0;0.0;2587.43;0.0;512.36;20230831;20230901;C506;0;12;0;3999;1;0;0;354390;4;46;1;0;10;;1;0;;0;0;0;;0;0;1;0;0;0;0;0;0;0;0;;2082888;;;0;0;3;6;;0;3;0;739;HM35439001N202309.DTS;;;0.0;0.0;0.0;0.0;0.0;0;;;;;;;;;;0;0;0;0;0;0;0;0;0;;Câncer de Mama;13504646;-22.41139;-47.56139;Jardim Panorama;Avenida 60 PA;BrasilAPI;46;2023;2587.43
354390;2023;9;1;56384183000140.0;3523123143727;1;13503143;354390;19830729;3;0;0;0;0;0;0;0;0;0;0;1;415020050;415020050;1914.84;917.27;0.0;0.0;0.0;0.0;0.0;0.0;0.0;0.0;0.0;2832.11;0.0;560.81;20230918;20230919;C509;0;12;0;3999;1;0;0;354390;4;40;1;0;10;;1;0;;0;0;0;;0;0;1;0;0;0;0;0;0;0;0;;2082888;;;0;0;3;6;;0;1;0;870;HM35439001N202309.DTS;;;0.0;0.0;0.0;0.0;0.0;0;C501;;;;;;;;;1;0;0;0;0;0;0;0;0;;Câncer de Mama;13503143;-22.41139;-47.56139;Jardim Mirassol;Avenida 3;BrasilAPI;40;2023;2832.11
354390;2023;7;1;56384183000140.0;3523119585140;1;13500576;354390;19611115;3;0;0;0;0;0;0;0;0;0;1;1;415020050;415020050;1718.94;917.27;0.0;0.0;0.0;0.0;0.0;0.0;0.0;0.0;0.0;2636.21;0.0;535.81;20230710;20230711;C501;0;12;0;3999;1;0;0;354390;4;61;1;0;10;;1;0;;0;0;0;;0;0;1;0;0;0;0;0;0;0;0;;2082888;;;0;0;3;6;;0;3;0;847;HM35439001N202307.DTS;;;0.0;0.0;0.0;0.0;0.0;0;;;;;;;;;;0;0;0;0;0;0;0;0;0;;Câncer de Mama;13500576;-22.41139;-47.56139;Santana;Avenida 28;BrasilAPI;61;2023;2636.21
354390;2023;7;1;56384183000140.0;3523119588263;1;13506620;354390;19650803;3;0;0;0;0;0;0;0;0;0;0;1;415020050;415020050;1670.16;917.27;0.0;0.0;0.0;0.0;0.0;0.0;0.0;0.0;0.0;2587.43;0.0;525.9;20230727;20230728;C508;0;12;0;3999;1;0;0;354390;4;57;1;0;10;;1;0;;0;0;0;;0;0;1;0;0;0;0;0;0;0;0;;2082888;;;0;0;3;6;;0;1;0;936;HM35439001N202307.DTS;;;0.0;0.0;0.0;0.0;0.0;0;C506;;;;;;;;;1;0;0;0;0;0;0;0;0;;Câncer de Mama;13506620;-22.41139;-47.56139;Vila Alemã;Avenida 44 AB;BrasilAPI;57;2023;2587.43
354390;2023;7;1;56384183000140.0;3523119584248;1;13505010;354390;19630609;3;0;0;0;0;0;0;0;0;0;2;2;415020050;415020050;2719.96;917.27;0.0;0.0;0.0;0.0;0.0;0.0;0.0;0.0;0.0;3637.23;0.0;739.27;20230703;20230705;C508;0;12;0;3999;1;0;0;354390;4;60;2;0;10;;1;0;;0;0;0;;0;0;1;0;0;0;0;0;0;0;0;;2082888;;;0;0;3;6;;0;2;0;813;HM35439001N202307.DTS;;;0.0;0.0;0.0;0.0;0.0;0;C506;;;;;;;;;1;0;0;0;0;0;0;0;0;;Câncer de Mama;13505010;-22.41139;-47.56139;Jardim Floridiana;Avenida M 35;BrasilAPI;60;2023;3637.23
354390;2023;7;1;56384183000140.0;3523119587625;1;13505060;354390;19660629;3;0;0;0;0;0;0;0;0;0;0;1;406020078;406020078;319.44;109.2;0.0;0.0;0.0;0.0;0.0;0.0;0.0;0.0;0.0;428.64;0.0;87.12;20230724;20230724;C508;0;12;0;3999;1;0;0;354390;4;57;0;0;10;;2;0;;0;0;0;;0;0;1;0;0;0;0;0;0;0;0;;2082888;;;0;0;3;6;;0;1;0;917;HM35439001N202307.DTS;;;0.0;0.0;0.0;0.0;0.0;0;W999;;;;;;;;;1;0;0;0;0;0;0;0;0;;Câncer de Mama;13505060;-22.41139;-47.56139;Jardim Floridiana;Rua M 3;BrasilAPI;57;2023;428.64
354390;2023;7;1;56384183000140.0;3523119585612;1;13505007;354390;19440828;3;0;0;0;0;0;0;0;0;0;1;1;415020050;415020050;2360.84;1216.97;0.0;0.0;0.0;0.0;0.0;0.0;0.0;0.0;0.0;3577.81;0.0;727.19;20230713;20230714;C508;0;12;0;3999;1;0;0;354390;4;78;1;0;10;;1;0;;0;0;0;;0;0;1;0;0;0;0;0;0;0;0;;2082888;;;0;0;3;6;;0;1;0;857;HM35439001N202307.DTS;;;0.0;0.0;0.0;0.0;0.0;0;C773;;;;;;;;;1;0;0;0;0;0;0;0;0;;Câncer de Mama;13505007;-22.41139;-47.56139;Jardim Floridiana;Avenida M 29;BrasilAPI;78;2023;3577.81
354390;2023;5;1;56384183000140.0;3523114090749;1;13506775;354390;19570310;3;0;0;0;0;0;0;0;0;0;1;1;415020050;415020050;1718.94;917.27;0.0;0.0;0.0;0.0;0.0;0.0;0.0;0.0;0.0;2636.21;0.0;548.06;20230504;20230505;C508;0;12;0;3999;1;0;0;354390;4;66;1;0;10;;2;0;;0;0;0;;0;0;1;0;0;0;0;0;0;0;0;;2082888;;;0;0;3;6;;0;1;0;53;HM35439001N202305.DTS;;;0.0;0.0;0.0;0.0;0.0;0;C501;;;;;;;;;1;0;0;0;0;0;0;0;0;;Câncer de Mama;13506775;-22.41139;-47.56139;Cidade Nova;Avenida da Saúde;BrasilAPI;66;2023;2636.21
354390;2023;5;1;56384183000140.0;3523114090639;1;13503658;354390;19870409;3;0;0;0;0;0;0;0;0;0;0;1;415020050;415020050;1710.94;917.27;0.0;0.0;0.0;0.0;0.0;0.0;0.0;0.0;0.0;2628.21;0.0;546.4;20230504;20230505;C504;0;12;0;3999;1;0;0;354390;4;36;1;0;10;;2;0;;0;0;0;;0;0;1;0;0;0;0;0;0;0;0;;2082888;;;0;0;3;6;;0;1;0;48;HM35439001N202305.DTS;;;0.0;0.0;0.0;0.0;0.0;0;C509;;;;;;;;;1;0;0;0;0;0;0;0;0;;Câncer de Mama;13503658;-22.41139;-47.56139;Novo Jardim Wenzel;Avenida 3 JW;BrasilAPI;36;2023;2628.21
354390;2023;5;1;56384183000140.0;3523115864840;1;13502748;354390;19671025;3;0;0;0;0;0;0;0;0;0;0;1;415020050;415020050;1670.16;917.27;0.0;0.0;0.0;0.0;0.0;0.0;0.0;0.0;0.0;2587.43;0.0;537.92;20230525;20230526;C508;0;12;0;3999;1;0;0;354390;4;55;1;0;10;;1;0;;0;0;0;;0;0;1;0;0;0;0;0;0;0;0;;2082888;;;0;0;3;6;;0;3;0;147;HM35439001N202305.DTS;;;0.0;0.0;0.0;0.0;0.0;0;C506;;;;;;;;;1;0;0;0;0;0;0;0;0;;Câncer de Mama;13502748;-22.41139;-47.56139;Jardim Novo;Rua 8 JN;BrasilAPI;55;2023;2587.43
354390;2023;5;1;56384183000140.0;3523114091376;1;13506095;354390;19930506;3;0;0;0;0;0;0;0;0;0;0;1;415020050;415020050;2005.3;917.27;0.0;0.0;0.0;0.0;0.0;0.0;0.0;0.0;0.0;2922.57;0.0;607.6;20230508;20230509;C509;0;12;0;3999;1;0;0;354390;4;30;1;0;10;;1;0;;0;0;0;;0;0;1;0;0;0;0;0;0;0;0;;2082888;;;0;0;3;6;;0;1;0;72;HM35439001N202305.DTS;;;0.0;0.0;0.0;0.0;0.0;0;C503;;;;;;;;;1;0;0;0;0;0;0;0;0;;Câncer de Mama;13506095;-22.41139;-47.56139;Jardim Vilage;Avenida 80 A;BrasilAPI;30;2023;2922.57
354390;2023;5;3;56384183000140.0;3523115865775;1;13506160;354390;19580322;3;0;0;0;5;75;0;0;0;0;3;3;304100013;304100013;3579.51;515.2;0.0;0.0;0.0;0.0;0.0;0.0;0.0;0.0;0.0;4094.71;3000.0;851.29;20230508;20230515;C509;0;27;0;3999;1;0;0;354390;4;65;7;0;10;;2;0;;0;0;0;;0;0;1;0;0;0;0;0;0;1;8291227888;;2082888;;;0;0;2;6;;0;1;0;561;HM35439001N202305.DTS;;;0.0;0.0;0.0;0.0;0.0;0;C343;J189;;;;;;;;1;1;0;0;0;0;0;0;0;;Câncer de Mama;13506160;-22.41139;-47.56139;Parque Mãe Preta;Avenida 1 MP;BrasilAPI;65;2023;4094.71
354390;2023;5;3;56384183000140.0;3523115865786;1;13506160;354390;19580322;3;0;0;0;10;75;0;0;0;0;0;0;304100021;304100021;5925.44;1125.77;0.0;0.0;0.0;0.0;0.0;0.0;0.0;0.0;0.0;7051.21;6000.0;1465.94;20230515;20230525;C509;0;51;0;3999;1;0;0;354390;4;65;10;0;10;;2;0;;0;0;0;;0;0;1;0;0;0;0;0;0;1;8291227888;;2082888;;;0;0;2;6;;0;1;0;562;HM35439001N202305.DTS;;;0.0;0.0;0.0;0.0;0.0;0;C343;J449;;;;;;;;1;1;0;0;0;0;0;0;0;;Câncer de Mama;13506160;-22.41139;-47.56139;Parque Mãe Preta;Avenida 1 MP;BrasilAPI;65;2023;7051.21
354390;2023;6;1;56384183000140.0;3523115869042;1;13502749;354390;19730626;3;0;0;0;0;0;0;0;0;0;0;1;415020050;415020050;1670.16;917.27;0.0;0.0;0.0;0.0;0.0;0.0;0.0;0.0;0.0;2587.43;0.0;545.87;20230601;20230602;C508;0;12;0;3999;1;0;0;354390;4;49;1;0;10;;1;0;;0;0;0;;0;0;1;0;0;0;0;0;0;0;0;;2082888;;;0;0;3;6;;0;3;0;64;HM35439001N202306.DTS;;;0.0;0.0;0.0;0.0;0.0;0;C501;;;;;;;;;1;0;0;0;0;0;0;0;0;;Câncer de Mama;13502749;-22.41139;-47.56139;Jardim Novo;Rua 9 JN;BrasilAPI;49;2023;2587.43
354390;2023;6;1;56384183000140.0;3523119580882;1;13506690;354390;19790721;3;0;0;0;0;0;0;0;0;0;0;1;416120040;416120040;998.83;540.59;0.0;0.0;0.0;0.0;0.0;0.0;0.0;0.0;0.0;1539.42;0.0;324.77;20230601;20230601;C508;0;12;0;3999;1;0;0;354390;4;43;0;0;10;;1;0;;0;0;0;;0;0;1;0;0;0;0;0;0;0;0;;2082888;;;0;0;3;6;;0;1;0;190;HM35439001N202306.DTS;;;0.0;0.0;0.0;0.0;0.0;0;;;;;;;;;;0;0;0;0;0;0;0;0;0;;Câncer de Mama;13506690;-22.41139;-47.56139;Vila Alemã;Avenida 26 A;BrasilAPI;43;2023;1539.42
354390;2023;6;1;56384183000140.0;3523115871176;1;13504060;354390;19541210;3;0;0;0;0;0;0;0;0;0;1;1;415020050;415020050;1809.4;917.27;0.0;0.0;0.0;0.0;0.0;0.0;0.0;0.0;0.0;2726.67;0.0;575.24;20230615;20230616;C509;0;12;0;3999;1;0;0;354390;4;68;1;0;10;;2;0;;0;0;0;;0;0;1;0;0;0;0;0;0;0;0;;2082888;;;0;0;3;6;;0;1;0;125;HM35439001N202306.DTS;;;0.0;0.0;0.0;0.0;0.0;0;C501;;;;;;;;;1;0;0;0;0;0;0;0;0;;Câncer de Mama;13504060;-22.41139;-47.56139;Jardim Primavera;Avenida 50;BrasilAPI;68;2023;2726.67
354390;2023;6;1;56384183000140.0;3523115871253;1;13502470;354390;19620713;3;0;0;0;0;0;0;0;0;0;1;1;415020050;415020050;2360.84;1216.97;0.0;0.0;0.0;0.0;0.0;0.0;0.0;0.0;0.0;3577.81;0.0;754.81;20230615;20230616;C508;0;12;0;3999;1;0;0;354390;4;60;1;0;10;;1;0;;0;0;0;;0;0;1;0;0;0;0;0;0;0;0;;2082888;;;0;0;3;6;;0;2;0;128;HM35439001N202306.DTS;;;0.0;0.0;0.0;0.0;0.0;0;I10;;;;;;;;;1;0;0;0;0;0;0;0;0;;Câncer de Mama;13502470;-22.41139;-47.56139;Jardim Guanabara II;Avenida 9 JG;BrasilAPI;60;2023;3577.81
350000;2023;3;1;50753755000135.0;3523100813485;1;13503554;354390;19760519;3;0;0;0;0;0;0;0;0;0;0;1;416120024;416120024;2078.9;1110.15;0.0;0.0;0.0;0.0;0.0;0.0;0.0;0.0;0.0;3189.05;0.0;637.81;20230306;20230307;C501;0;12;0;3069;2;0;0;352530;4;46;1;0;10;;1;0;;0;0;0;;0;0;1;0;0;0;0;0;0;0;0;;2083086;;;0;0;3;6;;7104;3;0;55111;HE35000001N202303.DTS;;;0.0;0.0;0.0;0.0;0.0;0;;;;;;;;;;0;0;0;0;0;0;0;0;0;;Câncer de Mama;13503554;-22.41139;-47.56139;Jardim Nova Veneza;Rua 5 NV;BrasilAPI;46;2023;3189.05
354390;2023;3;1;56384183000140.0;3523114082400;1;13506494;354390;19540404;3;0;0;0;0;0;0;0;0;0;1;1;415020050;415020050;1800.5;917.27;0.0;0.0;0.0;0.0;0.0;0.0;0.0;0.0;0.0;2717.77;0.0;543.55;20230330;20230331;C508;0;12;0;3999;1;0;0;354390;4;68;1;0;10;;1;0;;0;0;0;;0;0;1;0;0;0;0;0;0;0;0;;2082888;;;0;0;3;6;;0;1;0;210;HM35439001N202303.DTS;;;0.0;0.0;0.0;0.0;0.0;0;C501;;;;;;;;;1;0;0;0;0;0;0;0;0;;Câncer de Mama;13506494;-22.41139;-47.56139;Vila Cristina;Rua 8 A.;BrasilAPI;68;2023;2717.77
354390;2023;3;1;56384183000140.0;3523106180506;1;13501430;354390;19601012;3;0;0;0;0;0;0;0;0;0;1;1;415020050;415020050;2711.96;917.27;0.0;0.0;0.0;0.0;0.0;0.0;0.0;0.0;0.0;3629.23;0.0;725.84;20230130;20230131;C509;0;12;0;3999;1;0;0;354390;4;62;1;0;10;;1;0;;0;0;0;;0;0;1;0;0;0;0;0;0;0;0;;2082888;;;0;0;3;6;;0;1;0;1;HM35439001N202303.DTS;;;0.0;0.0;0.0;0.0;0.0;0;C501;;;;;;;;;1;0;0;0;0;0;0;0;0;;Câncer de Mama;13501430;-22.41139;-47.56139;Estádio;Avenida 31;BrasilAPI;62;2023;3629.23
354390;2023;3;1;56384183000140.0;3523106183542;1;13502295;354390;19710214;3;0;0;0;0;0;0;0;0;0;0;1;416120040;416120040;2073.41;540.59;0.0;0.0;0.0;0.0;0.0;0.0;0.0;0.0;0.0;2614.0;0.0;522.8;20230202;20230202;C508;0;12;0;3999;1;0;0;354390;4;51;0;0;10;;1;0;;0;0;0;;0;0;1;0;0;0;0;0;0;0;0;;2082888;;;0;0;3;6;;0;1;0;2;HM35439001N202303.DTS;;;0.0;0.0;0.0;0.0;0.0;0;I10;;;;;;;;;1;0;0;0;0;0;0;0;0;;Câncer de Mama;13502295;-22.41139;-47.56139;Parque Residencial Brasília;Avenida 28 BR;BrasilAPI;51;2023;2614.0
354390;2023;3;1;56384183000140.0;3523110964021;1;13503505;354390;19771124;3;0;0;0;0;0;0;0;0;0;0;1;416120032;416120032;1353.16;732.69;0.0;0.0;0.0;0.0;0.0;0.0;0.0;0.0;0.0;2085.85;0.0;417.17;20230323;20230324;C509;0;12;0;3999;1;0;0;354390;4;45;1;0;10;;2;0;;0;0;0;;0;0;1;0;0;0;0;0;0;0;0;;2082888;;;0;0;3;6;;0;1;0;152;HM35439001N202303.DTS;;;0.0;0.0;0.0;0.0;0.0;0;W999;;;;;;;;;1;0;0;0;0;0;0;0;0;;Câncer de Mama;13503505;-22.4166901;-47.587278;Jardim Centenário;Avenida 8 JC;BrasilAPI;45;2023;2085.85
354390;2023;3;1;56384183000140.0;3523110960567;1;13506188;354390;19651125;3;0;0;0;0;0;0;0;0;0;0;1;415020050;415020050;1670.16;917.27;0.0;0.0;0.0;0.0;0.0;0.0;0.0;0.0;0.0;2587.43;0.0;517.48;20230302;20230303;C508;0;12;0;3999;1;0;0;354390;4;57;1;0;10;;2;0;;0;0;0;;0;0;1;0;0;0;0;0;0;0;0;;2082888;;;0;0;3;6;;0;1;0;53;HM35439001N202303.DTS;;;0.0;0.0;0.0;0.0;0.0;0;C501;I10;E148;Z924;;;;;;1;1;1;1;0;0;0;0;0;;Câncer de Mama;13506188;-22.41139;-47.56139;Parque Mãe Preta;Rua 18 MP;BrasilAPI;57;2023;2587.43
350000;2023;8;1;46374500012281.0;3523121638070;1;13500150;354390;19761120;3;0;0;0;0;0;0;0;0;0;0;1;406020078;406020078;319.44;109.2;0.0;0.0;0.0;0.0;0.0;0.0;0.0;0.0;0.0;428.64;0.0;85.72;20230811;20230811;C509;0;11;0;1023;2;0;0;355030;4;46;0;0;10;;1;0;;0;0;0;;0;0;1;0;0;0;0;0;0;0;0;;2078287;46374500000194.0;;0;0;3;6;;7104;1;0;69583;HE35000001N202308.DTS;;;0.0;0.0;0.0;0.0;0.0;0;;;;;;;;;;0;0;0;0;0;0;0;0;0;;Câncer de Mama;13500150;-22.41139;-47.56139;Centro;Rua 2;BrasilAPI;46;2023;428.64
353870;2023;8;3;54384631000261.0;3523117099139;1;13504083;354390;19540409;3;0;0;0;0;0;0;0;0;0;0;1;301060088;301060088;48.74;16.22;0.0;0.0;0.0;0.0;0.0;0.0;0.0;0.0;0.0;64.96;0.0;12.99;20230824;20230824;C509;0;12;0;3999;1;0;0;353870;4;69;0;0;10;;1;0;;0;0;0;;0;0;1;0;0;0;0;0;0;0;0;;2087057;;;0;0;2;6;;0;1;0;696;HM35387001N202308.DTS;;;0.0;0.0;0.0;0.0;0.0;0;I878;;;;;;;;;2;0;0;0;0;0;0;0;0;;Câncer de Mama;13504083;-22.41139;-47.56139;Jardim Alfredo Karan;Avenida 56;BrasilAPI;69;2023;64.96
354390;2023;8;1;56384183000140.0;3523119593213;1;13506836;354390;19601216;3;0;0;0;0;0;0;0;0;0;1;1;415020050;415020050;1718.94;917.27;0.0;0.0;0.0;0.0;0.0;0.0;0.0;0.0;0.0;2636.21;0.0;527.24;20230810;20230811;C508;0;12;0;3999;1;0;0;354390;4;62;1;0;10;;1;0;;0;0;0;;0;0;1;0;0;0;0;0;0;0;0;;2082888;;;0;0;3;6;;0;3;0;821;HM35439001N202308.DTS;;;0.0;0.0;0.0;0.0;0.0;0;C501;;;;;;;;;1;0;0;0;0;0;0;0;0;;Câncer de Mama;13506836;-22.41139;-47.56139;Vila Paulista;Avenida P 35;BrasilAPI;62;2023;2636.21
354390;2023;8;1;56384183000140.0;3523123138579;1;13500210;354390;19410624;3;0;0;0;0;0;0;0;0;0;1;1;416120059;416120059;1270.7;732.69;0.0;0.0;0.0;0.0;0.0;0.0;0.0;0.0;0.0;2003.39;0.0;400.67;20230810;20230811;C501;0;12;0;3999;1;0;0;354390;4;82;1;0;10;;1;0;;0;0;0;;0;0;1;0;0;0;0;0;0;0;0;;2082888;;;0;0;3;6;;0;1;0;909;HM35439001N202308.DTS;;;0.0;0.0;0.0;0.0;0.0;0;;;;;;;;;;0;0;0;0;0;0;0;0;0;;Câncer de Mama;13500210;-22.41139;-47.56139;Zona Central;Rua 8;BrasilAPI;82;2023;2003.39
354390;2023;8;1;56384183000140.0;3523119592740;1;13500420;354390;19610416;3;0;0;0;0;0;0;0;0;0;1;1;415020050;415020050;1678.16;917.27;0.0;0.0;0.0;0.0;0.0;0.0;0.0;0.0;0.0;2595.43;0.0;519.08;20230803;20230804;C509;0;12;0;3999;1;0;0;354390;4;62;1;0;10;;1;0;;0;0;0;;0;0;1;0;0;0;0;0;0;0;0;;2082888;;;0;0;3;6;;0;1;0;806;HM35439001N202308.DTS;;;0.0;0.0;0.0;0.0;0.0;0;C506;;;;;;;;;1;0;0;0;0;0;0;0;0;;Câncer de Mama;13500420;-22.41139;-47.56139;Centro;Avenida 4;BrasilAPI;62;2023;2595.43
354390;2023;8;1;56384183000140.0;3523123138909;1;13503683;354390;19801216;3;0;0;0;0;0;0;0;0;0;0;1;416120040;416120040;998.83;540.59;0.0;0.0;0.0;0.0;0.0;0.0;0.0;0.0;0.0;1539.42;0.0;307.88;20230824;20230825;C508;0;12;0;3999;1;0;0;354390;4;42;1;0;10;;2;0;;0;0;0;;0;0;1;0;0;0;0;0;0;0;0;;2082888;;;0;0;3;6;;0;1;0;919;HM35439001N202308.DTS;;;0.0;0.0;0.0;0.0;0.0;0;W999;;;;;;;;;1;0;0;0;0;0;0;0;0;;Câncer de Mama;13503683;-22.41139;-47.56139;Jardim Bom Sucesso;Rua 5 JW;BrasilAPI;42;2023;1539.42
354390;2023;8;1;56384183000140.0;3523119588440;1;13506178;354390;19540528;3;0;0;0;0;0;0;0;0;0;1;1;415020050;415020050;2711.96;917.27;0.0;0.0;0.0;0.0;0.0;0.0;0.0;0.0;0.0;3629.23;0.0;725.84;20230724;20230725;C508;0;12;0;3999;1;0;0;354390;4;69;1;0;10;;1;0;;0;0;0;;0;0;1;0;0;0;0;0;0;0;0;;2082888;;;0;0;3;6;;0;1;0;725;HM35439001N202308.DTS;;;0.0;0.0;0.0;0.0;0.0;0;;;;;;;;;;0;0;0;0;0;0;0;0;0;;Câncer de Mama;13506178;-22.41139;-47.56139;Parque Mãe Preta;Rua 8 MP;BrasilAPI;69;2023;3629.23
354390;2023;8;1;56384183000140.0;3523119590507;1;13504050;354390;19550726;3;0;0;0;0;0;0;0;0;0;1;1;415020050;415020050;2711.96;917.27;0.0;0.0;0.0;0.0;0.0;0.0;0.0;0.0;0.0;3629.23;0.0;725.84;20230731;20230801;C501;0;12;0;3999;1;0;0;354390;4;68;1;0;10;;1;0;;0;0;0;;0;0;1;0;0;0;0;0;0;0;0;;2082888;;;0;0;3;6;;0;1;0;748;HM35439001N202308.DTS;;;0.0;0.0;0.0;0.0;0.0;0;C506;;;;;;;;;1;0;0;0;0;0;0;0;0;;Câncer de Mama;13504050;-22.41139;-47.56139;Jardim Primavera;Avenida 46;BrasilAPI;68;2023;3629.23
354390;2023;8;1;56384183000140.0;3523119591695;1;13506176;354390;19600213;3;0;0;0;0;0;0;0;0;0;1;1;415020050;415020050;2736.76;1216.97;0.0;0.0;0.0;0.0;0.0;0.0;0.0;0.0;0.0;3953.73;0.0;790.74;20230807;20230808;C509;0;12;0;3999;1;0;0;354390;4;63;1;0;10;;1;0;;0;0;0;;0;0;1;0;0;0;0;0;0;0;0;;2082888;;;0;0;3;6;;0;1;0;767;HM35439001N202308.DTS;;;0.0;0.0;0.0;0.0;0.0;0;D486;;;;;;;;;1;0;0;0;0;0;0;0;0;;Câncer de Mama;13506176;-22.41139;-47.56139;Parque Mãe Preta;Rua 6 MP;BrasilAPI;63;2023;3953.73
354390;2024;1;1;56384183000140.0;3524106169562;1;13502270;354390;19700706;3;0;0;0;0;0;0;0;0;0;0;1;415020050;415020050;1914.84;917.27;0.0;0.0;0.0;0.0;0.0;0.0;0.0;0.0;0.0;2832.11;0.0;572.14;20240118;20240118;C508;0;12;0;3999;1;0;0;354390;4;53;0;0;10;;1;0;;0;0;0;;0;0;1;0;0;0;0;0;0;0;0;;2082888;;;0;0;3;6;;0;1;0;201;HM35439001N202401.DTS;;;0.0;0.0;0.0;0.0;0.0;0;C501;;;;;;;;;1;0;0;0;0;0;0;0;0;;Câncer de Mama;13502270;-22.41139;-47.56139;Jardim Esmeralda;Avenida 15 JP;BrasilAPI;53;2024;2832.11
354390;2024;1;1;56384183000140.0;3523130838381;1;13502034;354390;19910613;3;0;0;0;0;0;0;0;0;0;0;1;415020050;415020050;2703.96;917.27;0.0;0.0;0.0;0.0;0.0;0.0;0.0;0.0;0.0;3621.23;0.0;731.56;20231228;20231229;C509;0;12;0;3999;1;0;0;354390;4;32;1;0;10;;1;0;;0;0;0;;0;0;1;0;0;0;0;0;0;0;0;;2082888;;;0;0;3;6;;0;3;0;18;HM35439001N202401.DTS;;;0.0;0.0;0.0;0.0;0.0;0;C508;C506;;;;;;;;1;1;0;0;0;0;0;0;0;;Câncer de Mama;13502034;-22.41139;-47.56139;Chácara Luza;Avenida C;BrasilAPI;32;2023;3621.23
354390;2024;1;1;56384183000140.0;3524106163920;1;13503587;354390;19780731;3;0;0;0;0;0;0;0;0;0;0;1;416120024;416120024;1823.18;925.13;0.0;0.0;0.0;0.0;0.0;0.0;0.0;0.0;0.0;2748.31;0.0;555.21;20240118;20240119;C508;0;12;0;3999;1;0;0;354390;4;45;1;0;10;;2;0;;0;0;0;;0;0;1;0;0;0;0;0;0;0;0;;2082888;;;0;0;3;6;;0;3;0;38;HM35439001N202401.DTS;;;0.0;0.0;0.0;0.0;0.0;0;W999;;;;;;;;;1;0;0;0;0;0;0;0;0;;Câncer de Mama;13503587;-22.41139;-47.56139;Loteamento Sebastião dos Santos Lima;Avenida 14 JC;BrasilAPI;45;2024;2748.31
354390;2024;1;1;56384183000140.0;3524106164612;1;13500170;354390;19420407;3;0;0;0;0;0;0;0;0;0;1;1;416120024;416120024;1627.28;925.13;0.0;0.0;0.0;0.0;0.0;0.0;0.0;0.0;0.0;2552.41;0.0;515.63;20240118;20240119;C509;0;12;0;3999;1;0;0;354390;4;81;1;0;10;;1;0;;0;0;0;;0;0;1;0;0;0;0;0;0;0;0;;2082888;;;0;0;3;6;;0;1;0;62;HM35439001N202401.DTS;;;0.0;0.0;0.0;0.0;0.0;0;E149;;;;;;;;;1;0;0;0;0;0;0;0;0;;Câncer de Mama;13500170;-22.41139;-47.56139;Centro;Rua 4;BrasilAPI;81;2024;2552.41
354390;2024;1;3;56384183000140.0;3524106166515;1;13502749;354390;19730626;3;0;0;0;0;0;0;0;0;0;0;1;304100021;304100021;302.3;65.14;0.0;0.0;0.0;0.0;0.0;0.0;0.0;0.0;0.0;367.44;0.0;74.23;20240115;20240115;C508;0;41;0;3999;1;0;0;354390;4;50;0;1;10;;2;0;;0;0;0;;0;0;1;0;0;0;0;0;0;0;0;;2082888;;;0;0;2;6;;0;3;0;492;HM35439001N202401.DTS;;;0.0;0.0;0.0;0.0;0.0;0;W999;C221;R17;;;;;;;1;1;1;0;0;0;0;0;0;;Câncer de Mama;13502749;-22.41139;-47.56139;Jardim Novo;Rua 9 JN;BrasilAPI;50;2024;367.44
354390;2024;1;1;56384183000140.0;3524106164447;1;13504642;354390;19650508;3;0;0;0;0;0;0;0;0;0;0;1;415020050;415020050;1710.94;917.27;0.0;0.0;0.0;0.0;0.0;0.0;0.0;0.0;0.0;2628.21;0.0;530.95;20240111;20240112;C508;0;12;0;3999;1;0;0;354390;4;58;1;0;10;;2;0;;0;0;0;;0;0;1;0;0;0;0;0;0;0;0;;2082888;;;0;0;3;6;;0;3;0;58;HM35439001N202401.DTS;;;0.0;0.0;0.0;0.0;0.0;0;W999;C506;;;;;;;;1;1;0;0;0;0;0;0;0;;Câncer de Mama;13504642;-22.41139;-47.56139;Jardim das Paineiras;Avenida 52 PA;BrasilAPI;58;2024;2628.21
354390;2024;11;1;56384183000140.0;3524123177201;1;13505083;354390;19600311;3;0;0;0;0;0;0;0;0;0;1;1;415020050;415020050;2467.28;917.27;0.0;0.0;0.0;0.0;0.0;0.0;0.0;0.0;0.0;3384.55;0.0;546.77;20240926;20240927;C505;0;12;0;3999;1;0;0;354390;4;64;1;0;10;;2;0;;0;0;0;;0;0;1;0;0;0;0;0;0;0;0;;2082888;;;0;0;3;6;;0;1;0;2;HM35439001N202411.DTS;;;0.0;0.0;0.0;0.0;0.0;0;;;;;;;;;;0;0;0;0;0;0;0;0;0;;Câncer de Mama;13505083;-22.41139;-47.56139;Jardim Floridiana;Rua M 5;BrasilAPI;64;2024;3384.55
354390;2024;11;1;56384183000140.0;3524128066570;1;13506550;354390;19710212;3;0;0;0;0;0;0;0;0;0;0;1;415020050;415020050;1710.94;917.27;0.0;0.0;0.0;0.0;0.0;0.0;0.0;0.0;0.0;2628.21;0.0;424.58;20241031;20241101;C509;0;12;0;3999;1;0;0;354390;4;53;1;0;10;;1;0;;0;0;0;;0;0;1;0;0;0;0;0;0;0;0;;2082888;;;0;0;3;6;;0;3;0;10;HM35439001N202411.DTS;;;0.0;0.0;0.0;0.0;0.0;0;;;;;;;;;;0;0;0;0;0;0;0;0;0;;Câncer de Mama;13506550;-22.41139;-47.56139;Vila Nova;Rua 9 A;BrasilAPI;53;2024;2628.21
354390;2024;11;1;56384183000140.0;3524128067966;1;13500050;354390;19431122;3;0;0;0;0;0;0;0;0;0;9;9;416120059;416120059;1538.77;759.78;0.0;0.0;0.0;0.0;0.0;0.0;0.0;0.0;0.0;2298.55;0.0;371.33;20241029;20241106;C509;0;41;0;3999;1;0;0;354390;4;80;8;1;10;;2;0;;0;0;0;;0;0;1;0;0;0;0;0;0;1;8291227888;;2082888;;;0;0;3;6;;0;1;0;39;HM35439001N202411.DTS;;;0.0;0.0;0.0;0.0;0.0;0;J960;;;;;;;;;2;0;0;0;0;0;0;0;0;;Câncer de Mama;13500050;-22.41139;-47.56139;Jardim Donângela;Rua 6;BrasilAPI;80;2024;2298.55
354390;2024;11;3;56384183000140.0;3524128075204;1;13500050;354390;19431122;3;0;0;0;0;0;0;0;0;0;4;4;304100021;304100021;861.72;65.14;0.0;0.0;0.0;0.0;0.0;0.0;0.0;0.0;0.0;926.86;0.0;149.73;20241026;20241029;C509;0;27;0;3999;1;0;0;354390;4;80;3;0;10;;2;0;;0;0;0;;0;0;1;0;0;0;0;0;0;1;8291227888;;2082888;;;0;0;2;6;;0;1;0;626;HM35439001N202411.DTS;;;0.0;0.0;0.0;0.0;0.0;0;;;;;;;;;;0;0;0;0;0;0;0;0;0;;Câncer de Mama;13500050;-22.41139;-47.56139;Jardim Donângela;Rua 6;BrasilAPI;80;2024;926.86
354390;2024;11;3;56384183000140.0;3524128071233;1;13502745;354390;19591207;3;0;0;0;0;0;0;0;0;0;0;7;304100021;304100021;499.42;65.14;0.0;0.0;0.0;0.0;0.0;0.0;0.0;0.0;0.0;564.56;0.0;91.2;20241114;20241120;C509;0;41;0;3999;1;0;0;354390;4;64;6;1;10;;2;0;;0;0;0;;0;0;1;0;0;0;0;0;0;0;0;;2082888;;;0;0;2;6;;0;3;0;512;HM35439001N202411.DTS;;;0.0;0.0;0.0;0.0;0.0;0;W999;J91;C795;;;;;;;1;1;1;0;0;0;0;0;0;;Câncer de Mama;13502745;-22.41139;-47.56139;Jardim Novo;Rua 5 JN;BrasilAPI;64;2024;564.56
354390;2024;11;1;56384183000140.0;3524128069858;1;13500550;354390;19510512;3;0;0;0;0;0;0;0;0;0;1;1;415020050;415020050;1637.38;917.27;0.0;0.0;0.0;0.0;0.0;0.0;0.0;0.0;0.0;2554.65;0.0;412.7;20241114;20241115;C509;0;12;0;3999;1;0;0;354390;4;73;1;0;10;;1;0;;0;0;0;;0;0;1;0;0;0;0;0;0;0;0;;2082888;;;0;0;3;6;;0;1;0;90;HM35439001N202411.DTS;;;0.0;0.0;0.0;0.0;0.0;0;W999;;;;;;;;;1;0;0;0;0;0;0;0;0;;Câncer de Mama;13500550;-22.41139;-47.56139;Vila Aparecida;Avenida 30;BrasilAPI;73;2024;2554.65
354390;2024;11;1;56384183000140.0;3524128068824;1;13504081;354390;19510622;3;0;0;0;0;0;0;0;0;0;0;1;415020050;415020050;1670.16;917.27;0.0;0.0;0.0;0.0;0.0;0.0;0.0;0.0;0.0;2587.43;0.0;418.0;20241107;20241108;C509;0;12;0;3999;1;0;0;354390;4;73;1;0;10;;1;0;;0;0;0;;0;0;1;0;0;0;0;0;0;0;0;;2082888;;;0;0;3;6;;0;1;0;58;HM35439001N202411.DTS;;;0.0;0.0;0.0;0.0;0.0;0;C508;C501;W999;;;;;;;1;1;1;0;0;0;0;0;0;;Câncer de Mama;13504081;-22.41139;-47.56139;Jardim Alfredo Karan;Rua 7 Particular;BrasilAPI;73;2024;2587.43
350000;2024;9;1;46374500012281.0;3524124747275;1;13500140;354390;19761120;3;0;0;0;0;0;0;0;0;0;2;2;413040178;401020010;445.45;175.13;0.0;0.0;0.0;0.0;0.0;0.0;0.0;0.0;0.0;620.58;0.0;107.55;20240915;20240917;C509;0;11;0;1023;2;0;0;355030;4;47;2;0;10;;1;0;;0;0;0;;0;0;1;0;0;0;0;0;0;0;0;;2078287;46374500000194.0;;0;0;2;6;;7102;1;0;70072;HE35000001N202409.DTS;;;0.0;0.0;0.0;0.0;0.0;0;;;;;;;;;;0;0;0;0;0;0;0;0;0;;Câncer de Mama;13500140;-22.41139;-47.56139;Centro;Rua 1;BrasilAPI;47;2024;620.58
354390;2024;9;1;56384183000140.0;3524123173835;1;13505305;354390;19691224;3;0;0;0;0;0;0;0;0;0;0;1;416120040;416120040;1284.29;540.59;0.0;0.0;0.0;0.0;0.0;0.0;0.0;0.0;0.0;1824.88;0.0;316.27;20240912;20240912;C508;0;12;0;3999;1;0;0;354390;4;54;0;0;10;;1;0;;0;0;0;;0;0;1;0;0;0;0;0;0;0;0;;2082888;;;0;0;3;6;;0;1;0;108;HM35439001N202409.DTS;;;0.0;0.0;0.0;0.0;0.0;0;;;;;;;;;;0;0;0;0;0;0;0;0;0;;Câncer de Mama;13505305;-22.41139;-47.56139;Jardim Cherveson;Rua M 20;BrasilAPI;54;2024;1824.88
354390;2024;9;1;56384183000140.0;3524123173923;1;13506590;354390;19580601;3;0;0;0;0;0;0;0;0;0;1;1;415020050;415020050;1678.16;917.27;0.0;0.0;0.0;0.0;0.0;0.0;0.0;0.0;0.0;2595.43;0.0;449.81;20240912;20240913;C501;0;12;0;3999;1;0;0;354390;4;66;1;0;10;;1;0;;0;0;0;;0;0;1;0;0;0;0;0;0;0;0;;2082888;;;0;0;3;6;;0;1;0;113;HM35439001N202409.DTS;;;0.0;0.0;0.0;0.0;0.0;0;W999;C508;I10;;;;;;;1;1;1;0;0;0;0;0;0;;Câncer de Mama;13506590;-22.41139;-47.56139;Vila Alemã;Avenida 48 A;BrasilAPI;66;2024;2595.43
354390;2024;9;1;56384183000140.0;3524123169336;1;13504617;354390;19490226;3;0;0;0;0;0;0;0;0;0;1;1;415020050;415020050;2711.96;917.27;0.0;0.0;0.0;0.0;0.0;0.0;0.0;0.0;0.0;3629.23;0.0;628.98;20240822;20240823;C508;0;12;0;3999;1;0;0;354390;4;75;1;0;10;;1;0;;0;0;0;;0;0;1;0;0;0;0;0;0;0;0;;2082888;;;0;0;3;6;;0;1;0;21;HM35439001N202409.DTS;;;0.0;0.0;0.0;0.0;0.0;0;W999;C502;;;;;;;;1;1;0;0;0;0;0;0;0;;Câncer de Mama;13504617;-22.41139;-47.56139;Jardim Residencial Santa Eliza;Avenida 42 SE;BrasilAPI;75;2024;3629.23
354390;2024;9;1;56384183000140.0;3524123169468;1;13506850;354390;19710830;3;0;0;0;0;0;0;0;0;0;0;1;410010073;410010073;1486.48;367.42;0.0;0.0;0.0;0.0;0.0;0.0;0.0;0.0;0.0;1853.9;0.0;321.29;20240816;20240817;C501;0;12;0;3999;1;0;0;354390;4;52;1;0;10;;1;0;;0;0;0;;0;0;1;0;0;0;0;0;0;0;0;;2082888;;;0;0;2;6;;0;1;0;22;HM35439001N202409.DTS;;;0.0;0.0;0.0;0.0;0.0;0;;;;;;;;;;0;0;0;0;0;0;0;0;0;;Câncer de Mama;13506850;-22.41139;-47.56139;Vila Paulista;Rua P 3;BrasilAPI;52;2024;1853.9
354390;2024;9;1;56384183000140.0;3524123173747;1;13508502;354390;19771210;3;0;0;0;0;0;0;0;0;0;0;1;415020050;415020050;2703.96;917.27;0.0;0.0;0.0;0.0;0.0;0.0;0.0;0.0;0.0;3621.23;0.0;627.59;20240912;20240913;C501;0;12;0;3999;1;0;0;354390;4;46;1;0;10;;2;0;;0;0;0;;0;0;1;0;0;0;0;0;0;0;0;;2082888;;;0;0;3;6;;0;1;0;104;HM35439001N202409.DTS;;;0.0;0.0;0.0;0.0;0.0;0;;;;;;;;;;0;0;0;0;0;0;0;0;0;;Câncer de Mama;13508502;-22.41139;-47.56139;Centro (Ajapi);Avenida 2 Ajapi;BrasilAPI;46;2024;3621.23
354390;2024;9;1;56384183000140.0;3524123176541;1;13501658;354390;19690419;3;0;0;0;0;0;0;0;0;0;0;1;415020050;415020050;1833.28;917.27;0.0;0.0;0.0;0.0;0.0;0.0;0.0;0.0;0.0;2750.55;0.0;476.69;20240919;20240920;C508;0;12;0;3999;1;0;0;354390;4;55;1;0;10;;2;0;;0;0;0;;0;0;1;0;0;0;0;0;0;0;0;;2082888;;;0;0;3;6;;0;1;0;200;HM35439001N202409.DTS;;;0.0;0.0;0.0;0.0;0.0;0;;;;;;;;;;0;0;0;0;0;0;0;0;0;;Câncer de Mama;13501658;-22.41139;-47.56139;Jardim Leblon;Avenida 2 JL;BrasilAPI;55;2024;2750.55
354390;2024;9;1;56384183000140.0;3524123177070;1;13505295;354390;19690309;3;0;0;0;0;0;0;0;0;0;0;12;406020078;406020078;319.44;109.2;0.0;0.0;0.0;0.0;0.0;0.0;0.0;0.0;0.0;428.64;0.0;74.28;20240902;20240913;C509;0;41;0;3999;1;0;0;354390;4;55;11;1;10;;2;0;;0;0;0;;0;0;1;0;0;0;0;0;0;1;8291227888;;2082888;;;0;0;3;6;;0;1;0;212;HM35439001N202409.DTS;;;0.0;0.0;0.0;0.0;0.0;0;W999;T784;I10;E148;;;;;;1;1;1;1;0;0;0;0;0;;Câncer de Mama;13505295;-22.41139;-47.56139;Jardim Cherveson;Rua M 18;BrasilAPI;55;2024;428.64
354390;2024;9;1;56384183000140.0;3524123179280;1;13502745;354390;19780404;3;0;0;0;0;0;0;0;0;0;0;1;415020050;415020050;1833.28;917.27;0.0;0.0;0.0;0.0;0.0;0.0;0.0;0.0;0.0;2750.55;0.0;476.69;20240919;20240920;C502;0;12;0;3999;1;0;0;354390;4;46;1;0;10;;1;0;;0;0;0;;0;0;1;0;0;0;0;0;0;0;0;;2082888;;;0;0;3;6;;0;1;0;284;HM35439001N202409.DTS;;;0.0;0.0;0.0;0.0;0.0;0;;;;;;;;;;0;0;0;0;0;0;0;0;0;;Câncer de Mama;13502745;-22.41139;-47.56139;Jardim Novo;Rua 5 JN;BrasilAPI;46;2024;2750.55
354390;2024;9;3;56384183000140.0;3524123171800;1;13505295;354390;19690309;3;0;0;0;0;0;0;0;0;0;0;7;304100021;304100021;714.95;65.14;0.0;0.0;0.0;0.0;0.0;0.0;0.0;0.0;0.0;780.09;0.0;135.19;20240827;20240902;C509;0;27;0;3999;1;0;0;354390;4;55;6;0;10;;2;0;;0;0;0;;0;0;1;0;0;0;0;0;14;1;8291227888;;2082888;;;0;0;2;6;;0;1;0;454;HM35439001N202409.DTS;;;0.0;0.0;0.0;0.0;0.0;0;W999;T784;I10;;;;;;;1;1;1;0;0;0;0;0;0;;Câncer de Mama;13505295;-22.41139;-47.56139;Jardim Cherveson;Rua M 18;BrasilAPI;55;2024;780.09
354390;2024;9;3;56384183000140.0;3524123175243;1;13504825;354390;19810110;3;0;0;0;0;0;0;0;0;0;0;1;304100021;304100021;317.7;70.48;0.0;0.0;0.0;0.0;0.0;0.0;0.0;0.0;0.0;388.18;0.0;67.27;20240917;20240917;C509;0;12;0;3999;1;0;0;354390;4;43;0;0;10;;2;0;;0;0;0;;0;0;1;0;0;0;0;0;7;1;8291227888;;2082888;;;0;0;2;6;;0;1;0;563;HM35439001N202409.DTS;;;0.0;0.0;0.0;0.0;0.0;0;W999;T784;;;;;;;;1;1;0;0;0;0;0;0;0;;Câncer de Mama;13504825;-22.3941609;-47.5689227;Jardim Araucária;Rua 6;BrasilAPI;43;2024;388.18
354390;2024;9;1;56384183000140.0;3524123170271;1;13502323;354390;19830429;3;0;0;0;0;0;0;0;0;0;0;1;416120040;416120040;1161.95;540.59;0.0;0.0;0.0;0.0;0.0;0.0;0.0;0.0;0.0;1702.54;0.0;295.06;20240829;20240830;C508;0;12;0;3999;1;0;0;354390;4;41;1;0;10;;1;0;;0;0;0;;0;0;1;0;0;0;0;0;0;0;0;;2082888;;;0;0;3;6;;0;3;0;33;HM35439001N202409.DTS;;;0.0;0.0;0.0;0.0;0.0;0;W999;;;;;;;;;1;0;0;0;0;0;0;0;0;;Câncer de Mama;13502323;-22.41139;-47.56139;Jardim Nova Rio Claro;Rua 25 NR;BrasilAPI;41;2024;1702.54
354390;2024;9;1;56384183000140.0;3524123173076;1;13500260;354390;19531014;3;0;0;0;0;0;0;0;0;0;1;1;415020050;415020050;1922.84;917.27;0.0;0.0;0.0;0.0;0.0;0.0;0.0;0.0;0.0;2840.11;0.0;492.22;20240905;20240906;C509;0;12;0;3999;1;0;0;354390;4;70;1;0;10;;1;0;;0;0;0;;0;0;1;0;0;0;0;0;0;0;0;;2082888;;;0;0;3;6;;0;2;0;75;HM35439001N202409.DTS;;;0.0;0.0;0.0;0.0;0.0;0;W999;C508;;;;;;;;1;1;0;0;0;0;0;0;0;;Câncer de Mama;13500260;-22.41139;-47.56139;Vila do Rádio;Rua 13;BrasilAPI;70;2024;2840.11
354390;2024;9;1;56384183000140.0;3524123175947;1;13506192;354390;19730609;3;0;0;0;0;0;0;0;0;0;0;1;415020050;415020050;2478.4;1056.42;0.0;0.0;0.0;0.0;0.0;0.0;0.0;0.0;0.0;3534.82;0.0;612.62;20240920;20240921;C508;0;12;0;3999;1;0;0;354390;4;51;1;0;10;;2;0;;0;0;0;;0;0;1;0;0;0;0;0;0;0;0;;2082888;;;0;0;3;6;;0;1;0;188;HM35439001N202409.DTS;;;0.0;0.0;0.0;0.0;0.0;0;W999;;;;;;;;;1;0;0;0;0;0;0;0;0;;Câncer de Mama;13506192;-22.41139;-47.56139;Parque Mãe Preta;Rua 22 MP;BrasilAPI;51;2024;3534.82
354390;2024;4;1;56384183000140.0;3524111930460;1;13500143;354390;19470723;3;0;0;0;0;0;0;0;0;0;1;1;416120059;416120059;2304.5;732.69;0.0;0.0;0.0;0.0;0.0;0.0;0.0;0.0;0.0;3037.19;0.0;579.61;20240328;20240329;C508;0;12;0;3999;1;0;0;354390;4;76;1;0;10;;2;0;;0;0;0;;0;0;1;0;0;0;0;0;0;0;0;;2082888;;;0;0;3;6;;0;1;0;30;HM35439001N202404.DTS;;;0.0;0.0;0.0;0.0;0.0;0;W999;I10;;;;;;;;1;1;0;0;0;0;0;0;0;;Câncer de Mama;13500143;-22.41139;-47.56139;Zona Central;Rua 7;BrasilAPI;76;2024;3037.19
354390;2024;4;3;56384183000140.0;3524111937060;1;13504361;354390;19710612;3;0;0;0;0;0;0;0;0;0;0;1;304100021;304100021;317.7;70.48;0.0;0.0;0.0;0.0;0.0;0.0;0.0;0.0;0.0;388.18;0.0;74.08;20240415;20240415;C503;0;12;0;3999;1;0;0;354390;4;52;0;0;10;;1;0;;0;0;0;;0;0;1;0;0;0;0;0;7;1;8291227888;;2082888;;;0;0;2;6;;0;1;0;541;HM35439001N202404.DTS;;;0.0;0.0;0.0;0.0;0.0;0;;;;;;;;;;0;0;0;0;0;0;0;0;0;;Câncer de Mama;13504361;-22.41139;-47.56139;Parque Universitário;Rua 17;BrasilAPI;52;2024;388.18
354390;2024;4;1;56384183000140.0;3524111934343;1;13505008;354390;19561010;3;0;0;0;0;0;0;0;0;0;3;3;415020050;415020050;1898.06;917.27;0.0;0.0;0.0;0.0;0.0;0.0;0.0;0.0;0.0;2815.33;0.0;537.27;20240411;20240414;C505;0;12;0;3999;1;0;0;354390;4;67;3;0;10;;2;0;;0;0;0;;0;0;1;0;0;0;0;0;0;0;0;;2082888;;;0;0;3;6;;0;1;0;85;HM35439001N202404.DTS;;;0.0;0.0;0.0;0.0;0.0;0;W999;C506;;;;;;;;1;1;0;0;0;0;0;0;0;;Câncer de Mama;13505008;-22.41139;-47.56139;Jardim Floridiana;Avenida M 31;BrasilAPI;67;2024;2815.33
354390;2024;7;1;56384183000140.0;3524117713028;1;13502120;354390;19580729;3;0;0;0;0;0;0;0;0;0;0;1;416120059;416120059;2296.5;732.69;0.0;0.0;0.0;0.0;0.0;0.0;0.0;0.0;0.0;3029.19;0.0;536.13;20240531;20240531;C508;0;12;0;3999;1;0;0;354390;4;65;0;0;10;;2;0;;0;0;0;;0;0;1;0;0;0;0;0;0;0;0;;2082888;;;0;0;3;6;;0;2;0;2;HM35439001N202407.DTS;;;0.0;0.0;0.0;0.0;0.0;0;W999;J459;;;;;;;;1;1;0;0;0;0;0;0;0;;Câncer de Mama;13502120;-22.41139;-47.56139;Jardim Residencial das Palmeiras;Rua 7 JP;BrasilAPI;65;2024;3029.19
354390;2024;7;1;56384183000140.0;3524117728098;1;13506590;354390;19650725;3;0;0;0;0;0;0;0;0;0;1;1;415020050;415020050;1678.16;917.27;0.0;0.0;0.0;0.0;0.0;0.0;0.0;0.0;0.0;2595.43;0.0;459.36;20240725;20240726;C508;0;12;0;3999;1;0;0;354390;4;59;1;0;10;;2;0;;0;0;0;;0;0;1;0;0;0;0;0;0;0;0;;2082888;;;0;0;3;6;;0;1;0;218;HM35439001N202407.DTS;;;0.0;0.0;0.0;0.0;0.0;0;;;;;;;;;;0;0;0;0;0;0;0;0;0;;Câncer de Mama;13506590;-22.41139;-47.56139;Vila Alemã;Avenida 48 A;BrasilAPI;59;2024;2595.43
354390;2024;7;1;56384183000140.0;3524117728956;1;13506110;354390;19690220;3;0;0;0;0;0;0;0;0;0;0;1;415020050;415020050;1914.84;917.27;0.0;0.0;0.0;0.0;0.0;0.0;0.0;0.0;0.0;2832.11;0.0;501.25;20240725;20240726;C509;0;12;0;3999;1;0;0;354390;4;55;1;0;10;;1;0;;0;0;0;;0;0;1;0;0;0;0;0;0;0;0;;2082888;;;0;0;3;6;;0;3;0;239;HM35439001N202407.DTS;;;0.0;0.0;0.0;0.0;0.0;0;W999;C508;;;;;;;;1;1;0;0;0;0;0;0;0;;Câncer de Mama;13506110;-22.41139;-47.56139;Jardim Vilage;Rua 6 JV;BrasilAPI;55;2024;2832.11
354390;2024;7;3;56384183000140.0;3524117727075;1;13506760;354390;19360503;3;0;0;0;0;0;0;0;0;0;0;9;304100021;304100021;979.68;69.01;0.0;0.0;0.0;0.0;0.0;0.0;0.0;0.0;0.0;1048.69;0.0;185.6;20240710;20240718;C509;0;41;0;3999;1;0;0;354390;4;88;8;1;10;;2;0;;0;0;0;;0;0;1;0;0;0;0;0;0;0;0;;2082888;;;0;0;2;6;;0;1;0;577;HM35439001N202407.DTS;;;0.0;0.0;0.0;0.0;0.0;0;W999;C783;G309;;;;;;;1;1;1;0;0;0;0;0;0;;Câncer de Mama;13506760;-22.41139;-47.56139;Cidade Nova;Avenida 8 A;BrasilAPI;88;2024;1048.69
354390;2024;7;1;56384183000140.0;3524117719859;1;13502191;354390;19570310;3;0;0;0;0;0;0;0;0;0;1;1;415020050;415020050;3068.4;1216.97;0.0;0.0;0.0;0.0;0.0;0.0;0.0;0.0;0.0;4285.37;0.0;758.47;20240627;20240628;C508;0;12;0;3999;1;0;0;354390;4;67;1;0;10;;1;0;;0;0;0;;0;0;1;0;0;0;0;0;0;0;0;;2082888;;;0;0;3;6;;0;3;0;24;HM35439001N202407.DTS;;;0.0;0.0;0.0;0.0;0.0;0;W999;;;;;;;;;1;0;0;0;0;0;0;0;0;;Câncer de Mama;13502191;-22.41139;-47.56139;Jardim Residencial das Palmeiras;Rua 15 JP;BrasilAPI;67;2024;4285.37
354390;2024;7;3;56384183000140.0;3524117724325;1;13502170;354390;19681122;3;0;0;0;1;75;0;0;0;0;0;24;304100021;304100021;1031.99;170.14;0.0;0.0;0.0;0.0;0.0;0.0;0.0;0.0;0.0;1202.13;600.0;212.76;20240518;20240611;C509;0;41;0;3999;1;0;0;354390;4;55;24;1;10;;2;0;;0;0;0;;0;0;1;0;0;0;0;0;0;1;8291227888;;2082888;;;0;0;2;6;;0;3;0;505;HM35439001N202407.DTS;;;0.0;0.0;0.0;0.0;0.0;0;W999;;;;;;;;;1;0;0;0;0;0;0;0;0;;Câncer de Mama;13502170;-22.41139;-47.56139;Jardim Residencial das Palmeiras;Rua 12 JP;BrasilAPI;55;2024;1202.13
354390;2024;7;3;56384183000140.0;3524117724314;1;13502170;354390;19681122;3;0;0;0;0;0;0;0;0;0;0;8;304100013;304100013;1050.63;80.2;0.0;0.0;0.0;0.0;0.0;0.0;0.0;0.0;0.0;1130.83;0.0;200.14;20240511;20240518;C509;0;27;0;3999;1;0;0;354390;4;55;7;0;10;;2;0;;0;0;0;;0;0;1;0;0;0;0;0;14;1;8291227888;;2082888;;;0;0;2;6;;0;3;0;504;HM35439001N202407.DTS;;;0.0;0.0;0.0;0.0;0.0;0;W999;K746;Z721;;;;;;;1;1;1;0;0;0;0;0;0;;Câncer de Mama;13502170;-22.41139;-47.56139;Jardim Residencial das Palmeiras;Rua 12 JP;BrasilAPI;55;2024;1130.83
354390;2024;7;3;56384183000140.0;3524117724259;1;13505491;354390;19690925;3;0;0;0;0;0;0;0;0;0;0;8;304100013;304100013;626.43;65.2;0.0;0.0;0.0;0.0;0.0;0.0;0.0;0.0;0.0;691.63;0.0;122.41;20240531;20240607;C509;0;27;0;3999;1;0;0;354390;4;54;7;0;10;;2;0;;0;0;0;;0;0;1;0;0;0;0;0;14;1;8291227888;;2082888;;;0;0;2;6;;0;3;0;499;HM35439001N202407.DTS;;;0.0;0.0;0.0;0.0;0.0;0;W999;J960;E149;;;;;;;1;1;1;0;0;0;0;0;0;;Câncer de Mama;13505491;-22.41139;-47.56139;Jardim Residencial São José;Avenida M 45;BrasilAPI;54;2024;691.63
354390;2024;7;3;56384183000140.0;3524117724260;1;13505491;354390;19690925;3;0;0;0;0;0;0;0;0;0;0;14;304100021;304100021;433.06;65.14;0.0;0.0;0.0;0.0;0.0;0.0;0.0;0.0;0.0;498.2;0.0;88.17;20240607;20240621;C509;0;12;0;3999;1;0;0;354390;4;54;14;0;10;;2;0;;0;0;0;;0;0;1;0;0;0;0;0;0;1;8291227888;;2082888;;;0;0;2;6;;0;3;0;500;HM35439001N202407.DTS;;;0.0;0.0;0.0;0.0;0.0;0;W999;J960;E149;;;;;;;1;1;1;0;0;0;0;0;0;;Câncer de Mama;13505491;-22.41139;-47.56139;Jardim Residencial São José;Avenida M 45;BrasilAPI;54;2024;498.2
354390;2024;7;1;56384183000140.0;3524123163704;1;13506403;354390;19561117;3;0;0;0;0;0;0;0;0;0;0;1;415020050;415020050;1670.16;917.27;0.0;0.0;0.0;0.0;0.0;0.0;0.0;0.0;0.0;2587.43;0.0;457.95;20240725;20240726;C508;0;12;0;3999;1;0;0;354390;4;67;1;0;10;;1;0;;0;0;0;;0;0;1;0;0;0;0;0;0;0;0;;2082888;;;0;0;3;6;;0;1;0;286;HM35439001N202407.DTS;;;0.0;0.0;0.0;0.0;0.0;0;;;;;;;;;;0;0;0;0;0;0;0;0;0;;Câncer de Mama;13506403;-22.41139;-47.56139;Vila São Miguel;Rua 12 A;BrasilAPI;67;2024;2587.43
354390;2024;3;1;56384183000140.0;3524106177922;1;13504715;354390;19460525;3;0;0;0;0;0;0;0;0;0;0;1;415020050;415020050;1710.94;917.27;0.0;0.0;0.0;0.0;0.0;0.0;0.0;0.0;0.0;2628.21;0.0;508.35;20240307;20240308;C508;0;12;0;3999;1;0;0;354390;4;77;1;0;10;;1;0;;0;0;0;;0;0;1;0;0;0;0;0;0;0;0;;2082888;;;0;0;3;6;;0;2;0;65;HM35439001N202403.DTS;;;0.0;0.0;0.0;0.0;0.0;0;W999;C501;;;;;;;;1;1;0;0;0;0;0;0;0;;Câncer de Mama;13504715;-22.41139;-47.56139;Jardim Boa Vista;Rua 18 BV;BrasilAPI;77;2024;2628.21
354390;2024;3;1;56384183000140.0;3524111924685;1;13504825;354390;19810110;3;0;0;0;0;0;0;0;0;0;0;1;406020078;406020078;319.44;109.2;0.0;0.0;0.0;0.0;0.0;0.0;0.0;0.0;0.0;428.64;0.0;82.9;20240305;20240305;C508;0;12;0;3999;1;0;0;354390;4;43;0;0;10;;1;0;;0;0;0;;0;0;1;0;0;0;0;0;0;0;0;;2082888;;;0;0;3;6;;0;1;0;82;HM35439001N202403.DTS;;;0.0;0.0;0.0;0.0;0.0;0;;;;;;;;;;0;0;0;0;0;0;0;0;0;;Câncer de Mama;13504825;-22.3941609;-47.5689227;Jardim Araucária;Rua 6;BrasilAPI;43;2024;428.64
354390;2024;3;1;56384183000140.0;3524111927556;1;13500151;354390;19360827;3;0;0;0;0;0;0;0;0;0;0;1;415020050;415020050;1914.84;917.27;0.0;0.0;0.0;0.0;0.0;0.0;0.0;0.0;0.0;2832.11;0.0;547.79;20240321;20240322;C501;0;12;0;3999;1;0;0;354390;4;87;1;0;10;;1;0;;0;0;0;;0;0;1;0;0;0;0;0;0;0;0;;2082888;;;0;0;3;6;;0;1;0;165;HM35439001N202403.DTS;;;0.0;0.0;0.0;0.0;0.0;0;W999;;;;;;;;;1;0;0;0;0;0;0;0;0;;Câncer de Mama;13500151;-22.41139;-47.56139;Centro;Rua 2;BrasilAPI;87;2024;2832.11
354390;2024;3;1;56384183000140.0;3524111927336;1;13506555;354390;19830815;3;0;0;0;0;0;0;0;0;0;0;1;415020050;415020050;2434.4;1216.97;0.0;0.0;0.0;0.0;0.0;0.0;0.0;0.0;0.0;3651.37;0.0;706.26;20240314;20240315;C508;0;12;0;3999;1;0;0;354390;4;40;1;0;10;;2;0;;0;0;0;;0;0;1;0;0;0;0;0;0;0;0;;2082888;;;0;0;3;6;;0;1;0;158;HM35439001N202403.DTS;;;0.0;0.0;0.0;0.0;0.0;0;W999;C773;;;;;;;;1;1;0;0;0;0;0;0;0;;Câncer de Mama;13506555;-22.3914709;-47.5504219;Vila Nova;Rua 11 A;BrasilAPI;40;2024;3651.37
354390;2024;5;1;56384183000140.0;3524111940668;1;13506569;354390;19541214;3;0;0;0;0;0;0;0;0;0;1;1;415020050;415020050;2605.52;1216.97;0.0;0.0;0.0;0.0;0.0;0.0;0.0;0.0;0.0;3822.49;0.0;688.73;20240425;20240426;C501;0;12;0;3999;1;0;0;354390;4;69;1;0;10;;1;0;;0;0;0;;0;0;1;0;0;0;0;0;0;0;0;;2082888;;;0;0;3;6;;0;1;0;19;HM35439001N202405.DTS;;;0.0;0.0;0.0;0.0;0.0;0;C773;;;;;;;;;1;0;0;0;0;0;0;0;0;;Câncer de Mama;13506569;-22.41139;-47.56139;Vila Alemã;Rua 7 A;BrasilAPI;69;2024;3822.49
354390;2024;5;1;56384183000140.0;3524117713402;1;13505295;354390;19690309;3;0;0;0;0;0;0;0;0;0;0;1;416120032;416120032;1353.16;732.69;0.0;0.0;0.0;0.0;0.0;0.0;0.0;0.0;0.0;2085.85;0.0;375.82;20240530;20240531;C508;0;12;0;3999;1;0;0;354390;4;55;1;0;10;;2;0;;0;0;0;;0;0;1;0;0;0;0;0;0;0;0;;2082888;;;0;0;3;6;;0;1;0;154;HM35439001N202405.DTS;;;0.0;0.0;0.0;0.0;0.0;0;W999;;;;;;;;;1;0;0;0;0;0;0;0;0;;Câncer de Mama;13505295;-22.41139;-47.56139;Jardim Cherveson;Rua M 18;BrasilAPI;55;2024;2085.85
354390;2024;5;1;56384183000140.0;3524117710014;1;13502292;354390;19620819;3;0;0;0;0;0;0;0;0;0;0;1;415020050;415020050;1833.28;917.27;0.0;0.0;0.0;0.0;0.0;0.0;0.0;0.0;0.0;2750.55;0.0;495.59;20240516;20240517;C508;0;12;0;3999;1;0;0;354390;4;61;1;0;10;;2;0;;0;0;0;;0;0;1;0;0;0;0;0;0;0;0;;2082888;;;0;0;3;6;;0;3;0;81;HM35439001N202405.DTS;;;0.0;0.0;0.0;0.0;0.0;0;W999;C501;;;;;;;;1;1;0;0;0;0;0;0;0;;Câncer de Mama;13502292;-22.41139;-47.56139;Parque Residencial Brasília;Avenida 22 BR;BrasilAPI;61;2024;2750.55
354390;2024;10;1;56384183000140.0;3524123182129;1;13504268;354390;19521001;3;0;0;0;0;0;0;0;0;0;0;1;416120059;416120059;1221.92;732.69;0.0;0.0;0.0;0.0;0.0;0.0;0.0;0.0;0.0;1954.61;0.0;323.07;20241010;20241011;C508;0;12;0;3999;1;0;0;354390;4;72;1;0;10;;2;0;;0;0;0;;0;0;1;0;0;0;0;0;0;0;0;;2082888;;;0;0;3;6;;0;1;0;88;HM35439001N202410.DTS;;;0.0;0.0;0.0;0.0;0.0;0;W999;;;;;;;;;1;0;0;0;0;0;0;0;0;;Câncer de Mama;13504268;-22.41139;-47.56139;Jardim Bela Vista;Avenida 40;BrasilAPI;72;2024;1954.61
354390;2024;10;1;56384183000140.0;3524128066294;1;13500550;354390;19581208;3;0;0;0;0;0;0;0;0;0;0;1;416120059;416120059;1181.14;732.69;0.0;0.0;0.0;0.0;0.0;0.0;0.0;0.0;0.0;1913.83;0.0;316.33;20241024;20241024;C508;0;12;0;3999;1;0;0;354390;4;65;0;0;10;;1;0;;0;0;0;;0;0;1;0;0;0;0;0;0;0;0;;2082888;;;0;0;3;6;;0;1;0;216;HM35439001N202410.DTS;;;0.0;0.0;0.0;0.0;0.0;0;W999;;;;;;;;;1;0;0;0;0;0;0;0;0;;Câncer de Mama;13500550;-22.41139;-47.56139;Vila Aparecida;Avenida 30;BrasilAPI;65;2024;1913.83
354390;2024;10;3;56384183000140.0;3524128066305;1;13502112;354390;19561220;3;0;0;0;0;0;0;0;0;0;0;2;304100021;304100021;371.77;65.14;0.0;0.0;0.0;0.0;0.0;0.0;0.0;0.0;0.0;436.91;0.0;72.21;20241024;20241025;C509;0;41;0;3999;1;0;0;354390;4;67;1;1;10;;2;0;;0;0;0;;0;0;1;0;0;0;0;0;0;0;0;;2082888;;;0;0;2;6;;0;1;0;662;HM35439001N202410.DTS;;;0.0;0.0;0.0;0.0;0.0;0;R579;;;;;;;;;2;0;0;0;0;0;0;0;0;;Câncer de Mama;13502112;-22.41139;-47.56139;Jardim Residencial das Palmeiras;Rua 3 JP;BrasilAPI;67;2024;436.91
354390;2024;10;3;56384183000140.0;3524128066173;1;13504824;354390;19640402;3;0;0;0;0;0;0;0;0;0;0;1;304100021;304100021;317.7;70.48;0.0;0.0;0.0;0.0;0.0;0.0;0.0;0.0;0.0;388.18;0.0;64.16;20241029;20241029;C509;0;12;0;3999;1;0;0;354390;4;60;0;0;10;;1;0;;0;0;0;;0;0;1;0;0;0;0;0;7;1;8291227888;;2082888;;;0;0;2;6;;0;3;0;657;HM35439001N202410.DTS;;;0.0;0.0;0.0;0.0;0.0;0;W999;I10;E149;;;;;;;1;1;1;0;0;0;0;0;0;;Câncer de Mama;13504824;-22.41139;-47.56139;Jardim Araucária;Rua 5;BrasilAPI;60;2024;388.18
354390;2024;10;1;56384183000140.0;3524123177773;1;13506690;354390;19711207;3;0;0;0;0;0;0;0;0;0;0;1;415020050;415020050;1670.16;917.27;0.0;0.0;0.0;0.0;0.0;0.0;0.0;0.0;0.0;2587.43;0.0;427.67;20240927;20240928;C509;0;12;0;3999;1;0;0;354390;4;52;1;0;10;;1;0;;0;0;0;;0;0;1;0;0;0;0;0;0;0;0;;2082888;;;0;0;3;6;;0;1;0;8;HM35439001N202410.DTS;;;0.0;0.0;0.0;0.0;0.0;0;;;;;;;;;;0;0;0;0;0;0;0;0;0;;Câncer de Mama;13506690;-22.41139;-47.56139;Vila Alemã;Avenida 26 A;BrasilAPI;52;2024;2587.43
354390;2024;10;1;56384183000140.0;3524123177916;1;13505145;354390;19660720;3;0;0;0;0;0;0;0;0;0;0;1;415020050;415020050;2663.18;917.27;0.0;0.0;0.0;0.0;0.0;0.0;0.0;0.0;0.0;3580.45;0.0;591.8;20240926;20240927;C509;0;12;0;3999;1;0;0;354390;4;58;1;0;10;;2;0;;0;0;0;;0;0;1;0;0;0;0;0;0;0;0;;2082888;;;0;0;3;6;;0;1;0;11;HM35439001N202410.DTS;;;0.0;0.0;0.0;0.0;0.0;0;W999;;;;;;;;;1;0;0;0;0;0;0;0;0;;Câncer de Mama;13505145;-22.41139;-47.56139;Vila Martins;Avenida M 11;BrasilAPI;58;2024;3580.45
353870;2025;2;3;54384631000261.0;3525111274476;1;13504646;354390;19661004;3;0;0;0;0;0;0;0;0;0;0;1;301060088;301060088;48.74;16.22;0.0;0.0;0.0;0.0;0.0;0.0;0.0;0.0;0.0;64.96;0.0;11.31;20250227;20250227;C509;0;12;0;3999;1;0;0;353870;4;58;0;0;10;;1;0;;0;0;0;;0;0;1;0;0;0;0;0;0;0;0;;2087057;;;0;0;2;6;;0;1;0;734;HM35387001N202502.DTS;;;0.0;0.0;0.0;0.0;0.0;0;I87;;;;;;;;;2;0;0;0;0;0;0;0;0;;Câncer de Mama;13504646;-22.41139;-47.56139;Jardim Panorama;Avenida 60 PA;BrasilAPI;58;2025;64.96
354390;2025;2;3;56384183000140.0;3525111302328;1;13506480;354390;19821023;3;0;0;0;0;0;0;0;0;0;0;2;304100021;304100021;302.3;65.14;0.0;0.0;0.0;0.0;0.0;0.0;0.0;0.0;0.0;367.44;0.0;64.01;20250223;20250225;C509;0;12;0;3999;1;0;0;354390;4;42;2;0;10;;2;0;;0;0;0;;0;0;1;0;0;0;0;0;0;0;0;;2082888;;;0;0;2;6;;0;1;0;580;HM35439001N202502.DTS;;;0.0;0.0;0.0;0.0;0.0;0;W999;D439;C349;;;;;;;1;1;1;0;0;0;0;0;0;;Câncer de Mama;13506480;-22.41139;-47.56139;Vila Cristina;Avenida 64 A;BrasilAPI;42;2025;367.44
354390;2025;2;1;56384183000140.0;3525111298050;1;13506828;354390;19490710;3;0;0;0;0;0;0;0;0;0;1;1;415020050;415020050;1718.94;917.27;0.0;0.0;0.0;0.0;0.0;0.0;0.0;0.0;0.0;2636.21;0.0;459.27;20250210;20250211;C508;0;12;0;3999;1;0;0;354390;4;75;1;0;10;;2;0;;0;0;0;;0;0;1;0;0;0;0;0;0;0;0;;2082888;;;0;0;3;6;;0;1;0;91;HM35439001N202502.DTS;;;0.0;0.0;0.0;0.0;0.0;0;;;;;;;;;;0;0;0;0;0;0;0;0;0;;Câncer de Mama;13506828;-22.41139;-47.56139;Vila Paulista;Avenida P 19;BrasilAPI;75;2025;2636.21
354390;2025;2;1;56384183000140.0;3525111297323;1;13502018;354390;19490313;3;0;0;0;0;0;0;0;0;0;0;1;416120059;416120059;2296.5;732.69;0.0;0.0;0.0;0.0;0.0;0.0;0.0;0.0;0.0;3029.19;0.0;527.73;20250203;20250204;C508;0;12;0;3999;1;0;0;354390;4;75;1;0;10;;2;0;;0;0;0;;0;0;1;0;0;0;0;0;0;0;0;;2082888;;;0;0;3;6;;0;1;0;76;HM35439001N202502.DTS;;;0.0;0.0;0.0;0.0;0.0;0;W999;I10;E148;;;;;;;1;1;1;0;0;0;0;0;0;;Câncer de Mama;13502018;-22.41139;-47.56139;Jardim INOCOOP;Avenida 1 JI;BrasilAPI;75;2025;3029.19
354390;2025;2;1;56384183000140.0;3525111295849;1;13509602;354390;19560107;3;0;0;0;0;0;0;0;0;0;0;1;406020078;406020078;319.44;109.2;0.0;0.0;0.0;0.0;0.0;0.0;0.0;0.0;0.0;428.64;0.0;74.67;20250204;20250204;C509;0;12;0;3999;1;0;0;354390;4;69;0;0;10;;1;0;;0;0;0;;0;0;1;0;0;0;0;0;0;0;0;;2082888;;;0;0;3;6;;0;1;0;33;HM35439001N202502.DTS;;;0.0;0.0;0.0;0.0;0.0;0;W999;;;;;;;;;1;0;0;0;0;0;0;0;0;;Câncer de Mama;13509602;-22.41139;-47.56139;Centro (Assistência);Estrada Fazenda Santa Rosa;BrasilAPI;69;2025;428.64
354390;2025;2;3;56384183000140.0;3525111297895;1;13504310;354390;19800605;3;0;0;0;0;0;0;0;0;0;0;1;304100021;304100021;302.3;65.14;0.0;0.0;0.0;0.0;0.0;0.0;0.0;0.0;0.0;367.44;0.0;64.01;20250209;20250210;C509;0;12;0;3999;1;0;0;354390;4;44;1;0;10;;2;0;;0;0;0;;0;0;1;0;0;0;0;0;7;1;8291227888;;2082888;;;0;0;2;6;;0;1;0;411;HM35439001N202502.DTS;;;0.0;0.0;0.0;0.0;0.0;0;W999;A09;;;;;;;;1;1;0;0;0;0;0;0;0;;Câncer de Mama;13504310;-22.41139;-47.56139;Jardim Paulista II;Rua 28;BrasilAPI;44;2025;367.44
350000;2025;12;1;49150352000112.0;3525127966712;1;13506738;354390;19770313;3;0;0;0;0;0;0;0;0;0;1;1;410010111;415020050;1931.69;1100.72;0.0;0.0;0.0;0.0;0.0;0.0;0.0;0.0;0.0;3032.41;0.0;580.92;20251219;20251220;C509;0;15;0;3069;2;0;0;350550;4;48;1;0;10;;1;0;;0;0;0;;0;0;1;0;0;0;0;0;0;0;0;;2090236;;;0;0;3;6;;0;1;0;3863;HE35000001N202512.DTS;;;0.0;0.0;0.0;0.0;0.0;0;;;;;;;;;;0;0;0;0;0;0;0;0;0;0.0;Câncer de Mama;13506738;-22.41139;-47.56139;Vila Indaiá;Rua 6 B;BrasilAPI;48;2025;3032.41
354390;2025;12;1;56384183000140.0;3525133577010;1;13504307;354390;19691130;3;0;0;0;0;0;0;0;0;0;0;1;415020050;415020050;2548.36;1216.97;0.0;0.0;0.0;0.0;0.0;0.0;0.0;0.0;0.0;3765.33;0.0;721.32;20251204;20251205;C508;0;12;0;3999;1;0;0;354390;4;56;1;0;10;;1;0;;0;0;0;;0;0;1;0;0;0;0;0;0;0;0;;2082888;;;0;0;3;6;;0;1;0;1085;HM35439001N202512.DTS;;;0.0;0.0;0.0;0.0;0.0;0;;;;;;;;;;0;0;0;0;0;0;0;0;0;0.0;Câncer de Mama;13504307;-22.41139;-47.56139;Jardim Paulista II;Rua 25;BrasilAPI;56;2025;3765.33
354390;2025;12;3;;3525136348635;1;13500181;354390;19691217;3;0;0;0;0;0;0;0;0;0;0;2;304100021;304100013;37.78;8.15;0.0;0.0;0.0;0.0;0.0;0.0;0.0;0.0;0.0;45.93;0.0;8.79;20250909;20250910;C509;0;31;0;1155;1;0;0;354390;4;55;1;0;10;;2;0;;0;0;0;;0;0;1;0;0;0;0;0;7;1;8291227888;;5550874;955107000193.0;;0;0;2;6;;0;1;0;2027;HM35439001N202512.DTS;;;0.0;0.0;0.0;0.0;0.0;0;C787;;;;;;;;;1;0;0;0;0;0;0;0;0;0.0;Câncer de Mama;13500181;-22.41139;-47.56139;Centro;Rua 5;BrasilAPI;55;2025;45.93
354390;2025;12;1;56384183000140.0;3525135049095;1;13502751;354390;19750404;3;0;0;0;0;0;0;0;0;0;0;1;415020050;415020050;1914.84;917.27;0.0;0.0;0.0;0.0;0.0;0.0;0.0;0.0;0.0;2832.11;0.0;542.54;20251201;20251202;C509;0;12;0;3999;1;0;0;354390;4;50;1;0;10;;1;0;;0;0;0;;0;0;1;0;0;0;0;0;0;0;0;;2082888;;;0;0;3;6;;0;1;0;1185;HM35439001N202512.DTS;;;0.0;0.0;0.0;0.0;0.0;0;C508;C501;;;;;;;;1;1;0;0;0;0;0;0;0;0.0;Câncer de Mama;13502751;-22.41139;-47.56139;Jardim Novo;Rua 10 JN;BrasilAPI;50;2025;2832.11
354390;2025;12;1;56384183000140.0;3525135049381;1;13506661;354390;19780827;3;0;0;0;0;0;0;0;0;0;0;1;410010111;415020050;2515.96;1216.97;0.0;0.0;0.0;0.0;0.0;0.0;0.0;0.0;0.0;3732.93;0.0;715.12;20251218;20251219;C508;0;12;0;3999;1;0;0;354390;4;47;1;0;10;;1;0;;0;0;0;;0;0;1;0;0;0;0;0;0;0;0;;2082888;;;0;0;3;6;;0;1;0;1200;HM35439001N202512.DTS;;;0.0;0.0;0.0;0.0;0.0;0;C773;;;;;;;;;1;0;0;0;0;0;0;0;0;0.0;Câncer de Mama;13506661;-22.41139;-47.56139;Vila Alemã;Rua 4 A;BrasilAPI;47;2025;3732.93
354390;2025;12;1;56384183000140.0;3525135049172;1;13502749;354390;19691124;3;0;0;0;0;0;0;0;0;0;0;1;416120059;416120059;1474.22;732.69;0.0;0.0;0.0;0.0;0.0;0.0;0.0;0.0;0.0;2206.91;0.0;422.77;20251218;20251219;C508;0;12;0;3999;1;0;0;354390;4;56;1;0;10;;2;0;;0;0;0;;0;0;1;0;0;0;0;0;14;1;8291227888;;2082888;;;0;0;3;6;;0;1;0;1190;HM35439001N202512.DTS;;;0.0;0.0;0.0;0.0;0.0;0;;;;;;;;;;0;0;0;0;0;0;0;0;0;0.0;Câncer de Mama;13502749;-22.41139;-47.56139;Jardim Novo;Rua 9 JN;BrasilAPI;56;2025;2206.91
354390;2025;12;1;56384183000140.0;3525135050349;1;13500190;354390;19511118;3;0;0;0;0;0;0;0;0;0;0;1;415020050;415020050;2548.36;1216.97;0.0;0.0;0.0;0.0;0.0;0.0;0.0;0.0;0.0;3765.33;0.0;721.32;20251218;20251219;C503;0;12;0;3999;1;0;0;354390;4;74;1;0;10;;2;0;;0;0;0;;0;0;1;0;0;0;0;0;0;0;0;;2082888;;;0;0;3;6;;0;1;0;1219;HM35439001N202512.DTS;;;0.0;0.0;0.0;0.0;0.0;0;C773;;;;;;;;;1;0;0;0;0;0;0;0;0;0.0;Câncer de Mama;13500190;-22.41139;-47.56139;Zona Central;Rua 6;BrasilAPI;74;2025;3765.33
354390;2025;12;1;56384183000140.0;3525133576668;1;13506088;354390;19440604;3;0;0;0;0;0;0;0;0;0;1;1;415020050;415020050;1873.68;917.27;0.0;0.0;0.0;0.0;0.0;0.0;0.0;0.0;0.0;2790.95;0.0;534.66;20251204;20251205;C509;0;12;0;3999;1;0;0;354390;4;81;1;0;10;;1;0;;0;0;0;;0;0;1;0;0;0;0;0;0;0;0;;2082888;;;0;0;3;6;;0;1;0;1070;HM35439001N202512.DTS;;;0.0;0.0;0.0;0.0;0.0;0;;;;;;;;;;0;0;0;0;0;0;0;0;0;0.0;Câncer de Mama;13506088;-22.41139;-47.56139;Conjunto Habitacional Arco-Íris (Cecap);Rua 17 C;BrasilAPI;81;2025;2790.95
354390;2025;12;1;56384183000140.0;3525135050162;1;13500230;354390;19850131;3;0;0;0;0;0;0;0;0;0;0;1;415020050;415020050;1833.28;917.27;0.0;0.0;0.0;0.0;0.0;0.0;0.0;0.0;0.0;2750.55;0.0;526.92;20251222;20251223;C509;0;12;0;3999;1;0;0;354390;4;40;1;0;10;;1;0;;0;0;0;;0;0;1;0;0;0;0;0;0;0;0;;2082888;;;0;0;3;6;;0;1;0;1212;HM35439001N202512.DTS;;;0.0;0.0;0.0;0.0;0.0;0;N648;E669;;;;;;;;1;1;0;0;0;0;0;0;0;0.0;Câncer de Mama;13500230;-22.41139;-47.56139;Centro;Rua 10;BrasilAPI;40;2025;2750.55
354390;2025;12;1;56384183000140.0;3525133577812;1;13505007;354390;19580523;3;0;0;0;0;0;0;0;0;0;0;1;415020050;415020050;1588.6;917.27;0.0;0.0;0.0;0.0;0.0;0.0;0.0;0.0;0.0;2505.87;0.0;480.05;20251204;20251205;C508;0;12;0;3999;1;0;0;354390;4;67;1;0;10;;2;0;;0;0;0;;0;0;1;0;0;0;0;0;0;0;0;;2082888;;;0;0;3;6;;0;1;0;1113;HM35439001N202512.DTS;;;0.0;0.0;0.0;0.0;0.0;0;C501;;;;;;;;;1;0;0;0;0;0;0;0;0;0.0;Câncer de Mama;13505007;-22.41139;-47.56139;Jardim Floridiana;Avenida M 29;BrasilAPI;67;2025;2505.87
354390;2025;12;1;56384183000140.0;3525133577823;1;13504687;354390;19341008;3;0;0;0;0;0;0;0;0;0;1;1;415020050;415020050;2451.3;1216.97;0.0;0.0;0.0;0.0;0.0;0.0;0.0;0.0;0.0;3668.27;0.0;702.73;20251211;20251212;C509;0;12;0;3999;1;0;0;354390;4;91;1;0;10;;1;0;;0;0;0;;0;0;1;0;0;0;0;0;0;0;0;;2082888;;;0;0;3;6;;0;1;0;1114;HM35439001N202512.DTS;;;0.0;0.0;0.0;0.0;0.0;0;C773;;;;;;;;;1;0;0;0;0;0;0;0;0;0.0;Câncer de Mama;13504687;-22.41139;-47.56139;Jardim Boa Vista;Avenida 92 BV;BrasilAPI;91;2025;3668.27
354390;2025;12;3;56384183000140.0;3525135057906;1;13501430;354390;19720608;3;0;0;0;0;0;0;0;0;0;0;10;304100021;304100021;353.38;65.14;0.0;0.0;0.0;0.0;0.0;0.0;0.0;0.0;0.0;418.52;0.0;80.17;20251207;20251216;C508;0;27;0;3999;1;0;0;354390;4;53;9;0;10;;2;0;;0;0;0;;0;0;1;0;0;0;0;0;0;1;8291227888;;2082888;;;0;0;2;6;;0;1;0;1653;HM35439001N202512.DTS;;;0.0;0.0;0.0;0.0;0.0;0;J90;N390;;;;;;;;1;1;0;0;0;0;0;0;0;0.0;Câncer de Mama;13501430;-22.41139;-47.56139;Estádio;Avenida 31;BrasilAPI;53;2025;418.52
354390;2025;12;1;56384183000140.0;3525133577713;1;13505493;354390;19760731;3;0;0;0;0;0;0;0;0;0;0;1;415020050;415020050;1792.5;917.27;0.0;0.0;0.0;0.0;0.0;0.0;0.0;0.0;0.0;2709.77;0.0;519.11;20251211;20251212;C508;0;12;0;3999;1;0;0;354390;4;49;1;0;10;;1;0;;0;0;0;;0;0;1;0;0;0;0;0;0;0;0;;2082888;;;0;0;3;6;;0;1;0;1109;HM35439001N202512.DTS;;;0.0;0.0;0.0;0.0;0.0;0;C501;;;;;;;;;1;0;0;0;0;0;0;0;0;0.0;Câncer de Mama;13505493;-22.41139;-47.56139;Jardim Residencial São José;Avenida M 49;BrasilAPI;49;2025;2709.77
354390;2025;12;3;;3525128494547;1;13506561;354390;19811011;3;0;0;0;0;0;0;0;0;0;1;2;304100021;304100021;319.64;65.14;0.0;0.0;0.0;0.0;0.0;0.0;0.0;0.0;0.0;384.78;0.0;73.71;20251007;20251008;C509;0;41;0;1155;1;0;0;354390;4;43;1;1;10;;1;0;;0;0;0;;0;0;1;0;0;0;0;0;0;0;0;;5550874;955107000193.0;;0;0;2;6;;0;1;0;1933;HM35439001N202512.DTS;;;0.0;0.0;0.0;0.0;0.0;0;C793;C795;R060;R13;Z515;;;;;1;1;1;1;1;0;0;0;0;0.0;Câncer de Mama;13506561;-22.41139;-47.56139;Vila Alemã;Avenida Joaquim Ribeiro;BrasilAPI;43;2025;384.78
354390;2025;1;1;56384183000140.0;3525111290932;1;13505011;354390;19590504;3;0;0;0;0;0;0;0;0;0;1;1;415020050;415020050;1800.5;917.27;0.0;0.0;0.0;0.0;0.0;0.0;0.0;0.0;0.0;2717.77;0.0;465.37;20250113;20250114;C509;0;12;0;3999;1;0;0;354390;4;65;1;0;10;;1;0;;0;0;0;;0;0;1;0;0;0;0;0;0;0;0;;2082888;;;0;0;3;6;;0;1;0;89;HM35439001N202501.DTS;;;0.0;0.0;0.0;0.0;0.0;0;;;;;;;;;;0;0;0;0;0;0;0;0;0;;Câncer de Mama;13505011;-22.41139;-47.56139;Jardim Floridiana;Avenida M 37;BrasilAPI;65;2025;2717.77
354390;2025;1;1;56384183000140.0;3525111291867;1;13506666;354390;19481005;3;0;0;0;0;0;0;0;0;0;3;3;415020050;415020050;2771.12;1216.97;0.0;0.0;0.0;0.0;0.0;0.0;0.0;0.0;0.0;3988.09;0.0;682.89;20250113;20250116;C509;0;12;0;3999;1;0;0;354390;4;76;3;0;10;;1;0;;0;0;0;;0;0;1;0;0;0;0;0;0;0;0;;2082888;;;0;0;3;6;;0;3;0;106;HM35439001N202501.DTS;;;0.0;0.0;0.0;0.0;0.0;0;;;;;;;;;;0;0;0;0;0;0;0;0;0;;Câncer de Mama;13506666;-22.41139;-47.56139;Vila Alemã;Rua 10 A;BrasilAPI;76;2025;3988.09
354390;2025;1;3;56384183000140.0;3525111294298;1;13502761;354390;19651003;3;0;0;0;0;0;0;0;0;0;0;2;304100021;304100021;302.3;65.14;0.0;0.0;0.0;0.0;0.0;0.0;0.0;0.0;0.0;367.44;0.0;62.91;20250125;20250127;C508;0;12;0;3999;1;0;0;354390;4;59;2;0;10;;2;0;;0;0;0;;0;0;1;0;0;0;0;0;0;0;0;;2082888;;;0;0;2;6;;0;2;0;538;HM35439001N202501.DTS;;;0.0;0.0;0.0;0.0;0.0;0;W999;R509;;;;;;;;1;1;0;0;0;0;0;0;0;;Câncer de Mama;13502761;-22.41139;-47.56139;Jardim Novo;Rua 17 JN;BrasilAPI;59;2025;367.44
354390;2025;1;1;56384183000140.0;3525111292065;1;13506192;354390;19730609;3;0;0;0;0;0;0;0;0;0;0;1;416080081;416080081;2404.48;963.9;0.0;0.0;0.0;0.0;0.0;0.0;0.0;0.0;0.0;3368.38;0.0;576.77;20250117;20250118;C501;0;12;0;3999;1;0;0;354390;4;51;1;0;10;;1;0;;0;0;0;;0;0;1;0;0;0;0;0;7;1;8291227888;;2082888;;;0;0;3;6;;0;1;0;111;HM35439001N202501.DTS;;;0.0;0.0;0.0;0.0;0.0;0;;;;;;;;;;0;0;0;0;0;0;0;0;0;;Câncer de Mama;13506192;-22.41139;-47.56139;Parque Mãe Preta;Rua 22 MP;BrasilAPI;51;2025;3368.38
354390;2025;1;1;56384183000140.0;3524128076777;1;13502290;354390;19570809;3;0;0;0;0;0;0;0;0;0;0;1;415020050;415020050;2703.96;917.27;0.0;0.0;0.0;0.0;0.0;0.0;0.0;0.0;0.0;3621.23;0.0;620.07;20241212;20241213;C508;0;12;0;3999;1;0;0;354390;4;67;1;0;10;;1;0;;0;0;0;;0;0;1;0;0;0;0;0;0;0;0;;2082888;;;0;0;3;6;;0;2;0;6;HM35439001N202501.DTS;;;0.0;0.0;0.0;0.0;0.0;0;;;;;;;;;;0;0;0;0;0;0;0;0;0;;Câncer de Mama;13502290;-22.41139;-47.56139;Parque Residencial Brasília;Avenida 18 BR;BrasilAPI;67;2024;3621.23
354390;2025;1;1;56384183000140.0;3524128077426;1;13503665;354390;19770525;3;0;0;0;0;0;0;0;0;0;0;1;415020050;415020050;2703.96;917.27;0.0;0.0;0.0;0.0;0.0;0.0;0.0;0.0;0.0;3621.23;0.0;620.07;20241216;20241217;C509;0;12;0;3999;1;0;0;354390;4;47;1;0;10;;1;0;;0;0;0;;0;0;1;0;0;0;0;0;0;0;0;;2082888;;;0;0;3;6;;0;3;0;9;HM35439001N202501.DTS;;;0.0;0.0;0.0;0.0;0.0;0;C506;;;;;;;;;1;0;0;0;0;0;0;0;0;;Câncer de Mama;13503665;-22.41139;-47.56139;Novo Jardim Wenzel;Rua 6 JW;BrasilAPI;47;2024;3621.23
354390;2025;1;1;56384183000140.0;3524128081276;1;13503614;354390;19900414;3;0;0;0;0;0;0;0;0;0;0;1;415020050;415020050;1914.84;917.27;0.0;0.0;0.0;0.0;0.0;0.0;0.0;0.0;0.0;2832.11;0.0;484.95;20241223;20241224;C504;0;12;0;3999;1;0;0;354390;4;34;1;0;10;;2;0;;0;0;0;;0;0;1;0;0;0;0;0;0;0;0;;2082888;;;0;0;3;6;;0;1;0;24;HM35439001N202501.DTS;;;0.0;0.0;0.0;0.0;0.0;0;;;;;;;;;;0;0;0;0;0;0;0;0;0;;Câncer de Mama;13503614;-22.41139;-47.56139;Bom Retiro;Rua 4 JW;BrasilAPI;34;2024;2832.11
354390;2025;1;1;56384183000140.0;3525111292549;1;13502754;354390;19810404;3;0;0;0;0;0;0;0;0;0;0;1;415020050;415020050;1874.06;917.27;0.0;0.0;0.0;0.0;0.0;0.0;0.0;0.0;0.0;2791.33;0.0;477.96;20250116;20250117;C508;0;12;0;3999;1;0;0;354390;4;43;1;0;10;;1;0;;0;0;0;;0;0;1;0;0;0;0;0;0;0;0;;2082888;;;0;0;3;6;;0;3;0;126;HM35439001N202501.DTS;;;0.0;0.0;0.0;0.0;0.0;0;C501;;;;;;;;;1;0;0;0;0;0;0;0;0;;Câncer de Mama;13502754;-22.41139;-47.56139;Jardim Novo;Rua 13 JN;BrasilAPI;43;2025;2791.33
354390;2025;1;1;56384183000140.0;3525111293165;1;13504660;354390;19810218;3;0;0;0;0;0;0;0;0;0;0;1;415020050;415020050;2393.62;1216.97;0.0;0.0;0.0;0.0;0.0;0.0;0.0;0.0;0.0;3610.59;0.0;618.25;20250120;20250121;C509;0;12;0;3999;1;0;0;354390;4;43;1;0;10;;1;0;;0;0;0;;0;0;1;0;0;0;0;0;0;0;0;;2082888;;;0;0;3;6;;0;3;0;155;HM35439001N202501.DTS;;;0.0;0.0;0.0;0.0;0.0;0;W999;C508;C773;;;;;;;1;1;1;0;0;0;0;0;0;;Câncer de Mama;13504660;-22.41139;-47.56139;Jardim Panorama;Rua 27 PA;BrasilAPI;43;2025;3610.59
354390;2025;1;3;56384183000140.0;3525111292373;1;13506550;354390;19400316;3;0;0;0;0;0;0;0;0;0;4;4;304100021;304100021;679.25;65.14;0.0;0.0;0.0;0.0;0.0;0.0;0.0;0.0;0.0;744.39;0.0;127.46;20250109;20250113;C508;0;12;0;3999;1;0;0;354390;4;84;4;0;10;;2;0;;0;0;0;;0;0;1;0;0;0;0;0;0;0;0;;2082888;;;0;0;2;6;;0;1;0;468;HM35439001N202501.DTS;;;0.0;0.0;0.0;0.0;0.0;0;W999;I10;;;;;;;;1;1;0;0;0;0;0;0;0;;Câncer de Mama;13506550;-22.41139;-47.56139;Vila Nova;Rua 9 A;BrasilAPI;84;2025;744.39
354390;2025;1;1;56384183000140.0;3524131823234;1;13508971;354390;19590418;3;0;0;0;0;0;0;0;0;0;1;1;415020050;415020050;3394.64;1216.97;0.0;0.0;0.0;0.0;0.0;0.0;0.0;0.0;0.0;4611.61;0.0;789.65;20250106;20250107;C508;0;12;0;3999;1;0;0;354390;4;65;1;0;10;;1;0;;0;0;0;;0;0;1;0;0;0;0;0;0;0;0;;2082888;;;0;0;3;6;;0;1;0;57;HM35439001N202501.DTS;;;0.0;0.0;0.0;0.0;0.0;0;;;;;;;;;;0;0;0;0;0;0;0;0;0;;Câncer de Mama;13508971;-22.41139;-47.56139;Centro (Ajapi);Rua 4 Ajapi 341;BrasilAPI;65;2025;4611.61
354390;2025;11;3;56384183000140.0;3525133575568;1;13505120;354390;19470515;3;0;0;0;0;0;0;0;0;0;10;14;304100021;304100021;405.65;65.14;0.0;0.0;0.0;0.0;0.0;0.0;0.0;0.0;0.0;470.79;0.0;85.59;20251109;20251122;C509;0;41;0;3999;1;0;0;354390;4;78;13;1;10;;2;0;;0;0;0;;0;0;1;0;0;0;0;0;0;1;8291227888;;2082888;;;0;0;2;6;;0;1;0;675;HM35439001N202511.DTS;;;0.0;0.0;0.0;0.0;0.0;0;J960;D70;;;;;;;;1;1;0;0;0;0;0;0;0;0.0;Câncer de Mama;13505120;-22.41139;-47.56139;Parque das Indústrias;Rua M 8;BrasilAPI;78;2025;470.79
354390;2025;11;3;56384183000140.0;3525133575579;1;13505120;354390;19470515;3;0;0;0;0;0;0;0;0;0;0;9;304100013;304100013;475.59;65.2;0.0;0.0;0.0;0.0;0.0;0.0;0.0;0.0;0.0;540.79;0.0;98.32;20251101;20251109;C509;0;27;0;3999;1;0;0;354390;4;78;8;0;10;;2;0;;0;0;0;;0;0;1;0;0;0;0;0;0;1;8291227888;;2082888;;;0;0;2;6;;0;1;0;676;HM35439001N202511.DTS;;;0.0;0.0;0.0;0.0;0.0;0;C780;J960;;;;;;;;1;1;0;0;0;0;0;0;0;0.0;Câncer de Mama;13505120;-22.41139;-47.56139;Parque das Indústrias;Rua M 8;BrasilAPI;78;2025;540.79
354390;2025;11;1;56384183000140.0;3525133563314;1;13504070;354390;19491126;3;0;0;0;0;0;0;0;0;0;1;1;415020050;415020050;3946.63;1696.59;0.0;0.0;0.0;0.0;0.0;0.0;0.0;0.0;0.0;5643.22;0.0;1026.04;20251002;20251003;C508;0;12;0;3999;1;0;0;354390;4;75;1;0;10;;1;0;;0;0;0;;0;0;1;0;0;0;0;0;7;1;8291227888;;2082888;;;0;0;3;6;;0;1;0;50;HM35439001N202511.DTS;;;0.0;0.0;0.0;0.0;0.0;0;;;;;;;;;;0;0;0;0;0;0;0;0;0;0.0;Câncer de Mama;13504070;-22.41139;-47.56139;Jardim Portugal;Avenida 52;BrasilAPI;75;2025;5643.22
354390;2025;11;1;56384183000140.0;3525133574920;1;13504821;354390;19630422;3;0;0;0;0;0;0;0;0;0;0;1;415020050;415020050;2761.16;1216.97;0.0;0.0;0.0;0.0;0.0;0.0;0.0;0.0;0.0;3978.13;0.0;723.29;20251127;20251128;C509;0;12;0;3999;1;0;0;354390;4;62;1;0;10;;1;0;;0;0;0;;0;0;1;0;0;0;0;0;0;0;0;;2082888;;;0;0;3;6;;0;3;0;273;HM35439001N202511.DTS;;;0.0;0.0;0.0;0.0;0.0;0;C773;B24;;;;;;;;1;1;0;0;0;0;0;0;0;0.0;Câncer de Mama;13504821;-22.41139;-47.56139;Jardim Araucária;Rua 2;BrasilAPI;62;2025;3978.13
354390;2025;11;3;56384183000140.0;3525133569485;1;13506664;354390;19760614;3;0;0;0;0;0;0;0;0;0;0;1;304100021;304100021;302.3;65.14;0.0;0.0;0.0;0.0;0.0;0.0;0.0;0.0;0.0;367.44;0.0;66.8;20251107;20251107;C509;0;41;0;3999;1;0;0;354390;4;49;0;1;10;;2;0;;0;0;0;;0;0;1;0;0;0;0;0;0;0;0;;2082888;;;0;0;2;6;;0;1;0;473;HM35439001N202511.DTS;;;0.0;0.0;0.0;0.0;0.0;0;V877;;;;;;;;;1;0;0;0;0;0;0;0;0;0.0;Câncer de Mama;13506664;-22.3818798;-47.5512898;Vila Alemã;Rua 8 A;AwesomeAPI;49;2025;367.44
354390;2025;11;1;56384183000140.0;3525133567835;1;13502180;354390;19821019;3;0;0;0;0;0;0;0;0;0;0;1;415020050;415020050;1914.84;917.27;0.0;0.0;0.0;0.0;0.0;0.0;0.0;0.0;0.0;2832.11;0.0;514.92;20251027;20251028;C508;0;12;0;3999;1;0;0;354390;4;43;1;0;10;;1;0;;0;0;0;;0;0;1;0;0;0;0;0;0;0;0;;2082888;;;0;0;3;6;;0;1;0;75;HM35439001N202511.DTS;;;0.0;0.0;0.0;0.0;0.0;0;;;;;;;;;;0;0;0;0;0;0;0;0;0;0.0;Câncer de Mama;13502180;-22.41139;-47.56139;Jardim Residencial das Palmeiras;Rua 13 JP;BrasilAPI;43;2025;2832.11
354390;2025;11;1;56384183000140.0;3525133571388;1;13504821;354390;19700113;3;0;0;0;0;0;0;0;0;0;0;1;410010073;410010073;403.64;183.71;0.0;0.0;0.0;0.0;0.0;0.0;0.0;0.0;0.0;587.35;0.0;106.79;20251114;20251115;C509;0;12;0;3999;1;0;0;354390;4;55;1;0;10;;1;0;;0;0;0;;0;0;1;0;0;0;0;0;0;0;0;;2082888;;;0;0;2;6;;0;1;0;176;HM35439001N202511.DTS;;;0.0;0.0;0.0;0.0;0.0;0;N62;;;;;;;;;1;0;0;0;0;0;0;0;0;0.0;Câncer de Mama;13504821;-22.41139;-47.56139;Jardim Araucária;Rua 2;BrasilAPI;55;2025;587.35
354390;2025;3;1;56384183000140.0;3525111305760;1;13504080;354390;19630311;3;0;0;0;0;0;0;0;0;0;1;1;415020050;415020050;1922.84;917.27;0.0;0.0;0.0;0.0;0.0;0.0;0.0;0.0;0.0;2840.11;0.0;501.78;20250303;20250304;C509;0;12;0;3999;1;0;0;354390;4;61;1;0;10;;1;0;;0;0;0;;0;0;1;0;0;0;0;0;0;0;0;;2082888;;;0;0;3;6;;0;1;0;111;HM35439001N202503.DTS;;;0.0;0.0;0.0;0.0;0.0;0;;;;;;;;;;0;0;0;0;0;0;0;0;0;0.0;Câncer de Mama;13504080;-22.41139;-47.56139;Jardim Alfredo Karan;Avenida 54;BrasilAPI;61;2025;2840.11
354390;2025;3;1;56384183000140.0;3525111309346;1;13502030;354390;19771202;3;0;0;0;0;0;0;0;0;0;0;1;415020050;415020050;1670.16;917.27;0.0;0.0;0.0;0.0;0.0;0.0;0.0;0.0;0.0;2587.43;0.0;457.14;20250327;20250328;C508;0;12;0;3999;1;0;0;354390;4;47;1;0;10;;2;0;;0;0;0;;0;0;1;0;0;0;0;0;0;0;0;;2082888;;;0;0;3;6;;0;3;0;202;HM35439001N202503.DTS;;;0.0;0.0;0.0;0.0;0.0;0;;;;;;;;;;0;0;0;0;0;0;0;0;0;0.0;Câncer de Mama;13502030;-22.4275636;-47.5750632;Chácara Luza;Rua A;BrasilAPI;47;2025;2587.43
354390;2025;3;1;56384183000140.0;3525111298467;1;13500576;354390;19611115;3;0;0;0;0;0;0;0;0;0;1;1;416120059;416120059;1229.92;732.69;0.0;0.0;0.0;0.0;0.0;0.0;0.0;0.0;0.0;1962.61;0.0;346.75;20250210;20250211;C508;0;12;0;3999;1;0;0;354390;4;63;1;0;10;;2;0;;0;0;0;;0;0;1;0;0;0;0;0;0;0;0;;2082888;;;0;0;3;6;;0;3;0;8;HM35439001N202503.DTS;;;0.0;0.0;0.0;0.0;0.0;0;W999;;;;;;;;;1;0;0;0;0;0;0;0;0;0.0;Câncer de Mama;13500576;-22.41139;-47.56139;Santana;Avenida 28;BrasilAPI;63;2025;1962.61
354390;2025;3;1;56384183000140.0;3525111300271;1;13506720;354390;19450724;3;0;0;0;0;0;0;0;0;0;1;1;415020050;415020050;2655.2;1216.97;0.0;0.0;0.0;0.0;0.0;0.0;0.0;0.0;0.0;3872.17;0.0;684.12;20250217;20250218;C509;0;12;0;3999;1;0;0;354390;4;79;1;0;10;;1;0;;0;0;0;;0;0;1;0;0;0;0;0;0;0;0;;2082888;;;0;0;3;6;;0;3;0;19;HM35439001N202503.DTS;;;0.0;0.0;0.0;0.0;0.0;0;W999;C773;C501;;;;;;;1;1;1;0;0;0;0;0;0;0.0;Câncer de Mama;13506720;-22.41139;-47.56139;Vila Indaiá;Avenida 16 A;BrasilAPI;79;2025;3872.17
354390;2025;3;1;56384183000140.0;3525111305188;1;13506556;354390;19510228;3;0;0;0;0;0;0;0;0;0;7;7;415010012;415010012;1344.38;938.69;0.0;0.0;0.0;0.0;0.0;0.0;0.0;0.0;0.0;2283.07;0.0;403.36;20250303;20250310;C509;0;12;0;3999;1;0;0;354390;4;74;7;0;10;;1;0;;0;0;0;;0;0;1;0;0;0;0;0;0;0;0;;2082888;;;0;0;2;6;;0;1;0;89;HM35439001N202503.DTS;;;0.0;0.0;0.0;0.0;0.0;0;W999;J90;;;;;;;;1;1;0;0;0;0;0;0;0;0.0;Câncer de Mama;13506556;-22.41139;-47.56139;Vila Nova;Rua 12 A;BrasilAPI;74;2025;2283.07
354390;2025;6;1;56384183000140.0;3525116119349;1;13501050;354390;19710808;3;0;0;0;0;0;0;0;0;0;0;1;415020050;415020050;2948.64;917.27;0.0;0.0;0.0;0.0;0.0;0.0;0.0;0.0;0.0;3865.91;0.0;690.34;20250519;20250520;C508;0;12;0;3999;1;0;0;354390;4;53;1;0;10;;2;0;;0;0;0;;0;0;1;0;0;0;0;0;14;1;8291227888;;2082888;;;0;0;3;6;;0;1;0;18;HM35439001N202506.DTS;;;0.0;0.0;0.0;0.0;0.0;0;C501;;;;;;;;;1;0;0;0;0;0;0;0;0;0.0;Câncer de Mama;13501050;-22.41139;-47.56139;Cidade Jardim;Rua 4 CJ;BrasilAPI;53;2025;3865.91
354390;2025;6;1;56384183000140.0;3525116114520;1;13502771;354390;19761015;3;0;0;0;0;0;0;0;0;0;0;1;415020050;415020050;2703.96;917.27;0.0;0.0;0.0;0.0;0.0;0.0;0.0;0.0;0.0;3621.23;0.0;646.64;20250505;20250506;C508;0;12;0;3999;1;0;0;354390;4;48;1;0;10;;1;0;;0;0;0;;0;0;1;0;0;0;0;0;0;0;0;;2082888;;;0;0;3;6;;0;1;0;8;HM35439001N202506.DTS;;;0.0;0.0;0.0;0.0;0.0;0;C501;C509;;;;;;;;1;1;0;0;0;0;0;0;0;0.0;Câncer de Mama;13502771;-22.41139;-47.56139;Jardim das Nações I;Rua 1;BrasilAPI;48;2025;3621.23
354390;2025;6;1;56384183000140.0;3525116119305;1;13504220;354390;19800205;3;0;0;0;0;0;0;0;0;0;0;1;415020050;415020050;2614.02;917.27;0.0;0.0;0.0;0.0;0.0;0.0;0.0;0.0;0.0;3531.29;0.0;630.58;20250519;20250520;C508;0;12;0;3999;1;0;0;354390;4;45;1;0;10;;2;0;;0;0;0;;0;0;1;0;0;0;0;0;0;0;0;;2082888;;;0;0;3;6;;0;3;0;17;HM35439001N202506.DTS;;;0.0;0.0;0.0;0.0;0.0;0;C501;C509;I10;E149;;;;;;1;1;1;1;0;0;0;0;0;0.0;Câncer de Mama;13504220;-22.41139;-47.56139;Jardim Olinda;Avenida 66;BrasilAPI;45;2025;3531.29
354390;2025;6;1;56384183000140.0;3525116124926;1;13502410;354390;19830514;3;0;0;0;0;0;0;0;0;0;0;1;415020050;415020050;1670.16;917.27;0.0;0.0;0.0;0.0;0.0;0.0;0.0;0.0;0.0;2587.43;0.0;462.04;20250605;20250606;C508;0;12;0;3999;1;0;0;354390;4;42;1;0;10;;1;0;;0;0;0;;0;0;1;0;0;0;0;0;0;0;0;;2082888;;;0;0;3;6;;0;1;0;87;HM35439001N202506.DTS;;;0.0;0.0;0.0;0.0;0.0;0;C501;;;;;;;;;1;0;0;0;0;0;0;0;0;0.0;Câncer de Mama;13502410;-22.41139;-47.56139;Jardim Guanabara;Rua 2 JG;BrasilAPI;42;2025;2587.43
354390;2025;6;1;56384183000140.0;3525116125718;1;13500550;354390;19700519;3;0;0;0;0;0;0;0;0;0;0;2;415020050;415020050;2597.52;1216.97;0.0;0.0;0.0;0.0;0.0;0.0;0.0;0.0;0.0;3814.49;0.0;681.15;20250616;20250618;C508;0;12;0;3999;1;0;0;354390;4;55;2;0;10;;2;0;;0;0;0;;0;0;1;0;0;0;0;0;0;0;0;;2082888;;;0;0;3;6;;0;1;0;110;HM35439001N202506.DTS;;;0.0;0.0;0.0;0.0;0.0;0;C773;;;;;;;;;1;0;0;0;0;0;0;0;0;0.0;Câncer de Mama;13500550;-22.41139;-47.56139;Vila Aparecida;Avenida 30;BrasilAPI;55;2025;3814.49
354390;2025;6;1;56384183000140.0;3525116125465;1;13502396;354390;19570722;3;0;0;0;0;0;0;0;0;0;0;1;415020050;415020050;3299.88;1649.96;0.0;0.0;0.0;0.0;0.0;0.0;0.0;0.0;0.0;4949.84;0.0;883.9;20250612;20250613;C509;0;12;0;3999;1;0;0;354390;4;67;1;0;10;;2;0;;0;0;0;;0;0;1;0;0;0;0;0;14;1;8291227888;;2082888;;;0;0;3;6;;0;1;0;104;HM35439001N202506.DTS;;;0.0;0.0;0.0;0.0;0.0;0;I10;E149;C503;;;;;;;1;1;1;0;0;0;0;0;0;0.0;Câncer de Mama;13502396;-22.41139;-47.56139;Jardim Guanabara;Avenida 4 JG;BrasilAPI;67;2025;4949.84
354390;2025;6;3;56384183000140.0;3525116123881;1;13505012;354390;19611021;3;0;0;0;0;0;0;0;0;0;4;4;304100021;304100021;340.3;65.14;0.0;0.0;0.0;0.0;0.0;0.0;0.0;0.0;0.0;405.44;0.0;72.4;20250605;20250609;C509;0;12;0;3999;1;0;0;354390;4;63;4;0;10;;2;0;;0;0;0;;0;0;1;0;0;0;0;0;0;0;0;;2082888;;;0;0;2;6;;0;1;0;410;HM35439001N202506.DTS;;;0.0;0.0;0.0;0.0;0.0;0;;;;;;;;;;0;0;0;0;0;0;0;0;0;0.0;Câncer de Mama;13505012;-22.41139;-47.56139;Jardim Floridiana;Avenida M 39;BrasilAPI;63;2025;405.44
354390;2025;4;1;56384183000140.0;3525116108998;1;13506074;354390;19570426;3;0;0;0;0;0;0;0;0;0;1;1;415020050;415020050;1678.16;917.27;0.0;0.0;0.0;0.0;0.0;0.0;0.0;0.0;0.0;2595.43;0.0;455.33;20250403;20250404;C500;0;12;0;3999;1;0;0;354390;4;67;1;0;10;;2;0;;0;0;0;;0;0;1;0;0;0;0;0;0;0;0;;2082888;;;0;0;3;6;;0;1;0;89;HM35439001N202504.DTS;;;0.0;0.0;0.0;0.0;0.0;0;;;;;;;;;;0;0;0;0;0;0;0;0;0;0.0;Câncer de Mama;13506074;-22.41139;-47.56139;Conjunto Habitacional Arco-Íris (Cecap);Rua 1 C;BrasilAPI;67;2025;2595.43
354390;2025;4;1;56384183000140.0;3525116110978;1;13502740;354390;19750305;3;0;0;0;0;0;0;0;0;0;0;1;415020050;415020050;1743.34;917.27;0.0;0.0;0.0;0.0;0.0;0.0;0.0;0.0;0.0;2660.61;0.0;466.77;20250410;20250411;C508;0;12;0;3999;1;0;0;354390;4;50;1;0;10;;2;0;;0;0;0;;0;0;1;0;0;0;0;0;0;0;0;;2082888;;;0;0;3;6;;0;2;0;144;HM35439001N202504.DTS;;;0.0;0.0;0.0;0.0;0.0;0;;;;;;;;;;0;0;0;0;0;0;0;0;0;0.0;Câncer de Mama;13502740;-22.41139;-47.56139;Jardim Novo;Avenida 1 JN;BrasilAPI;50;2025;2660.61
350000;2025;9;1;49150352000112.0;3525122156952;1;13502745;354390;19640618;3;0;0;0;0;0;0;0;0;0;1;1;415020034;415020050;2103.99;1100.72;0.0;0.0;0.0;0.0;0.0;0.0;0.0;0.0;0.0;3204.71;0.0;595.67;20250829;20250830;C509;0;15;0;3069;2;0;0;350550;4;61;1;0;10;;1;0;;0;0;0;;0;0;1;0;0;0;0;0;0;0;0;;2090236;;;0;0;3;6;;0;3;0;4352;HE35000001N202509.DTS;;;0.0;0.0;0.0;0.0;0.0;0;;;;;;;;;;0;0;0;0;0;0;0;0;0;0.0;Câncer de Mama;13502745;-22.41139;-47.56139;Jardim Novo;Rua 5 JN;BrasilAPI;61;2025;3204.71
354390;2025;9;1;56384183000140.0;3525128498584;1;13505228;354390;19721015;3;0;0;0;0;0;0;0;0;0;0;2;416120024;416120024;2685.48;925.13;0.0;0.0;0.0;0.0;0.0;0.0;0.0;0.0;0.0;3610.61;0.0;671.11;20250901;20250903;C509;0;12;0;3999;1;0;0;354390;4;52;2;0;10;;1;0;;0;0;0;;0;0;1;0;0;0;0;0;0;0;0;;2082888;;;0;0;3;6;;0;3;0;229;HM35439001N202509.DTS;;;0.0;0.0;0.0;0.0;0.0;0;;;;;;;;;;0;0;0;0;0;0;0;0;0;0.0;Câncer de Mama;13505228;-22.41139;-47.56139;Jardim Dona Regina Picelli;Rua 3 RP;BrasilAPI;52;2025;3610.61
354390;2025;9;1;56384183000140.0;3525120721310;1;13503184;354390;19610121;3;0;0;0;0;0;0;0;0;0;1;1;416120040;416120040;2081.41;540.59;0.0;0.0;0.0;0.0;0.0;0.0;0.0;0.0;0.0;2622.0;0.0;487.36;20250825;20250826;C509;0;12;0;3999;1;0;0;354390;4;64;1;0;10;;2;0;;0;0;0;;0;0;1;0;0;0;0;0;0;0;0;;2082888;;;0;0;3;6;;0;1;0;17;HM35439001N202509.DTS;;;0.0;0.0;0.0;0.0;0.0;0;T784;;;;;;;;;1;0;0;0;0;0;0;0;0;0.0;Câncer de Mama;13503184;-22.41139;-47.56139;Cidade Claret;Rua 16;BrasilAPI;64;2025;2622.0
354390;2025;9;1;56384183000140.0;3525128488574;1;13502470;354390;19850620;3;0;0;0;0;0;0;0;0;0;0;1;415020050;415020050;1914.84;917.27;0.0;0.0;0.0;0.0;0.0;0.0;0.0;0.0;0.0;2832.11;0.0;526.41;20250901;20250902;C509;0;12;0;3999;1;0;0;354390;4;40;1;0;10;;1;0;;0;0;0;;0;0;1;0;0;0;0;0;0;0;0;;2082888;;;0;0;3;6;;0;1;0;21;HM35439001N202509.DTS;;;0.0;0.0;0.0;0.0;0.0;0;;;;;;;;;;0;0;0;0;0;0;0;0;0;0.0;Câncer de Mama;13502470;-22.41139;-47.56139;Jardim Guanabara II;Avenida 9 JG;BrasilAPI;40;2025;2832.11
354390;2025;9;1;56384183000140.0;3525128495680;1;13506807;354390;19530813;3;0;0;0;0;0;0;0;0;0;0;1;415020050;415020050;2556.74;1216.97;0.0;0.0;0.0;0.0;0.0;0.0;0.0;0.0;0.0;3773.71;0.0;701.43;20250918;20250919;C508;0;12;0;3999;1;0;0;354390;4;72;1;0;10;;2;0;;0;0;0;;0;0;1;0;0;0;0;0;0;0;0;;2082888;;;0;0;3;6;;0;1;0;132;HM35439001N202509.DTS;;;0.0;0.0;0.0;0.0;0.0;0;;;;;;;;;;0;0;0;0;0;0;0;0;0;0.0;Câncer de Mama;13506807;-22.41139;-47.56139;Cidade Nova;Rua 5 B;BrasilAPI;72;2025;3773.71
354390;2025;9;3;56384183000140.0;3525128491929;1;13504187;354390;19691217;3;0;0;0;0;0;0;0;0;0;0;2;304100021;304100021;311.64;65.14;0.0;0.0;0.0;0.0;0.0;0.0;0.0;0.0;0.0;376.78;0.0;70.03;20250910;20250912;C509;0;12;0;3999;1;0;0;354390;4;55;2;0;10;;2;0;;0;0;0;;0;0;1;0;0;0;0;0;0;0;0;;2082888;;;0;0;2;6;;0;1;0;508;HM35439001N202509.DTS;;;0.0;0.0;0.0;0.0;0.0;0;C795;;;;;;;;;1;0;0;0;0;0;0;0;0;0.0;Câncer de Mama;13504187;-22.41139;-47.56139;Alto do Santana;Rua 7;BrasilAPI;55;2025;376.78
354390;2025;9;1;56384183000140.0;3525128492226;1;13500210;354390;19660320;3;0;0;0;0;0;0;0;0;0;0;1;415020050;415020050;2352.84;1216.97;0.0;0.0;0.0;0.0;0.0;0.0;0.0;0.0;0.0;3569.81;0.0;663.53;20250911;20250912;C508;0;12;0;3999;1;0;0;354390;4;59;1;0;10;;1;0;;0;0;0;;0;0;1;0;0;0;0;0;0;0;0;;2082888;;;0;0;3;6;;0;3;0;82;HM35439001N202509.DTS;;;0.0;0.0;0.0;0.0;0.0;0;C773;;;;;;;;;1;0;0;0;0;0;0;0;0;0.0;Câncer de Mama;13500210;-22.41139;-47.56139;Zona Central;Rua 8;BrasilAPI;59;2025;3569.81
354390;2025;8;1;56384183000140.0;3525120709594;1;13506180;354390;19691220;3;0;0;0;0;0;0;0;0;0;0;1;406020078;406020078;319.44;109.2;0.0;0.0;0.0;0.0;0.0;0.0;0.0;0.0;0.0;428.64;0.0;80.72;20250707;20250707;C508;0;12;0;3999;1;0;0;354390;4;55;0;0;10;;1;0;;0;0;0;;0;0;1;0;0;0;0;0;0;0;0;;2082888;;;0;0;3;6;;0;2;0;93;HM35439001N202508.DTS;;;0.0;0.0;0.0;0.0;0.0;0;I10;E148;;;;;;;;1;1;0;0;0;0;0;0;0;0.0;Câncer de Mama;13506180;-22.41139;-47.56139;Parque Mãe Preta;Rua 10 MP;BrasilAPI;55;2025;428.64
354390;2025;8;1;56384183000140.0;3525120717118;1;13503050;354390;19790605;3;0;0;0;0;0;0;0;0;0;0;1;415020050;415020050;1784.12;917.27;0.0;0.0;0.0;0.0;0.0;0.0;0.0;0.0;0.0;2701.39;0.0;508.73;20250807;20250808;C509;0;12;0;3999;1;0;0;354390;4;46;1;0;10;;1;0;;0;0;0;;0;0;1;0;0;0;0;0;0;0;0;;2082888;;;0;0;3;6;;0;1;0;189;HM35439001N202508.DTS;;;0.0;0.0;0.0;0.0;0.0;0;I10;C508;C502;;;;;;;1;1;1;0;0;0;0;0;0;0.0;Câncer de Mama;13503050;-22.41139;-47.56139;Jardim São Paulo;Avenida 22;BrasilAPI;46;2025;2701.39
354390;2025;8;1;56384183000140.0;3525120713631;1;13505600;354390;19770328;3;0;0;0;0;0;0;0;0;0;0;1;415020050;415020050;2736.36;917.27;0.0;0.0;0.0;0.0;0.0;0.0;0.0;0.0;0.0;3653.63;0.0;688.06;20250721;20250722;C508;0;12;0;3999;1;0;0;354390;4;48;1;0;10;;2;0;;0;0;0;;0;0;1;0;0;0;0;0;0;0;0;;2082888;;;0;0;3;6;;0;1;0;112;HM35439001N202508.DTS;;;0.0;0.0;0.0;0.0;0.0;0;;;;;;;;;;0;0;0;0;0;0;0;0;0;0.0;Câncer de Mama;13505600;-22.41139;-47.56139;Distrito Industrial;Avenida Brasil;BrasilAPI;48;2025;3653.63
354390;2025;8;1;56384183000140.0;3525120717041;1;13500320;354390;19750103;3;0;0;0;0;0;0;0;0;0;0;1;416120059;416120059;2328.9;732.69;0.0;0.0;0.0;0.0;0.0;0.0;0.0;0.0;0.0;3061.59;0.0;576.57;20250804;20250805;C509;0;12;0;3999;1;0;0;354390;4;50;1;0;10;;1;0;;0;0;0;;0;0;1;0;0;0;0;0;0;0;0;;2082888;;;0;0;3;6;;0;3;0;185;HM35439001N202508.DTS;;;0.0;0.0;0.0;0.0;0.0;0;T784;;;;;;;;;1;0;0;0;0;0;0;0;0;0.0;Câncer de Mama;13500320;-22.419576;-47.5663053;Saúde;Avenida 17;AwesomeAPI;50;2025;3061.59
354390;2025;8;1;56384183000140.0;3525128487540;1;13503210;354390;19321224;3;0;0;0;0;0;0;0;0;0;0;1;415020050;415020050;1670.16;917.27;0.0;0.0;0.0;0.0;0.0;0.0;0.0;0.0;0.0;2587.43;0.0;487.27;20250828;20250829;C508;0;12;0;3999;1;0;0;354390;4;92;1;0;10;;1;0;;0;0;0;;0;0;1;0;0;0;0;0;0;0;0;;2082888;;;0;0;3;6;;0;1;0;354;HM35439001N202508.DTS;;;0.0;0.0;0.0;0.0;0.0;0;C501;;;;;;;;;1;0;0;0;0;0;0;0;0;0.0;Câncer de Mama;13503210;-22.41139;-47.56139;Jardim Claret;Avenida 8;BrasilAPI;92;2025;2587.43
354390;2025;8;1;56384183000140.0;3525120716689;1;13503674;354390;19910915;3;0;0;0;0;0;0;0;0;0;0;1;415020050;415020050;2385.24;1216.97;0.0;0.0;0.0;0.0;0.0;0.0;0.0;0.0;0.0;3602.21;0.0;678.38;20250807;20250808;C509;0;12;0;3999;1;0;0;354390;4;33;1;0;10;;1;0;;0;0;0;;0;0;1;0;0;0;0;0;0;0;0;;2082888;;;0;0;3;6;;0;1;0;167;HM35439001N202508.DTS;;;0.0;0.0;0.0;0.0;0.0;0;C773;C508;;;;;;;;1;1;0;0;0;0;0;0;0;0.0;Câncer de Mama;13503674;-22.41139;-47.56139;Jardim Bom Sucesso;Rua 14 JW;BrasilAPI;33;2025;3602.21
354390;2025;7;1;56384183000140.0;3525120709627;1;13502011;354390;19610218;3;0;0;0;0;0;0;0;0;0;1;1;415020050;415020050;1882.06;917.27;0.0;0.0;0.0;0.0;0.0;0.0;0.0;0.0;0.0;2799.33;0.0;516.48;20250710;20250711;C501;0;12;0;3999;1;0;0;354390;4;64;1;0;10;;1;0;;0;0;0;;0;0;1;0;0;0;0;0;0;0;0;;2082888;;;0;0;3;6;;0;3;0;116;HM35439001N202507.DTS;;;0.0;0.0;0.0;0.0;0.0;0;I10;Z889;J459;;;;;;;1;1;1;0;0;0;0;0;0;0.0;Câncer de Mama;13502011;-22.41139;-47.56139;Jardim INOCOOP;Rua 2 JI;BrasilAPI;64;2025;2799.33
354390;2025;7;1;56384183000140.0;3525120705140;1;13509670;354390;19770901;3;0;0;0;0;0;0;0;0;0;0;1;415020050;415020050;2703.96;917.27;0.0;0.0;0.0;0.0;0.0;0.0;0.0;0.0;0.0;3621.23;0.0;668.12;20250623;20250624;C509;0;12;0;3999;1;0;0;354390;4;47;1;0;10;;1;0;;0;0;0;;0;0;1;0;0;0;0;0;0;0;0;;2082888;;;0;0;3;6;;0;3;0;24;HM35439001N202507.DTS;;;0.0;0.0;0.0;0.0;0.0;0;C508;C506;;;;;;;;1;1;0;0;0;0;0;0;0;0.0;Câncer de Mama;13509670;-22.41139;-47.56139;Recanto das Pedras (Assistência);Avenida Marginal Recanto das Pedras;BrasilAPI;47;2025;3621.23
354390;2025;7;1;56384183000140.0;3525120706350;1;13500210;354390;19490329;3;0;0;0;0;0;0;0;0;0;0;2;415020050;415020050;1670.16;917.27;0.0;0.0;0.0;0.0;0.0;0.0;0.0;0.0;0.0;2587.43;0.0;477.38;20250626;20250627;C508;0;27;0;3999;1;0;0;354390;4;76;1;0;10;;1;0;;0;0;0;;0;0;1;0;0;0;0;0;0;1;8291227888;;2082888;;;0;0;3;6;;0;1;0;35;HM35439001N202507.DTS;;;0.0;0.0;0.0;0.0;0.0;0;C501;Z720;J449;I10;;;;;;1;1;1;1;0;0;0;0;0;0.0;Câncer de Mama;13500210;-22.41139;-47.56139;Zona Central;Rua 8;BrasilAPI;76;2025;2587.43
354390;2025;7;1;56384183000140.0;3525120708110;1;13506715;354390;19461130;3;0;0;0;0;0;0;0;0;0;1;1;415020050;415020050;2711.96;917.27;0.0;0.0;0.0;0.0;0.0;0.0;0.0;0.0;0.0;3629.23;0.0;669.59;20250630;20250701;C508;0;12;0;3999;1;0;0;354390;4;78;1;0;10;;1;0;;0;0;0;;0;0;1;0;0;0;0;0;0;0;0;;2082888;;;0;0;3;6;;0;1;0;57;HM35439001N202507.DTS;;;0.0;0.0;0.0;0.0;0.0;0;;;;;;;;;;0;0;0;0;0;0;0;0;0;0.0;Câncer de Mama;13506715;-22.41139;-47.56139;Vila Indaiá;Avenida 18 A;BrasilAPI;78;2025;3629.23
354390;2025;7;1;56384183000140.0;3525120710265;1;13505220;354390;19810110;3;0;0;0;0;0;0;0;0;0;0;1;406020078;406020078;319.44;109.2;0.0;0.0;0.0;0.0;0.0;0.0;0.0;0.0;0.0;428.64;0.0;79.08;20250715;20250715;C509;0;12;0;3999;1;0;0;354390;4;44;0;0;10;;1;0;;0;0;0;;0;0;1;0;0;0;0;0;0;0;0;;2082888;;;0;0;3;6;;0;1;0;143;HM35439001N202507.DTS;;;0.0;0.0;0.0;0.0;0.0;0;;;;;;;;;;0;0;0;0;0;0;0;0;0;0.0;Câncer de Mama;13505220;-22.41139;-47.56139;Jardim Dona Regina Picelli;Rua do Sobrado;BrasilAPI;44;2025;428.64
354390;2025;7;7;56384183000140.0;3525120708703;1;13505280;354390;19830628;3;0;0;0;0;0;0;0;0;0;0;1;409060216;409060216;521.12;151.86;0.0;0.0;0.0;0.0;0.0;0.0;0.0;0.0;0.0;672.98;0.0;124.16;20250707;20250708;C508;0;12;0;3999;1;0;0;354390;4;42;1;0;10;;2;0;;0;0;0;;0;0;1;0;0;0;0;0;0;0;0;;2082888;;;0;0;2;6;;0;1;0;698;HM35439001N202507.DTS;;;0.0;0.0;0.0;0.0;0.0;0;;;;;;;;;;0;0;0;0;0;0;0;0;0;0.0;Câncer de Mama;13505280;-22.41139;-47.56139;Jardim Independência;Rua M 13;BrasilAPI;42;2025;672.98
354390;2025;7;1;56384183000140.0;3525116124772;1;13504210;354390;19631031;3;0;0;0;0;0;0;0;0;0;1;1;415020050;415020050;2711.96;917.27;0.0;0.0;0.0;0.0;0.0;0.0;0.0;0.0;0.0;3629.23;0.0;669.59;20250609;20250610;C509;0;12;0;3999;1;0;0;354390;4;61;1;0;10;;2;0;;0;0;0;;0;0;1;0;0;0;0;0;0;0;0;;2082888;;;0;0;3;6;;0;1;0;11;HM35439001N202507.DTS;;;0.0;0.0;0.0;0.0;0.0;0;;;;;;;;;;0;0;0;0;0;0;0;0;0;0.0;Câncer de Mama;13504210;-22.41139;-47.56139;Jardim Olinda;Avenida 62;BrasilAPI;61;2025;3629.23
354390;2025;7;1;56384183000140.0;3525116125773;1;13506179;354390;19641121;3;0;0;0;0;0;0;0;0;0;1;1;415020050;415020050;3525.88;1216.97;0.0;0.0;0.0;0.0;0.0;0.0;0.0;0.0;0.0;4742.85;0.0;875.06;20250612;20250613;C509;0;12;0;3999;1;0;0;354390;4;60;1;0;286;;1;0;;0;0;0;;0;0;1;0;0;0;0;0;0;0;0;;2082888;;;0;0;3;6;;0;3;0;16;HM35439001N202507.DTS;;;0.0;0.0;0.0;0.0;0.0;0;C773;;;;;;;;;1;0;0;0;0;0;0;0;0;0.0;Câncer de Mama;13506179;-22.41139;-47.56139;Parque Mãe Preta;Rua 9 MP;BrasilAPI;60;2025;4742.85
354390;2025;7;1;56384183000140.0;3525120713598;1;13501590;354390;19710310;3;0;0;0;0;0;0;0;0;0;0;1;415020050;415020050;1588.6;917.27;0.0;0.0;0.0;0.0;0.0;0.0;0.0;0.0;0.0;2505.87;0.0;462.33;20250724;20250725;C508;0;12;0;3999;1;0;0;354390;4;54;1;0;10;;1;0;;0;0;0;;0;0;1;0;0;0;0;0;0;0;0;;2082888;;;0;0;3;6;;0;1;0;248;HM35439001N202507.DTS;;;0.0;0.0;0.0;0.0;0.0;0;C501;;;;;;;;;1;0;0;0;0;0;0;0;0;0.0;Câncer de Mama;13501590;-22.41139;-47.56139;Jardim Anhangüera;Avenida Marginal 1;BrasilAPI;54;2025;2505.87
354390;2025;7;3;56384183000140.0;3525120715952;1;13504686;354390;19740201;3;0;0;0;0;0;0;0;0;0;0;8;304100013;304100013;258.15;8.15;0.0;0.0;0.0;0.0;0.0;0.0;0.0;0.0;0.0;266.3;0.0;49.13;20250702;20250709;C509;0;27;0;3999;1;0;0;354390;4;51;7;0;10;;2;0;;0;0;0;;0;0;1;0;0;0;0;0;0;1;8291227888;;2082888;;;0;0;2;6;;0;1;0;680;HM35439001N202507.DTS;;;0.0;0.0;0.0;0.0;0.0;0;J850;I500;;;;;;;;1;1;0;0;0;0;0;0;0;0.0;Câncer de Mama;13504686;-22.41139;-47.56139;Jardim Boa Vista;Avenida 90 BV;BrasilAPI;51;2025;266.3
354390;2025;7;3;56384183000140.0;3525120715963;1;13504686;354390;19740201;3;0;0;0;0;0;0;0;0;0;0;16;304100021;304100021;647.83;80.14;0.0;0.0;0.0;0.0;0.0;0.0;0.0;0.0;0.0;727.97;0.0;134.31;20250709;20250725;C509;0;12;0;3999;1;0;0;354390;4;51;16;0;10;;2;0;;0;0;0;;0;0;1;0;0;0;0;0;0;1;8291227888;;2082888;;;0;0;2;6;;0;1;0;681;HM35439001N202507.DTS;;;0.0;0.0;0.0;0.0;0.0;0;J850;I500;;;;;;;;1;1;0;0;0;0;0;0;0;0.0;Câncer de Mama;13504686;-22.41139;-47.56139;Jardim Boa Vista;Avenida 90 BV;BrasilAPI;51;2025;727.97
354390;2025;7;3;56384183000140.0;3525120714786;1;13507792;354390;19500721;3;0;0;0;0;0;0;0;0;0;3;4;304100021;304100021;345.35;65.14;0.0;0.0;0.0;0.0;0.0;0.0;0.0;0.0;0.0;410.49;0.0;75.73;20250720;20250723;C508;0;41;0;3999;1;0;0;354390;4;74;3;1;10;;2;0;;0;0;0;;0;0;1;0;0;0;0;0;0;0;0;;2082888;;;0;0;2;6;;0;1;0;644;HM35439001N202507.DTS;;;0.0;0.0;0.0;0.0;0.0;0;A46;I10;;;;;;;;1;1;0;0;0;0;0;0;0;0.0;Câncer de Mama;13507792;-22.41139;-47.56139;Loteamento Fontes e Bosques Alam Grei;Caminho 2;BrasilAPI;74;2025;410.49
350000;2025;5;9;49150352000112.0;3525103404966;1;13503010;354390;19590621;3;0;0;0;0;0;0;0;0;0;0;0;416120059;416120059;2056.6;879.22;0.0;0.0;0.0;0.0;0.0;0.0;0.0;0.0;0.0;2935.82;0.0;538.68;20250415;20250415;C509;0;15;0;3069;2;0;0;350550;4;65;0;0;10;;1;0;;0;0;0;;0;0;1;0;0;0;0;0;0;0;0;;2090236;;;0;0;3;6;;0;1;0;5361;HE35000001N202505.DTS;;;0.0;0.0;0.0;0.0;0.0;0;;;;;;;;;;0;0;0;0;0;0;0;0;0;0.0;Câncer de Mama;13503010;-22.41139;-47.56139;Jardim São Paulo;Rua 25;BrasilAPI;65;2025;2935.82
354390;2025;5;1;56384183000140.0;3525116111396;1;13501050;354390;19710808;3;0;0;0;0;0;0;0;0;0;0;1;416120040;416120040;1869.51;540.59;0.0;0.0;0.0;0.0;0.0;0.0;0.0;0.0;0.0;2410.1;0.0;442.22;20250417;20250418;C509;0;12;0;3999;1;0;0;354390;4;53;1;0;10;;1;0;;0;0;0;;0;0;1;0;0;0;0;0;0;0;0;;2082888;;;0;0;3;6;;0;1;0;17;HM35439001N202505.DTS;;;0.0;0.0;0.0;0.0;0.0;0;;;;;;;;;;0;0;0;0;0;0;0;0;0;0.0;Câncer de Mama;13501050;-22.41139;-47.56139;Cidade Jardim;Rua 4 CJ;BrasilAPI;53;2025;2410.1
354390;2025;5;1;56384183000140.0;3525116122462;1;13502100;354390;19651003;3;0;0;0;0;0;0;0;0;0;0;1;415020050;415020050;2728.76;1216.97;0.0;0.0;0.0;0.0;0.0;0.0;0.0;0.0;0.0;3945.73;0.0;723.98;20250529;20250530;C508;0;12;0;3999;1;0;0;354390;4;59;1;0;10;;2;0;;0;0;0;;0;0;1;0;0;0;0;0;0;0;0;;2082888;;;0;0;3;6;;0;2;0;249;HM35439001N202505.DTS;;;0.0;0.0;0.0;0.0;0.0;0;;;;;;;;;;0;0;0;0;0;0;0;0;0;0.0;Câncer de Mama;13502100;-22.41139;-47.56139;Jardim Residencial das Palmeiras;Avenida dos Costas;BrasilAPI;59;2025;3945.73
354390;2025;5;1;56384183000140.0;3525116119261;1;13506121;354390;19660702;3;0;0;0;0;0;0;0;0;0;0;1;406020078;406020078;319.44;109.2;0.0;0.0;0.0;0.0;0.0;0.0;0.0;0.0;0.0;428.64;0.0;78.64;20250519;20250519;C508;0;12;0;3999;1;0;0;354390;4;58;0;0;10;;1;0;;0;0;0;;0;0;1;0;0;0;0;0;0;0;0;;2082888;;;0;0;3;6;;0;1;0;181;HM35439001N202505.DTS;;;0.0;0.0;0.0;0.0;0.0;0;;;;;;;;;;0;0;0;0;0;0;0;0;0;0.0;Câncer de Mama;13506121;-22.41139;-47.56139;Jardim Parque Residencial;Avenida 84 A;BrasilAPI;58;2025;428.64
354390;2025;5;1;56384183000140.0;3525116117094;1;13506139;354390;19780728;3;0;0;0;0;0;0;0;0;0;0;1;415020050;415020050;2352.84;1216.97;0.0;0.0;0.0;0.0;0.0;0.0;0.0;0.0;0.0;3569.81;0.0;655.01;20250512;20250513;C509;0;12;0;3999;1;0;0;354390;4;46;1;0;10;;1;0;;0;0;0;;0;0;1;0;0;0;0;0;0;0;0;;2082888;;;0;0;3;6;;0;1;0;113;HM35439001N202505.DTS;;;0.0;0.0;0.0;0.0;0.0;0;W999;C508;C773;;;;;;;1;1;1;0;0;0;0;0;0;0.0;Câncer de Mama;13506139;-22.41139;-47.56139;Conjunto Residencial Vila Verde;Rua 8 RV;BrasilAPI;46;2025;3569.81
354390;2025;5;1;56384183000140.0;3525116116676;1;13500240;354390;19641025;3;0;0;0;0;0;0;0;0;0;0;1;415020050;415020050;1670.16;917.27;0.0;0.0;0.0;0.0;0.0;0.0;0.0;0.0;0.0;2587.43;0.0;474.75;20250508;20250509;C509;0;12;0;3999;1;0;0;354390;4;60;1;0;10;;1;0;;0;0;0;;0;0;1;0;0;0;0;0;0;0;0;;2082888;;;0;0;3;6;;0;3;0;94;HM35439001N202505.DTS;;;0.0;0.0;0.0;0.0;0.0;0;W999;I10;;;;;;;;1;1;0;0;0;0;0;0;0;0.0;Câncer de Mama;13500240;-22.41139;-47.56139;Centro;Rua 11;BrasilAPI;60;2025;2587.43
354390;2025;5;1;56384183000140.0;3525116120548;1;13506557;354390;19720110;3;0;0;0;0;0;0;0;0;0;0;1;415020050;415020050;2597.52;1216.97;0.0;0.0;0.0;0.0;0.0;0.0;0.0;0.0;0.0;3814.49;0.0;699.9;20250522;20250523;C508;0;12;0;3999;1;0;0;354390;4;53;1;0;10;;2;0;;0;0;0;;0;0;1;0;0;0;0;0;0;0;0;;2082888;;;0;0;3;6;;0;1;0;216;HM35439001N202505.DTS;;;0.0;0.0;0.0;0.0;0.0;0;;;;;;;;;;0;0;0;0;0;0;0;0;0;0.0;Câncer de Mama;13506557;-22.41139;-47.56139;Vila Nova;Rua 13 A;BrasilAPI;53;2025;3814.49
354390;2025;10;1;56384183000140.0;3525133566273;1;13504120;354390;19610129;3;0;0;0;0;0;0;0;0;0;0;1;415020050;415020050;1833.28;917.27;0.0;0.0;0.0;0.0;0.0;0.0;0.0;0.0;0.0;2750.55;0.0;516.05;20251030;20251031;C509;0;12;0;3999;1;0;0;354390;4;64;1;0;10;;1;0;;0;0;0;;0;0;1;0;0;0;0;0;0;0;0;;2082888;;;0;0;3;6;;0;1;0;287;HM35439001N202510.DTS;;;0.0;0.0;0.0;0.0;0.0;0;V877;C501;;;;;;;;1;1;0;0;0;0;0;0;0;0.0;Câncer de Mama;13504120;-22.41139;-47.56139;Vila Operária;Avenida 36;BrasilAPI;64;2025;2750.55
354390;2025;10;1;56384183000140.0;3525133563446;1;13501370;354390;19620130;3;0;0;0;0;0;0;0;0;0;1;1;415020050;415020050;1678.16;917.27;0.0;0.0;0.0;0.0;0.0;0.0;0.0;0.0;0.0;2595.43;0.0;486.94;20251009;20251010;C509;0;12;0;3999;1;0;0;354390;4;63;1;0;10;;1;0;;0;0;0;;0;0;1;0;0;0;0;0;0;0;0;;2082888;;;0;0;3;6;;0;1;0;182;HM35439001N202510.DTS;;;0.0;0.0;0.0;0.0;0.0;0;C501;I10;;;;;;;;1;1;0;0;0;0;0;0;0;0.0;Câncer de Mama;13501370;-22.41139;-47.56139;Estádio;Rua 20 BE;BrasilAPI;63;2025;2595.43
354390;2025;10;1;56384183000140.0;3525128492336;1;13506134;354390;19630707;3;0;0;0;0;0;0;0;0;0;2;2;415020050;415020050;3402.64;1216.97;0.0;0.0;0.0;0.0;0.0;0.0;0.0;0.0;0.0;4619.61;0.0;866.71;20250908;20250910;C509;0;12;0;3999;1;0;0;354390;4;62;2;0;10;;2;0;;0;0;0;;0;0;1;0;0;0;0;0;0;0;0;;2082888;;;0;0;3;6;;0;1;0;55;HM35439001N202510.DTS;;;0.0;0.0;0.0;0.0;0.0;0;C773;;;;;;;;;1;0;0;0;0;0;0;0;0;0.0;Câncer de Mama;13506134;-22.41139;-47.56139;Conjunto Residencial Vila Verde;Rua 3 RV;BrasilAPI;62;2025;4619.61
354390;2025;10;3;56384183000140.0;3525133560454;1;13505373;354390;19761213;3;0;0;0;0;0;0;0;0;0;0;1;304100021;304100021;317.7;154.48;0.0;0.0;0.0;0.0;0.0;0.0;0.0;0.0;0.0;472.18;0.0;88.58;20251007;20251007;C509;0;12;0;3999;1;0;0;354390;4;48;0;0;10;;1;0;;0;0;0;;0;0;1;0;0;0;0;0;7;1;8291227888;;2082888;;;0;0;2;6;;0;1;0;520;HM35439001N202510.DTS;;;0.0;0.0;0.0;0.0;0.0;0;;;;;;;;;;0;0;0;0;0;0;0;0;0;0.0;Câncer de Mama;13505373;-22.41139;-47.56139;Parque das Indústrias;Rua M 17;BrasilAPI;48;2025;472.18
354390;2025;10;1;56384183000140.0;3525133565712;1;13506181;354390;19801025;3;0;0;0;0;0;0;0;0;0;0;1;415020050;415020050;1670.16;917.27;0.0;0.0;0.0;0.0;0.0;0.0;0.0;0.0;0.0;2587.43;0.0;485.44;20251002;20251003;C509;0;12;0;3999;1;0;0;354390;4;44;1;0;10;;1;0;;0;0;0;;0;0;1;0;0;0;0;0;0;0;0;;2082888;;;0;0;3;6;;0;1;0;269;HM35439001N202510.DTS;;;0.0;0.0;0.0;0.0;0.0;0;;;;;;;;;;0;0;0;0;0;0;0;0;0;0.0;Câncer de Mama;13506181;-22.41139;-47.56139;Parque Mãe Preta;Rua 11 MP;BrasilAPI;44;2025;2587.43
354390;2025;10;1;56384183000140.0;3525133562753;1;13503656;354390;19840909;3;0;0;0;0;0;0;0;0;0;0;1;415020050;415020050;2426.02;1216.97;0.0;0.0;0.0;0.0;0.0;0.0;0.0;0.0;0.0;3642.99;0.0;683.48;20251013;20251014;C509;0;12;0;3999;1;0;0;354390;4;41;1;0;10;;1;0;;0;0;0;;0;0;1;0;0;0;0;0;0;0;0;;2082888;;;0;0;3;6;;0;3;0;155;HM35439001N202510.DTS;;;0.0;0.0;0.0;0.0;0.0;0;C773;;;;;;;;;1;0;0;0;0;0;0;0;0;0.0;Câncer de Mama;13503656;-22.41139;-47.56139;Novo Jardim Wenzel;Avenida 7 JW;BrasilAPI;41;2025;3642.99
354390;2025;10;1;56384183000140.0;3525133567637;1;13506590;354390;19711016;3;0;0;0;0;0;0;0;0;0;0;1;415020050;415020050;1833.28;917.27;0.0;0.0;0.0;0.0;0.0;0.0;0.0;0.0;0.0;2750.55;0.0;516.05;20251030;20251031;C509;0;12;0;3999;1;0;0;354390;4;54;1;0;10;;1;0;;0;0;0;;0;0;1;0;0;0;0;0;0;0;0;;2082888;;;0;0;3;6;;0;3;0;324;HM35439001N202510.DTS;;;0.0;0.0;0.0;0.0;0.0;0;V877;C508;;;;;;;;1;1;0;0;0;0;0;0;0;0.0;Câncer de Mama;13506590;-22.41139;-47.56139;Vila Alemã;Avenida 48 A;BrasilAPI;54;2025;2750.55
354390;2025;10;1;56384183000140.0;3525133565140;1;13505531;354390;19600124;3;0;0;0;0;0;0;0;0;0;1;1;415020050;415020050;1759.72;917.27;0.0;0.0;0.0;0.0;0.0;0.0;0.0;0.0;0.0;2676.99;0.0;502.24;20251023;20251024;C509;0;12;0;3999;1;0;0;354390;4;65;1;0;10;;1;0;;0;0;0;;0;0;1;0;0;0;0;0;0;0;0;;2082888;;;0;0;3;6;;0;3;0;238;HM35439001N202510.DTS;;;0.0;0.0;0.0;0.0;0.0;0;;;;;;;;;;0;0;0;0;0;0;0;0;0;0.0;Câncer de Mama;13505531;-22.41139;-47.56139;Jardim Progresso;Rua M 20A;BrasilAPI;65;2025;2676.99
354390;2025;10;1;56384183000140.0;3525133565492;1;13504450;354390;19780519;3;0;0;0;0;0;0;0;0;0;0;1;415020050;415020050;2385.24;1216.97;0.0;0.0;0.0;0.0;0.0;0.0;0.0;0.0;0.0;3602.21;0.0;675.83;20251023;20251024;C509;0;12;0;3999;1;0;0;354390;4;47;1;0;10;;1;0;;0;0;0;;0;0;1;0;0;0;0;0;0;0;0;;2082888;;;0;0;3;6;;0;2;0;255;HM35439001N202510.DTS;;;0.0;0.0;0.0;0.0;0.0;0;C773;;;;;;;;;1;0;0;0;0;0;0;0;0;0.0;Câncer de Mama;13504450;-22.41139;-47.56139;Parque Universitário;Avenida 62;BrasilAPI;47;2025;3602.21
354390;2021;4;1;56384183000140.0;3521111858110;1;13506837;354390;19500905;3;0;0;0;0;0;0;0;0;0;1;1;415010012;415010012;699.82;239.86;0.0;0.0;0.0;0.0;0.0;0.0;0.0;0.0;0.0;939.68;0.0;179.67;20210401;20210402;C538;0;12;0;3999;1;0;0;354390;4;70;1;0;10;;2;0;;0;0;0;;0;0;1;0;0;0;0;0;0;0;0;;2082888;;;0;0;2;6;;0;1;0;237;HM35439001N202104.DTS;;;0.0;0.0;0.0;0.0;0.0;0;;;;;;;;;;0;0;0;0;0;0;0;0;0;;Câncer do Colo do Útero;13506837;-22.41139;-47.56139;Vila Paulista;Avenida P 37;BrasilAPI;70;2021;939.68
354390;2021;4;3;56384183000140.0;3521111859375;1;13506160;354390;19760908;3;0;0;0;0;0;0;0;0;0;0;4;304100021;304100021;302.3;65.14;0.0;0.0;0.0;0.0;0.0;0.0;0.0;0.0;0.0;367.44;0.0;70.25;20210404;20210407;C539;0;41;0;3999;1;0;0;354390;4;44;3;1;10;;2;0;;0;0;0;;0;0;1;0;0;0;0;0;0;0;0;;2082888;;;0;0;2;6;;0;1;0;579;HM35439001N202104.DTS;;;0.0;0.0;0.0;0.0;0.0;0;;;;;;;;;;0;0;0;0;0;0;0;0;0;;Câncer do Colo do Útero;13506160;-22.41139;-47.56139;Parque Mãe Preta;Avenida 1 MP;BrasilAPI;44;2021;367.44
354390;2021;4;3;56384183000140.0;3521115637545;1;13506837;354390;19500905;3;0;0;0;0;0;0;0;0;0;3;3;304100021;304100021;384.3;65.14;0.0;0.0;0.0;0.0;0.0;0.0;0.0;0.0;0.0;449.44;0.0;85.93;20210414;20210416;C539;0;41;0;3999;1;0;0;354390;4;70;2;1;10;;2;0;;0;0;0;;0;0;1;0;0;0;0;0;0;0;0;;2082888;;;0;0;2;6;;0;1;0;730;HM35439001N202104.DTS;;;0.0;0.0;0.0;0.0;0.0;0;C798;;;;;;;;;1;0;0;0;0;0;0;0;0;;Câncer do Colo do Útero;13506837;-22.41139;-47.56139;Vila Paulista;Avenida P 37;BrasilAPI;70;2021;449.44
354390;2021;2;3;56384183000140.0;3521109535592;1;13502774;354390;19640113;3;0;0;0;0;0;0;0;0;0;0;1;304100021;304100021;320.63;65.14;0.0;0.0;0.0;0.0;0.0;0.0;0.0;0.0;0.0;385.77;0.0;67.79;20210212;20210213;C539;0;12;0;3999;1;0;0;354390;4;57;1;0;10;;2;0;;0;0;0;;0;0;1;0;0;0;0;0;7;1;8291227888;;2082888;;;0;0;2;6;;0;1;0;382;HM35439001N202102.DTS;;;0.0;0.0;0.0;0.0;0.0;0;;;;;;;;;;0;0;0;0;0;0;0;0;0;;Câncer do Colo do Útero;13502774;-22.41139;-47.56139;Jardim das Nações II;Rua 2;BrasilAPI;57;2021;385.77
354390;2021;3;3;56384183000140.0;3521111854348;1;13505244;354390;19560908;3;0;0;0;0;0;0;0;0;0;6;6;304100021;304100021;696.71;65.14;0.0;0.0;0.0;0.0;0.0;0.0;0.0;0.0;0.0;761.85;0.0;141.08;20210319;20210325;C538;0;12;0;3999;1;0;0;354390;4;64;6;0;10;;2;0;;0;0;0;;0;0;1;0;0;0;0;0;0;0;0;;2082888;;;0;0;2;6;;0;1;0;461;HM35439001N202103.DTS;;;0.0;0.0;0.0;0.0;0.0;0;;;;;;;;;;0;0;0;0;0;0;0;0;0;;Câncer do Colo do Útero;13505244;-22.41139;-47.56139;Jardim Independência;Rua M 5;BrasilAPI;64;2021;761.85
354390;2021;11;1;56384183000140.0;3521126315476;1;13500970;354390;19500930;3;0;0;0;0;0;0;0;0;0;4;4;409060038;409060038;1053.91;138.46;0.0;0.0;0.0;0.0;0.0;0.0;0.0;0.0;0.0;1192.37;0.0;214.07;20211018;20211021;C530;0;42;0;3999;1;0;0;354390;4;71;3;1;10;;2;0;;0;0;0;;0;0;1;0;0;0;0;0;0;1;8291227888;;2082888;;;0;0;2;6;;0;3;0;531;HM35439001N202111.DTS;;;0.0;0.0;0.0;0.0;0.0;0;C55;;;;;;;;;1;0;0;0;0;0;0;0;0;;Câncer do Colo do Útero;13500970;-22.41139;-47.56139;Centro;Rua 1 1171;BrasilAPI;71;2021;1192.37
354390;2021;10;1;56384183000140.0;3521123732270;1;13504475;354390;19801117;3;0;0;0;0;0;0;0;0;0;0;1;409010170;409010170;637.76;159.6;0.0;0.0;0.0;0.0;0.0;0.0;0.0;0.0;0.0;797.36;0.0;142.13;20210923;20210923;C538;0;12;0;3999;1;0;0;354390;4;40;0;0;10;;1;0;;0;0;0;;0;0;1;0;0;0;0;0;0;0;0;;2082888;;;0;0;2;6;;0;1;0;20;HM35439001N202110.DTS;;;0.0;0.0;0.0;0.0;0.0;0;;;;;;;;;;0;0;0;0;0;0;0;0;0;;Câncer do Colo do Útero;13504475;-22.41139;-47.56139;Recanto Paraíso;Avenida 68;BrasilAPI;40;2021;797.36
354390;2021;10;3;56384183000140.0;3521126314893;1;13502743;354390;19720820;3;0;0;0;0;0;0;0;0;0;0;1;304100021;304100021;361.41;65.14;0.0;0.0;0.0;0.0;0.0;0.0;0.0;0.0;0.0;426.55;0.0;76.03;20211015;20211016;C539;0;12;0;3999;1;0;0;354390;4;49;1;0;10;;2;0;;0;0;0;;0;0;1;0;0;0;0;0;7;1;8291227888;;2082888;;;0;0;2;6;;0;1;0;479;HM35439001N202110.DTS;;;0.0;0.0;0.0;0.0;0.0;0;;;;;;;;;;0;0;0;0;0;0;0;0;0;;Câncer do Colo do Útero;13502743;-22.41139;-47.56139;Jardim Novo;Rua 3 JN;BrasilAPI;49;2021;426.55
354390;2022;1;1;56384183000140.0;3522106335100;1;13500350;354390;19920211;3;0;0;0;0;0;0;0;0;0;0;1;416060013;416060013;1394.61;454.86;0.0;0.0;0.0;0.0;0.0;0.0;0.0;0.0;0.0;1849.47;0.0;360.52;20220121;20220122;C531;0;12;0;3999;1;0;0;354390;4;29;1;0;10;;2;0;;0;0;0;;0;0;1;0;0;0;0;0;0;0;0;;2082888;;;0;0;3;6;;0;4;0;643;HM35439001N202201.DTS;;;0.0;0.0;0.0;0.0;0.0;0;;;;;;;;;;0;0;0;0;0;0;0;0;0;;Câncer do Colo do Útero;13500350;-22.41139;-47.56139;Saúde;Avenida 11;BrasilAPI;29;2022;1849.47
354390;2022;1;1;56384183000140.0;3522106335264;1;13500576;354390;19550227;3;0;0;0;0;0;0;0;0;0;1;1;416060013;416060013;1402.61;454.86;0.0;0.0;0.0;0.0;0.0;0.0;0.0;0.0;0.0;1857.47;0.0;362.07;20220121;20220122;C531;0;12;0;3999;1;0;0;354390;4;66;1;0;10;;1;0;;0;0;0;;0;0;1;0;0;0;0;0;0;0;0;;2082888;;;0;0;3;6;;0;3;0;647;HM35439001N202201.DTS;;;0.0;0.0;0.0;0.0;0.0;0;;;;;;;;;;0;0;0;0;0;0;0;0;0;;Câncer do Colo do Útero;13500576;-22.41139;-47.56139;Santana;Avenida 28;BrasilAPI;66;2022;1857.47
354390;2022;5;3;56384183000140.0;3522117373160;1;13504825;354390;19900819;3;0;0;0;4;75;0;0;0;0;0;5;304100013;304100013;4091.76;425.2;0.0;0.0;0.0;0.0;0.0;0.0;0.0;0.0;0.0;4516.96;2400.0;863.66;20220502;20220510;C538;0;27;0;3999;1;0;0;354390;4;31;8;0;10;;2;0;;0;0;0;;0;0;1;0;0;0;0;0;0;1;8291227888;;2082888;;;0;0;2;6;;0;3;0;1159;HM35439001N202205.DTS;;;0.0;0.0;0.0;0.0;0.0;0;N939;L932;;;;;;;;1;1;0;0;0;0;0;0;0;;Câncer do Colo do Útero;13504825;-22.3941609;-47.5689227;Jardim Araucária;Rua 6;BrasilAPI;31;2022;4516.96
354390;2022;5;3;56384183000140.0;3522111537549;1;13504825;354390;19900819;3;0;0;0;4;75;0;0;0;0;0;11;304100021;304100021;3224.18;436.75;0.0;0.0;0.0;0.0;0.0;0.0;0.0;0.0;0.0;3660.93;2400.0;699.98;20220510;20220525;C538;0;12;0;3999;1;0;0;354390;4;31;15;0;10;;2;0;;0;0;0;;0;0;1;0;0;0;0;0;0;1;8291227888;;2082888;;;0;0;2;6;;0;3;0;1074;HM35439001N202205.DTS;;;0.0;0.0;0.0;0.0;0.0;0;N939;L932;;;;;;;;1;1;0;0;0;0;0;0;0;;Câncer do Colo do Útero;13504825;-22.3941609;-47.5689227;Jardim Araucária;Rua 6;BrasilAPI;31;2022;3660.93
354390;2022;11;3;56384183000140.0;3522130712507;1;13503503;354390;19710202;3;0;0;0;0;0;0;0;0;0;0;8;304100021;304100021;344.77;65.14;0.0;0.0;0.0;0.0;0.0;0.0;0.0;0.0;0.0;409.91;0.0;78.67;20221110;20221117;C538;0;27;0;3999;1;0;0;354390;4;51;7;0;10;;2;0;;0;0;0;;0;0;1;0;0;0;0;0;0;1;8291227888;;2082888;;;0;0;2;6;;0;3;0;529;HM35439001N202211.DTS;;;0.0;0.0;0.0;0.0;0.0;0;N179;Z720;Z721;Z722;B220;;;;;1;1;1;1;1;0;0;0;0;;Câncer do Colo do Útero;13503503;-22.41139;-47.56139;Jardim Centenário;Avenida 12 JC;BrasilAPI;51;2022;409.91
354390;2022;11;1;56384183000140.0;3522130712496;1;13503503;354390;19710202;3;0;0;0;0;0;0;0;0;0;0;5;409010170;409010170;671.95;163.47;0.0;0.0;0.0;0.0;0.0;0.0;0.0;0.0;0.0;835.42;0.0;160.34;20221117;20221122;C538;0;12;0;3999;1;0;0;354390;4;51;5;0;10;;2;0;;0;0;0;;0;0;1;0;0;0;0;0;0;1;8291227888;;2082888;;;0;0;2;6;;0;3;0;150;HM35439001N202211.DTS;;;0.0;0.0;0.0;0.0;0.0;0;;;;;;;;;;0;0;0;0;0;0;0;0;0;;Câncer do Colo do Útero;13503503;-22.41139;-47.56139;Jardim Centenário;Avenida 12 JC;BrasilAPI;51;2022;835.42
354390;2022;11;1;56384183000140.0;3522130715235;1;13504764;354390;19630209;3;0;0;0;0;0;0;0;0;0;0;4;415010012;415010012;3849.33;532.74;0.0;0.0;0.0;0.0;0.0;0.0;0.0;0.0;0.0;4382.07;0.0;841.08;20221104;20221107;C539;0;27;0;3999;1;0;0;354390;4;59;3;0;10;;2;0;;0;0;0;;0;0;1;0;0;0;0;0;0;1;8291227888;;2082888;;;0;0;2;6;;0;1;0;230;HM35439001N202211.DTS;;;0.0;0.0;0.0;0.0;0.0;0;W999;K550;K660;K650;;;;;;1;1;1;1;0;0;0;0;0;;Câncer do Colo do Útero;13504764;-22.41139;-47.56139;Batovi;Avenida 3;BrasilAPI;59;2022;4382.07
354390;2022;3;1;56384183000140.0;3522111527540;1;13504825;354390;19900819;3;0;0;0;0;0;0;0;0;0;0;1;406020078;406020078;446.85;109.2;0.0;0.0;0.0;0.0;0.0;0.0;0.0;0.0;0.0;556.05;0.0;113.24;20220314;20220315;C539;0;12;0;3999;1;0;0;354390;4;31;1;0;10;;1;0;;0;0;0;;0;0;1;0;0;0;0;0;0;0;0;;2082888;;;0;0;3;6;;0;3;0;839;HM35439001N202203.DTS;;;0.0;0.0;0.0;0.0;0.0;0;;;;;;;;;;0;0;0;0;0;0;0;0;0;;Câncer do Colo do Útero;13504825;-22.3941609;-47.5689227;Jardim Araucária;Rua 6;BrasilAPI;31;2022;556.05
350000;2023;1;1;46374500016430.0;3522120685402;1;13502600;354390;19590726;3;0;0;0;0;0;0;0;0;0;0;40;412040166;412040166;1991.6;516.51;0.0;0.0;0.0;0.0;0.0;0.0;0.0;0.0;0.0;2508.11;0.0;482.32;20221029;20221207;C539;0;41;0;1023;2;0;0;355030;4;63;39;1;10;;2;0;;0;0;0;;0;0;1;0;0;0;0;0;14;1;84474017820;;6123740;46374500000194.0;;0;0;2;6;;7102;1;0;91166;HE35000001N202301.DTS;;;0.0;0.0;0.0;0.0;0.0;0;N739;N179;I269;A419;;;;;;1;1;1;1;0;0;0;0;0;;Câncer do Colo do Útero;13502600;-22.41139;-47.56139;Jardim Novo II;Rua 6 JN;BrasilAPI;63;2022;2508.11
354390;2023;1;1;56384183000140.0;3523106177602;1;13505371;354390;19780723;3;0;0;0;0;0;0;0;0;0;0;1;409060046;409060046;169.34;57.19;0.0;0.0;0.0;0.0;0.0;0.0;0.0;0.0;0.0;226.53;0.0;43.56;20230109;20230109;C530;0;12;0;3999;1;0;0;354390;4;44;0;0;10;;1;0;;0;0;0;;0;0;1;0;0;0;0;0;0;0;0;;2082888;;;0;0;2;6;;0;1;0;102;HM35439001N202301.DTS;;;0.0;0.0;0.0;0.0;0.0;0;;;;;;;;;;0;0;0;0;0;0;0;0;0;;Câncer do Colo do Útero;13505371;-22.41139;-47.56139;Parque das Indústrias;Rua M 15;BrasilAPI;44;2023;226.53
354390;2023;9;1;56384183000140.0;3523123144520;1;13506780;354390;19810805;3;0;0;0;0;0;0;0;0;0;0;2;415020050;415020050;2951.4;1022.84;0.0;0.0;0.0;0.0;0.0;0.0;0.0;0.0;0.0;3974.24;0.0;786.97;20230911;20230913;C538;0;12;0;3999;1;0;0;354390;4;42;2;0;10;;1;0;;0;0;0;;0;0;1;0;0;0;0;0;0;0;0;;2082888;;;0;0;3;6;;0;3;0;891;HM35439001N202309.DTS;;;0.0;0.0;0.0;0.0;0.0;0;C775;;;;;;;;;1;0;0;0;0;0;0;0;0;;Câncer do Colo do Útero;13506780;-22.41139;-47.56139;Cidade Nova;Avenida 2 A;BrasilAPI;42;2023;3974.24
354390;2023;7;1;56384183000140.0;3523119584259;1;13501390;354390;19951105;3;0;0;0;0;0;0;0;0;0;0;1;409060038;409060038;345.98;138.46;0.0;0.0;0.0;0.0;0.0;0.0;0.0;0.0;0.0;484.44;0.0;98.46;20230707;20230707;C531;0;12;0;3999;1;0;0;354390;4;27;0;0;10;;1;0;;0;0;0;;0;0;1;0;0;0;0;0;0;0;0;;2082888;;;0;0;2;6;;0;1;0;814;HM35439001N202307.DTS;;;0.0;0.0;0.0;0.0;0.0;0;;;;;;;;;;0;0;0;0;0;0;0;0;0;;Câncer do Colo do Útero;13501390;-22.41139;-47.56139;Estádio;Avenida 23;BrasilAPI;27;2023;484.44
354390;2023;6;3;56384183000140.0;3523115869570;1;13505244;354390;19560908;3;0;0;0;0;0;0;0;0;0;2;2;304100021;304100021;341.65;65.14;0.0;0.0;0.0;0.0;0.0;0.0;0.0;0.0;0.0;406.79;0.0;85.82;20230530;20230601;C539;0;12;0;3999;1;0;0;354390;4;66;2;0;10;;2;0;;0;0;0;;0;0;1;0;0;0;0;0;0;0;0;;2082888;;;0;0;2;6;;0;1;0;453;HM35439001N202306.DTS;;;0.0;0.0;0.0;0.0;0.0;0;N179;I10;Z720;;;;;;;1;1;1;0;0;0;0;0;0;;Câncer do Colo do Útero;13505244;-22.41139;-47.56139;Jardim Independência;Rua M 5;BrasilAPI;66;2023;406.79
354390;2023;6;1;56384183000140.0;3523115867470;1;13506352;354390;19740529;3;0;0;0;0;0;0;0;0;0;0;2;416060064;416060064;5353.86;1164.93;0.0;0.0;0.0;0.0;0.0;0.0;0.0;0.0;0.0;6518.79;0.0;1375.27;20230523;20230525;C538;0;12;0;3999;1;0;0;354390;4;48;2;0;10;;1;0;;0;0;0;;0;0;1;0;0;0;0;0;0;0;0;;2082888;;;0;0;3;6;;0;1;0;30;HM35439001N202306.DTS;;;0.0;0.0;0.0;0.0;0.0;0;Z720;;;;;;;;;1;0;0;0;0;0;0;0;0;;Câncer do Colo do Útero;13506352;-22.41139;-47.56139;Vila Industrial;Rua 3 VI;BrasilAPI;48;2023;6518.79
354390;2023;3;1;56384183000140.0;3523106185511;1;13504686;354390;19520826;3;0;0;0;0;0;0;0;0;0;1;1;415020050;415020050;2633.16;1022.84;0.0;0.0;0.0;0.0;0.0;0.0;0.0;0.0;0.0;3656.0;0.0;731.2;20230214;20230214;C538;0;27;0;3999;1;0;0;354390;4;70;0;0;10;;1;0;;0;0;0;;0;0;1;0;0;0;0;0;0;1;8291227888;;2082888;;;0;0;3;6;;0;1;0;6;HM35439001N202303.DTS;;;0.0;0.0;0.0;0.0;0.0;0;C775;;;;;;;;;1;0;0;0;0;0;0;0;0;;Câncer do Colo do Útero;13504686;-22.41139;-47.56139;Jardim Boa Vista;Avenida 90 BV;BrasilAPI;70;2023;3656.0
354390;2023;3;3;56384183000140.0;3523114082994;1;13500144;354390;19450121;3;0;0;0;0;0;0;0;0;0;6;6;304100021;304100021;408.3;65.14;0.0;0.0;0.0;0.0;0.0;0.0;0.0;0.0;0.0;473.44;0.0;94.68;20230325;20230330;C539;0;41;0;3999;1;0;0;354390;4;78;5;1;10;;2;0;;0;0;0;;0;0;1;0;0;0;0;0;0;0;0;;2082888;;;0;0;2;6;;0;1;0;598;HM35439001N202303.DTS;;;0.0;0.0;0.0;0.0;0.0;0;I10;R54;;;;;;;;1;1;0;0;0;0;0;0;0;;Câncer do Colo do Útero;13500144;-22.41139;-47.56139;Centro;Rua 8;BrasilAPI;78;2023;473.44
354390;2023;3;3;56384183000140.0;3523110962855;1;13506181;354390;19490903;3;0;0;0;0;0;0;0;0;0;0;1;304100021;304100021;320.3;65.14;0.0;0.0;0.0;0.0;0.0;0.0;0.0;0.0;0.0;385.44;0.0;77.08;20230316;20230316;C538;0;12;0;3999;1;0;0;354390;4;73;0;0;10;;2;0;;0;0;0;;0;0;1;0;0;0;0;0;7;1;8291227888;;2082888;;;0;0;2;6;;0;1;0;475;HM35439001N202303.DTS;;;0.0;0.0;0.0;0.0;0.0;0;;;;;;;;;;0;0;0;0;0;0;0;0;0;;Câncer do Colo do Útero;13506181;-22.41139;-47.56139;Parque Mãe Preta;Rua 11 MP;BrasilAPI;73;2023;385.44
354390;2023;8;1;56384183000140.0;3523119595347;1;13506271;354390;19810821;3;0;0;0;0;0;0;0;0;0;0;1;409060038;409060038;345.98;138.46;0.0;0.0;0.0;0.0;0.0;0.0;0.0;0.0;0.0;484.44;0.0;96.88;20230817;20230818;C539;0;12;0;3999;1;0;0;354390;4;41;1;0;10;;2;0;;0;0;0;;0;0;1;0;0;0;0;0;0;0;0;;2082888;;;0;0;2;6;;0;1;0;885;HM35439001N202308.DTS;;;0.0;0.0;0.0;0.0;0.0;0;;;;;;;;;;0;0;0;0;0;0;0;0;0;;Câncer do Colo do Útero;13506271;-22.41139;-47.56139;Residencial Florença;Rua 2 RF;BrasilAPI;41;2023;484.44
354390;2024;1;1;56384183000140.0;3524106166911;1;13500190;354390;19740922;3;0;0;0;0;0;0;0;0;0;0;3;416060080;416060080;4379.52;1164.93;0.0;0.0;0.0;0.0;0.0;0.0;0.0;0.0;0.0;5544.45;0.0;1120.09;20240102;20240105;C530;0;12;0;3999;1;0;0;354390;4;49;3;0;10;;1;0;;0;0;0;;0;0;1;0;0;0;0;0;0;0;0;;2082888;;;0;0;3;6;;0;1;0;125;HM35439001N202401.DTS;;;0.0;0.0;0.0;0.0;0.0;0;I10;;;;;;;;;1;0;0;0;0;0;0;0;0;;Câncer do Colo do Útero;13500190;-22.41139;-47.56139;Zona Central;Rua 6;BrasilAPI;49;2024;5544.45
354390;2024;9;1;56384183000140.0;3524123177300;1;13503683;354390;19970101;3;0;0;0;0;0;0;0;0;0;0;2;415020050;415020050;4544.6;1639.41;0.0;0.0;0.0;0.0;0.0;0.0;0.0;0.0;0.0;6184.01;0.0;1071.75;20240923;20240925;C538;0;12;0;3999;1;0;0;354390;4;27;2;0;10;;1;0;;0;0;0;;0;0;1;0;0;0;0;0;0;0;0;;2082888;;;0;0;3;6;;0;3;0;220;HM35439001N202409.DTS;;;0.0;0.0;0.0;0.0;0.0;0;W999;C786;;;;;;;;1;1;0;0;0;0;0;0;0;;Câncer do Colo do Útero;13503683;-22.41139;-47.56139;Jardim Bom Sucesso;Rua 5 JW;BrasilAPI;27;2024;6184.01
354390;2024;9;1;56384183000140.0;3524123175056;1;13506720;354390;19560618;3;0;0;0;0;0;0;0;0;0;0;1;416060110;416060110;1915.14;568.0;0.0;0.0;0.0;0.0;0.0;0.0;0.0;0.0;0.0;2483.14;0.0;430.35;20240916;20240917;C538;0;12;0;3999;1;0;0;354390;4;68;1;0;10;;2;0;;0;0;0;;0;0;1;0;0;0;0;0;0;0;0;;2082888;;;0;0;3;6;;0;1;0;159;HM35439001N202409.DTS;;;0.0;0.0;0.0;0.0;0.0;0;W999;I10;E148;;;;;;;1;1;1;0;0;0;0;0;0;;Câncer do Colo do Útero;13506720;-22.41139;-47.56139;Vila Indaiá;Avenida 16 A;BrasilAPI;68;2024;2483.14
354390;2024;7;1;56384183000140.0;3524117726789;1;13502100;354390;19860927;3;0;0;0;0;0;0;0;0;0;0;1;409060038;409060038;631.44;138.46;0.0;0.0;0.0;0.0;0.0;0.0;0.0;0.0;0.0;769.9;0.0;136.26;20240717;20240717;C530;0;12;0;3999;1;0;0;354390;4;37;0;0;10;;1;0;;0;0;0;;0;0;1;0;0;0;0;0;0;0;0;;2082888;;;0;0;2;6;;0;1;0;170;HM35439001N202407.DTS;;;0.0;0.0;0.0;0.0;0.0;0;W999;T784;;;;;;;;1;1;0;0;0;0;0;0;0;;Câncer do Colo do Útero;13502100;-22.41139;-47.56139;Jardim Residencial das Palmeiras;Avenida dos Costas;BrasilAPI;37;2024;769.9
354390;2024;3;1;56384183000140.0;3524106175788;1;13506505;354390;19960527;3;0;0;0;0;0;0;0;0;0;0;1;409060038;409060038;345.98;138.46;0.0;0.0;0.0;0.0;0.0;0.0;0.0;0.0;0.0;484.44;0.0;93.7;20240227;20240228;C530;0;12;0;3999;1;0;0;354390;4;27;1;0;10;;2;0;;0;0;0;;0;0;1;0;0;0;0;0;0;0;0;;2082888;;;0;0;2;6;;0;3;0;23;HM35439001N202403.DTS;;;0.0;0.0;0.0;0.0;0.0;0;W999;;;;;;;;;1;0;0;0;0;0;0;0;0;;Câncer do Colo do Útero;13506505;-22.41139;-47.56139;Jardim Bandeirante (COHAB);Rua 6 JB;BrasilAPI;27;2024;484.44
354390;2024;3;1;56384183000140.0;3524111929602;1;13506690;354390;19440821;3;0;0;0;0;0;0;0;0;0;3;3;415020050;415020050;3764.52;1022.84;0.0;0.0;0.0;0.0;0.0;0.0;0.0;0.0;0.0;4787.36;0.0;925.98;20240311;20240314;C538;0;12;0;3999;1;0;0;354390;4;79;3;0;10;;2;0;;0;0;0;;0;0;1;0;0;0;0;0;0;0;0;;2082888;;;0;0;3;6;;0;1;0;203;HM35439001N202403.DTS;;;0.0;0.0;0.0;0.0;0.0;0;C775;;;;;;;;;1;0;0;0;0;0;0;0;0;;Câncer do Colo do Útero;13506690;-22.41139;-47.56139;Vila Alemã;Avenida 26 A;BrasilAPI;79;2024;4787.36
354390;2025;2;3;56384183000140.0;3525111302174;1;13504310;354390;19800605;3;0;0;0;0;0;0;0;0;0;0;4;304100021;304100021;391.91;65.14;0.0;0.0;0.0;0.0;0.0;0.0;0.0;0.0;0.0;457.05;0.0;79.62;20250217;20250221;C539;0;12;0;3999;1;0;0;354390;4;44;4;0;10;;2;0;;0;0;0;;0;0;1;0;0;0;0;0;0;0;0;;2082888;;;0;0;2;6;;0;1;0;575;HM35439001N202502.DTS;;;0.0;0.0;0.0;0.0;0.0;0;W999;D649;I10;B020;N390;;;;;1;1;1;1;1;0;0;0;0;;Câncer do Colo do Útero;13504310;-22.41139;-47.56139;Jardim Paulista II;Rua 28;BrasilAPI;44;2025;457.05
354390;2025;12;3;56384183000140.0;3525133579385;1;13505305;354390;19700403;3;0;0;0;0;0;0;0;0;0;0;2;304100021;304100021;440.93;65.14;0.0;0.0;0.0;0.0;0.0;0.0;0.0;0.0;0.0;506.07;0.0;96.94;20251202;20251204;C539;0;12;0;3999;1;0;0;354390;4;55;2;0;10;;2;0;;0;0;0;;0;0;1;0;0;0;0;0;0;0;0;;2082888;;;0;0;2;6;;0;3;0;1511;HM35439001N202512.DTS;;;0.0;0.0;0.0;0.0;0.0;0;V877;N200;T784;;;;;;;1;1;1;0;0;0;0;0;0;0.0;Câncer do Colo do Útero;13505305;-22.41139;-47.56139;Jardim Cherveson;Rua M 20;BrasilAPI;55;2025;506.07
354390;2025;12;3;56384183000140.0;3525135051933;1;13502772;354390;19820206;3;0;0;0;0;0;0;0;0;0;0;2;304100021;304100021;429.77;65.14;0.0;0.0;0.0;0.0;0.0;0.0;0.0;0.0;0.0;494.91;0.0;94.81;20251217;20251219;C539;0;12;0;3999;1;0;0;354390;4;43;2;0;10;;2;0;;0;0;0;;0;0;1;0;0;0;0;0;0;0;0;;2082888;;;0;0;2;6;;0;3;0;1608;HM35439001N202512.DTS;;;0.0;0.0;0.0;0.0;0.0;0;N939;;;;;;;;;1;0;0;0;0;0;0;0;0;0.0;Câncer do Colo do Útero;13502772;-22.41139;-47.56139;Jardim das Nações I;Rua 2;BrasilAPI;43;2025;494.91
354390;2025;12;1;56384183000140.0;3525133576680;1;13506057;354390;19860607;3;0;0;0;0;0;0;0;0;0;0;4;409060127;409060127;687.49;273.43;0.0;0.0;0.0;0.0;0.0;0.0;0.0;0.0;0.0;960.92;0.0;184.08;20251203;20251207;C530;0;12;0;3999;1;0;0;354390;4;39;4;0;10;;2;0;;0;0;0;;0;0;1;0;0;0;0;0;0;0;0;;2082888;;;0;0;2;6;;0;1;0;1071;HM35439001N202512.DTS;;;0.0;0.0;0.0;0.0;0.0;0;V877;E039;;;;;;;;1;1;0;0;0;0;0;0;0;0.0;Câncer do Colo do Útero;13506057;-22.41139;-47.56139;Jardim América;Avenida 64 A;BrasilAPI;39;2025;960.92
354390;2025;12;1;56384183000140.0;3525133576624;1;13505315;354390;19920624;3;0;0;0;0;0;0;0;0;0;0;1;409060038;409060038;614.73;138.46;0.0;0.0;0.0;0.0;0.0;0.0;0.0;0.0;0.0;753.19;0.0;144.28;20251203;20251204;C530;0;12;0;3999;1;0;0;354390;4;33;1;0;10;;2;0;;0;0;0;;0;0;1;0;0;0;0;0;0;0;0;;2082888;;;0;0;2;6;;0;3;0;1067;HM35439001N202512.DTS;;;0.0;0.0;0.0;0.0;0.0;0;;;;;;;;;;0;0;0;0;0;0;0;0;0;0.0;Câncer do Colo do Útero;13505315;-22.41139;-47.56139;Jardim Cherveson;Rua M 22;BrasilAPI;33;2025;753.19
354390;2025;1;1;56384183000140.0;3524128080704;1;13506746;354390;19750303;3;0;0;0;0;0;0;0;0;0;0;2;415020050;415020050;2869.84;1022.84;0.0;0.0;0.0;0.0;0.0;0.0;0.0;0.0;0.0;3892.68;0.0;666.55;20241203;20241205;C538;0;12;0;3999;1;0;0;354390;4;49;2;0;10;;1;0;;0;0;0;;0;0;1;0;0;0;0;0;0;0;0;;2082888;;;0;0;3;6;;0;3;0;18;HM35439001N202501.DTS;;;0.0;0.0;0.0;0.0;0.0;0;C775;;;;;;;;;1;0;0;0;0;0;0;0;0;;Câncer do Colo do Útero;13506746;-22.41139;-47.56139;Vila Indaiá;Rua 12 B;BrasilAPI;49;2024;3892.68
354390;2025;1;3;56384183000140.0;3525111292527;1;13505090;354390;19490623;3;0;0;0;0;0;0;0;0;0;4;4;304100021;304100021;394.3;65.14;0.0;0.0;0.0;0.0;0.0;0.0;0.0;0.0;0.0;459.44;0.0;78.67;20250113;20250116;C539;0;41;0;3999;1;0;0;354390;4;75;3;1;10;;2;0;;0;0;0;;0;0;1;0;0;0;0;0;0;0;0;;2082888;;;0;0;2;6;;0;1;0;473;HM35439001N202501.DTS;;;0.0;0.0;0.0;0.0;0.0;0;;;;;;;;;;0;0;0;0;0;0;0;0;0;;Câncer do Colo do Útero;13505090;-22.41139;-47.56139;Jardim Floridiana;Rua M 6;BrasilAPI;75;2025;459.44
354390;2025;1;1;56384183000140.0;3525111290272;1;13505220;354390;19840106;3;0;0;0;0;0;0;0;0;0;0;2;407020101;407020101;1069.39;189.32;0.0;0.0;0.0;0.0;0.0;0.0;0.0;0.0;0.0;1258.71;0.0;215.53;20250103;20250105;C539;0;12;0;3999;1;0;0;354390;4;40;2;0;10;;2;0;;0;0;0;;0;0;1;0;0;0;0;0;0;0;0;;2082888;;;0;0;2;6;;0;1;0;62;HM35439001N202501.DTS;;;0.0;0.0;0.0;0.0;0.0;0;;;;;;;;;;0;0;0;0;0;0;0;0;0;;Câncer do Colo do Útero;13505220;-22.41139;-47.56139;Jardim Dona Regina Picelli;Rua do Sobrado;BrasilAPI;40;2025;1258.71
354390;2025;1;3;56384183000140.0;3525111290525;1;13504825;354390;19880320;3;0;0;0;0;0;0;0;0;0;0;3;304100021;304100021;302.3;65.14;0.0;0.0;0.0;0.0;0.0;0.0;0.0;0.0;0.0;367.44;0.0;62.91;20250105;20250107;C538;0;27;0;3999;1;0;0;354390;4;36;2;0;10;;2;0;;0;0;0;;0;0;1;0;0;0;0;0;0;1;8291227888;;2082888;;;0;0;2;6;;0;1;0;401;HM35439001N202501.DTS;;;0.0;0.0;0.0;0.0;0.0;0;;;;;;;;;;0;0;0;0;0;0;0;0;0;;Câncer do Colo do Útero;13504825;-22.3941609;-47.5689227;Jardim Araucária;Rua 6;BrasilAPI;36;2025;367.44
354390;2025;11;3;56384183000140.0;3525133575557;1;13500340;354390;19530507;3;0;0;0;0;0;0;0;0;0;7;8;304100021;304100021;438.13;65.14;0.0;0.0;0.0;0.0;0.0;0.0;0.0;0.0;0.0;503.27;0.0;91.5;20251118;20251125;C530;0;41;0;3999;1;0;0;354390;4;72;7;1;10;;2;0;;0;0;0;;0;0;1;0;0;0;0;0;0;0;0;;2082888;;;0;0;2;6;;0;1;0;674;HM35439001N202511.DTS;;;0.0;0.0;0.0;0.0;0.0;0;V877;K564;;;;;;;;1;1;0;0;0;0;0;0;0;0.0;Câncer do Colo do Útero;13500340;-22.41139;-47.56139;Saúde;Avenida 13;BrasilAPI;72;2025;503.27
353870;2025;3;3;54384631000261.0;3525113953010;1;13504641;354390;19780723;3;0;0;0;0;0;0;0;0;0;0;3;304100021;304100021;302.3;65.14;0.0;0.0;0.0;0.0;0.0;0.0;0.0;0.0;0.0;367.44;0.0;64.91;20250314;20250317;C538;0;12;0;3999;1;0;0;353870;4;46;3;0;10;;2;0;;0;0;0;;0;0;1;0;0;0;0;0;0;0;0;;2087057;;;0;0;2;6;;0;1;0;750;HM35387001N202503.DTS;;;0.0;0.0;0.0;0.0;0.0;0;R521;;;;;;;;;2;0;0;0;0;0;0;0;0;0.0;Câncer do Colo do Útero;13504641;-22.41139;-47.56139;Jardim das Paineiras;Avenida 50 PA;BrasilAPI;46;2025;367.44
354390;2025;3;1;56384183000140.0;3525111307135;1;13506749;354390;19890812;3;0;0;0;0;0;0;0;0;0;0;1;303150050;409060046;191.79;57.19;0.0;0.0;0.0;0.0;0.0;0.0;0.0;0.0;0.0;248.98;0.0;43.98;20250306;20250307;C530;0;12;0;3999;1;0;0;354390;4;35;1;0;10;;2;0;;0;0;0;;0;0;1;0;0;0;0;0;0;0;0;;2082888;;;0;0;2;6;;0;3;0;151;HM35439001N202503.DTS;;;0.0;0.0;0.0;0.0;0.0;0;;;;;;;;;;0;0;0;0;0;0;0;0;0;0.0;Câncer do Colo do Útero;13506749;-22.41139;-47.56139;Vila Bela Vista;Rua 14 B;BrasilAPI;35;2025;248.98
354390;2025;3;3;56384183000140.0;3525111304110;1;13504310;354390;19800605;3;0;0;0;0;0;0;0;0;0;0;10;304100021;304100021;374.28;72.88;0.0;0.0;0.0;0.0;0.0;0.0;0.0;0.0;0.0;447.16;0.0;79.0;20250228;20250309;C539;0;41;0;3999;1;0;0;354390;4;44;9;1;10;;2;0;;0;0;0;;0;0;1;0;0;0;0;0;0;0;0;;2082888;;;0;0;2;6;;0;1;0;406;HM35439001N202503.DTS;;;0.0;0.0;0.0;0.0;0.0;0;W999;C340;;;;;;;;1;1;0;0;0;0;0;0;0;0.0;Câncer do Colo do Útero;13504310;-22.41139;-47.56139;Jardim Paulista II;Rua 28;BrasilAPI;44;2025;447.16
354390;2025;4;1;56384183000140.0;3525116111320;1;13506347;354390;19960413;3;0;0;0;0;0;0;0;0;0;0;1;409060038;409060038;345.98;138.46;0.0;0.0;0.0;0.0;0.0;0.0;0.0;0.0;0.0;484.44;0.0;84.98;20250416;20250416;C530;0;12;0;3999;1;0;0;354390;4;29;0;0;10;;2;0;;0;0;0;;0;0;1;0;0;0;0;0;0;0;0;;2082888;;;0;0;2;6;;0;3;0;154;HM35439001N202504.DTS;;;0.0;0.0;0.0;0.0;0.0;0;;;;;;;;;;0;0;0;0;0;0;0;0;0;0.0;Câncer do Colo do Útero;13506347;-22.41139;-47.56139;Vila Industrial;Avenida Particular 2;BrasilAPI;29;2025;484.44
354390;2025;4;1;56384183000140.0;3525116112640;1;13504825;354390;19880320;3;0;0;0;0;0;0;0;0;0;0;3;406020078;406020078;335.63;113.07;0.0;0.0;0.0;0.0;0.0;0.0;0.0;0.0;0.0;448.7;0.0;78.71;20250414;20250417;C539;0;12;0;3999;1;0;0;354390;4;37;3;0;10;;2;0;;0;0;0;;0;0;1;0;0;0;0;0;0;1;8291227888;;2082888;;;0;0;3;6;;0;1;0;188;HM35439001N202504.DTS;;;0.0;0.0;0.0;0.0;0.0;0;;;;;;;;;;0;0;0;0;0;0;0;0;0;0.0;Câncer do Colo do Útero;13504825;-22.3941609;-47.5689227;Jardim Araucária;Rua 6;BrasilAPI;37;2025;448.7
354390;2025;4;1;56384183000140.0;3525116108976;1;13505220;354390;19840106;3;0;0;0;0;0;0;0;0;0;0;1;409010065;409010065;407.66;160.06;0.0;0.0;0.0;0.0;0.0;0.0;0.0;0.0;0.0;567.72;0.0;99.6;20250408;20250408;C530;0;12;0;3999;1;0;0;354390;4;41;0;0;10;;1;0;;0;0;0;;0;0;1;0;0;0;0;0;0;0;0;;2082888;;;0;0;2;6;;0;1;0;88;HM35439001N202504.DTS;;;0.0;0.0;0.0;0.0;0.0;0;W999;T191;;;;;;;;1;1;0;0;0;0;0;0;0;0.0;Câncer do Colo do Útero;13505220;-22.41139;-47.56139;Jardim Dona Regina Picelli;Rua do Sobrado;BrasilAPI;41;2025;567.72
354390;2025;4;3;56384183000140.0;3525116112639;1;13504825;354390;19880320;3;0;0;0;0;0;0;0;0;0;0;5;304100021;304100021;704.1;65.14;0.0;0.0;0.0;0.0;0.0;0.0;0.0;0.0;0.0;769.24;0.0;134.95;20250410;20250414;C539;0;27;0;3999;1;0;0;354390;4;37;4;0;10;;2;0;;0;0;0;;0;0;1;0;0;0;0;0;14;1;8291227888;;2082888;;;0;0;2;6;;0;1;0;543;HM35439001N202504.DTS;;;0.0;0.0;0.0;0.0;0.0;0;;;;;;;;;;0;0;0;0;0;0;0;0;0;0.0;Câncer do Colo do Útero;13504825;-22.3941609;-47.5689227;Jardim Araucária;Rua 6;BrasilAPI;37;2025;769.24
354390;2025;9;1;56384183000140.0;3525128498639;1;13503665;354390;19941110;3;0;0;0;0;0;0;0;0;0;0;1;409060038;409060038;345.98;138.46;0.0;0.0;0.0;0.0;0.0;0.0;0.0;0.0;0.0;484.44;0.0;90.04;20250910;20250911;C539;0;12;0;3999;1;0;0;354390;4;30;1;0;10;;1;0;;0;0;0;;0;0;1;0;0;0;0;0;0;0;0;;2082888;;;0;0;2;6;;0;1;0;231;HM35439001N202509.DTS;;;0.0;0.0;0.0;0.0;0.0;0;F411;;;;;;;;;1;0;0;0;0;0;0;0;0;0.0;Câncer do Colo do Útero;13503665;-22.41139;-47.56139;Novo Jardim Wenzel;Rua 6 JW;BrasilAPI;30;2025;484.44
354390;2025;9;3;56384183000140.0;3525128498397;1;13505270;354390;19520111;3;0;0;0;0;0;0;0;0;0;0;9;304100013;304100013;519.86;23.3;0.0;0.0;0.0;0.0;0.0;0.0;0.0;0.0;0.0;543.16;0.0;100.95;20250824;20250901;C539;0;27;0;3999;1;0;0;354390;4;73;8;0;10;;2;0;;0;0;0;;0;0;1;0;0;0;0;0;0;1;8291227888;;2082888;;;0;0;2;6;;0;3;0;647;HM35439001N202509.DTS;;;0.0;0.0;0.0;0.0;0.0;0;K746;D649;I10;E149;;;;;;1;1;1;1;0;0;0;0;0;0.0;Câncer do Colo do Útero;13505270;-22.41139;-47.56139;Jardim Independência;Rua M 12;BrasilAPI;73;2025;543.16
354390;2025;9;3;56384183000140.0;3525128498408;1;13505270;354390;19520111;3;0;0;0;3;75;0;0;0;0;0;10;304100021;304100021;2107.77;373.03;0.0;0.0;0.0;0.0;0.0;0.0;0.0;0.0;0.0;2480.8;1800.0;461.11;20250902;20250914;C539;0;41;0;3999;1;0;0;354390;4;73;12;1;10;;2;0;;0;0;0;;0;0;1;0;0;0;0;0;0;1;8291227888;;2082888;;;0;0;2;6;;0;3;0;648;HM35439001N202509.DTS;;;0.0;0.0;0.0;0.0;0.0;0;K746;D649;;;;;;;;1;1;0;0;0;0;0;0;0;0.0;Câncer do Colo do Útero;13505270;-22.41139;-47.56139;Jardim Independência;Rua M 12;BrasilAPI;73;2025;2480.8
354390;2025;8;1;56384183000140.0;3525120721111;1;13505430;354390;19580422;3;0;0;0;0;0;0;0;0;0;0;2;416060110;416060110;1915.14;568.0;0.0;0.0;0.0;0.0;0.0;0.0;0.0;0.0;0.0;2483.14;0.0;467.63;20250825;20250827;C538;0;12;0;3999;1;0;0;354390;4;67;2;0;10;;2;0;;0;0;0;;0;0;1;0;0;0;0;0;0;0;0;;2082888;;;0;0;3;6;;0;2;0;328;HM35439001N202508.DTS;;;0.0;0.0;0.0;0.0;0.0;0;;;;;;;;;;0;0;0;0;0;0;0;0;0;0.0;Câncer do Colo do Útero;13505430;-22.41139;-47.56139;Jardim São Caetano;Rua 6;BrasilAPI;67;2025;2483.14
354390;2025;8;1;56384183000140.0;3525120719923;1;13504161;354390;19841214;3;0;0;0;0;0;0;0;0;0;0;3;415020050;415020050;2910.62;1022.84;0.0;0.0;0.0;0.0;0.0;0.0;0.0;0.0;0.0;3933.46;0.0;740.76;20250819;20250822;C538;0;12;0;3999;1;0;0;354390;4;40;3;0;10;;1;0;;0;0;0;;0;0;1;0;0;0;0;0;0;0;0;;2082888;;;0;0;3;6;;0;3;0;283;HM35439001N202508.DTS;;;0.0;0.0;0.0;0.0;0.0;0;C775;;;;;;;;;1;0;0;0;0;0;0;0;0;0.0;Câncer do Colo do Útero;13504161;-22.41139;-47.56139;Vila Elizabeth (BNH);Rua 12;BrasilAPI;40;2025;3933.46
354390;2025;7;1;56384183000140.0;3525120709869;1;13506860;354390;19680110;3;0;0;0;0;0;0;0;0;0;0;4;416060110;416060110;2069.88;568.0;0.0;0.0;0.0;0.0;0.0;0.0;0.0;0.0;0.0;2637.88;0.0;486.69;20250630;20250704;C538;0;12;0;3999;1;0;0;354390;4;57;4;0;10;;2;0;;0;0;0;;0;0;1;0;0;0;0;0;0;0;0;;2082888;;;0;0;3;6;;0;1;0;127;HM35439001N202507.DTS;;;0.0;0.0;0.0;0.0;0.0;0;T784;;;;;;;;;1;0;0;0;0;0;0;0;0;0.0;Câncer do Colo do Útero;13506860;-22.41139;-47.56139;Vila Paulista;Rua P 5;BrasilAPI;57;2025;2637.88
354390;2025;7;1;56384183000140.0;3525120708660;1;13502753;354390;19981217;3;0;0;0;0;0;0;0;0;0;0;1;416060110;416060110;1833.58;568.0;0.0;0.0;0.0;0.0;0.0;0.0;0.0;0.0;0.0;2401.58;0.0;443.09;20250708;20250709;C538;0;12;0;3999;1;0;0;354390;4;26;1;0;10;;2;0;;0;0;0;;0;0;1;0;0;0;0;0;0;0;0;;2082888;;;0;0;3;6;;0;1;0;79;HM35439001N202507.DTS;;;0.0;0.0;0.0;0.0;0.0;0;;;;;;;;;;0;0;0;0;0;0;0;0;0;0.0;Câncer do Colo do Útero;13502753;-22.41139;-47.56139;Jardim Novo;Rua 12 JN;BrasilAPI;26;2025;2401.58
354390;2025;7;3;56384183000140.0;3525120715248;1;13506685;354390;19511016;3;0;0;0;0;0;0;0;0;0;13;14;304100021;304100021;643.96;80.29;0.0;0.0;0.0;0.0;0.0;0.0;0.0;0.0;0.0;724.25;0.0;133.62;20250709;20250723;C539;0;12;0;3999;1;0;0;354390;4;73;14;0;10;;2;0;;0;0;0;;0;0;1;0;0;0;0;0;0;0;0;;2082888;;;0;0;2;6;;0;1;0;657;HM35439001N202507.DTS;;;0.0;0.0;0.0;0.0;0.0;0;C780;D630;I10;E111;;;;;;1;1;1;1;0;0;0;0;0;0.0;Câncer do Colo do Útero;13506685;-22.41139;-47.56139;Vila Alemã;Avenida 28 A;BrasilAPI;73;2025;724.25
354390;2025;7;3;56384183000140.0;3525120714401;1;13502013;354390;19410117;3;0;0;0;0;0;0;0;0;0;8;8;304100021;304100021;665.05;65.14;0.0;0.0;0.0;0.0;0.0;0.0;0.0;0.0;0.0;730.19;0.0;134.72;20250626;20250703;C539;0;41;0;3999;1;0;0;354390;4;84;7;1;10;;2;0;;0;0;0;;0;0;1;0;0;0;0;0;0;0;0;;2082888;;;0;0;2;6;;0;2;0;631;HM35439001N202507.DTS;;;0.0;0.0;0.0;0.0;0.0;0;N130;;;;;;;;;1;0;0;0;0;0;0;0;0;0.0;Câncer do Colo do Útero;13502013;-22.41139;-47.56139;Jardim INOCOOP;Rua 4 JI;BrasilAPI;84;2025;730.19
354390;2025;5;3;56384183000140.0;3525116114740;1;13504825;354390;19880320;3;0;0;0;0;0;0;0;0;0;0;6;304100021;304100021;955.84;65.14;0.0;0.0;0.0;0.0;0.0;0.0;0.0;0.0;0.0;1020.98;0.0;187.33;20250427;20250502;C538;0;41;0;3999;1;0;0;354390;4;37;5;1;10;;2;0;;0;0;0;;0;0;1;0;0;0;0;0;0;0;0;;2082888;;;0;0;2;6;;0;1;0;418;HM35439001N202505.DTS;;;0.0;0.0;0.0;0.0;0.0;0;;;;;;;;;;0;0;0;0;0;0;0;0;0;0.0;Câncer do Colo do Útero;13504825;-22.3941609;-47.5689227;Jardim Araucária;Rua 6;BrasilAPI;37;2025;1020.98
354390;2025;5;1;56384183000140.0;3525116113431;1;13502430;354390;19650228;3;0;0;0;0;0;0;0;0;0;0;3;415020050;415020050;5470.07;1639.41;0.0;0.0;0.0;0.0;0.0;0.0;0.0;0.0;0.0;7109.48;0.0;1304.49;20250428;20250501;C538;0;12;0;3999;1;0;0;354390;4;60;3;0;10;;2;0;;0;0;0;;0;0;1;0;0;0;0;0;0;0;0;;2082888;;;0;0;3;6;;0;1;0;28;HM35439001N202505.DTS;;;0.0;0.0;0.0;0.0;0.0;0;W999;C786;;;;;;;;1;1;0;0;0;0;0;0;0;0.0;Câncer do Colo do Útero;13502430;-22.41139;-47.56139;Jardim Guanabara;Avenida 1 JG;BrasilAPI;60;2025;7109.48
354390;2021;4;3;56384183000140.0;3521111862180;1;13505350;354390;19570819;3;0;0;0;0;0;0;0;0;0;1;1;304100021;304100021;375.1;65.14;0.0;0.0;0.0;0.0;0.0;0.0;0.0;0.0;0.0;440.24;0.0;84.17;20210426;20210427;C189;0;12;0;3999;1;0;0;354390;4;63;1;0;10;;2;0;;0;0;0;;0;0;1;0;0;0;0;0;7;1;8291227888;;2082888;;;0;0;2;6;;0;1;0;680;HM35439001N202104.DTS;;;0.0;0.0;0.0;0.0;0.0;0;K603;;;;;;;;;1;0;0;0;0;0;0;0;0;;Câncer Colorretal;13505350;-22.41139;-47.56139;Jardim Cherveson;Avenida M 19;BrasilAPI;63;2021;440.24
354390;2021;4;1;56384183000140.0;3521111858297;1;13506561;354390;19790131;3;0;0;0;0;0;0;0;0;0;0;9;416050026;416050026;2684.86;655.47;0.0;0.0;0.0;0.0;0.0;0.0;0.0;0.0;0.0;3340.33;0.0;638.68;20210321;20210330;C180;0;12;0;3999;1;0;0;354390;4;42;9;0;10;;2;0;;0;0;0;;0;0;1;0;0;0;0;0;0;0;0;;2082888;;;0;0;3;6;;0;1;0;241;HM35439001N202104.DTS;;;0.0;0.0;0.0;0.0;0.0;0;;;;;;;;;;0;0;0;0;0;0;0;0;0;;Câncer Colorretal;13506561;-22.41139;-47.56139;Vila Alemã;Avenida Joaquim Ribeiro;BrasilAPI;42;2021;3340.33
354390;2021;4;1;56384183000140.0;3521111861070;1;13503660;354390;19790516;3;0;0;0;0;0;0;0;0;0;0;10;416050026;416050026;2979.64;655.47;0.0;0.0;0.0;0.0;0.0;0.0;0.0;0.0;0.0;3635.11;0.0;695.04;20210412;20210422;C187;0;12;0;3999;1;0;0;354390;4;41;10;0;10;;1;0;;0;0;0;;0;0;1;0;0;0;0;0;0;0;0;;2082888;;;0;0;3;6;;0;1;0;286;HM35439001N202104.DTS;;;0.0;0.0;0.0;0.0;0.0;0;;;;;;;;;;0;0;0;0;0;0;0;0;0;;Câncer Colorretal;13503660;-22.41139;-47.56139;Novo Jardim Wenzel;Rua 1 JW;BrasilAPI;41;2021;3635.11
354390;2021;3;1;56384183000140.0;3521109540542;1;13504625;354390;19640212;3;0;0;0;0;0;0;0;0;0;0;6;416050026;416050026;3130.7;655.47;0.0;0.0;0.0;0.0;0.0;0.0;0.0;0.0;0.0;3786.17;0.0;701.14;20210207;20210212;C188;0;27;0;3999;1;0;0;354390;4;56;5;0;10;;2;0;;0;0;0;;0;0;1;0;0;0;0;0;0;1;8291227888;;2082888;;;0;0;3;6;;0;1;0;22;HM35439001N202103.DTS;;;0.0;0.0;0.0;0.0;0.0;0;;;;;;;;;;0;0;0;0;0;0;0;0;0;;Câncer Colorretal;13504625;-22.41139;-47.56139;Jardim Residencial Santa Eliza;Avenida 54 SE;BrasilAPI;56;2021;3786.17
354390;2021;3;1;56384183000140.0;3521109540553;1;13504625;354390;19640212;3;0;0;0;0;0;0;0;0;0;0;6;416050026;416050026;2911.19;655.47;0.0;0.0;0.0;0.0;0.0;0.0;0.0;0.0;0.0;3566.66;0.0;660.49;20210202;20210207;C188;0;27;0;3999;1;0;0;354390;4;56;5;0;10;;2;0;;0;0;0;;0;0;1;0;0;0;0;0;0;1;8291227888;;2082888;;;0;0;3;6;;0;1;0;23;HM35439001N202103.DTS;;;0.0;0.0;0.0;0.0;0.0;0;;;;;;;;;;0;0;0;0;0;0;0;0;0;;Câncer Colorretal;13504625;-22.41139;-47.56139;Jardim Residencial Santa Eliza;Avenida 54 SE;BrasilAPI;56;2021;3566.66
354390;2021;3;3;56384183000140.0;3521109543314;1;13504625;354390;19640212;3;0;0;0;0;0;0;0;0;0;0;5;304100021;304100021;302.3;65.14;0.0;0.0;0.0;0.0;0.0;0.0;0.0;0.0;0.0;367.44;0.0;68.04;20210304;20210309;C188;0;12;0;3999;1;0;0;354390;4;57;5;0;10;;2;0;;0;0;0;;0;0;1;0;0;0;0;0;0;1;8291227888;;2082888;;;0;0;2;6;;0;1;0;379;HM35439001N202103.DTS;;;0.0;0.0;0.0;0.0;0.0;0;;;;;;;;;;0;0;0;0;0;0;0;0;0;;Câncer Colorretal;13504625;-22.41139;-47.56139;Jardim Residencial Santa Eliza;Avenida 54 SE;BrasilAPI;57;2021;367.44
354390;2021;3;3;56384183000140.0;3521109544030;1;13504625;354390;19640212;3;0;0;0;0;0;0;0;0;0;0;20;304100021;304100021;960.78;126.73;0.0;0.0;0.0;0.0;0.0;0.0;0.0;0.0;0.0;1087.51;0.0;201.39;20210212;20210304;C188;0;51;0;3999;1;0;0;354390;4;57;20;0;10;;2;0;;0;0;0;;0;0;1;0;0;0;0;0;0;1;8291227888;;2082888;;;0;0;2;6;;0;1;0;398;HM35439001N202103.DTS;;;0.0;0.0;0.0;0.0;0.0;0;;;;;;;;;;0;0;0;0;0;0;0;0;0;;Câncer Colorretal;13504625;-22.41139;-47.56139;Jardim Residencial Santa Eliza;Avenida 54 SE;BrasilAPI;57;2021;1087.51
354390;2021;3;1;56384183000140.0;3521109543699;1;13500143;354390;19470723;3;0;0;0;0;0;0;0;0;0;10;10;416050026;416050026;3231.21;655.47;0.0;0.0;0.0;0.0;0.0;0.0;0.0;0.0;0.0;3886.68;0.0;719.75;20210215;20210225;C180;0;12;0;3999;1;0;0;354390;4;73;10;0;10;;2;0;;0;0;0;;0;0;1;0;0;0;0;0;0;0;0;;2082888;;;0;0;3;6;;0;1;0;100;HM35439001N202103.DTS;;;0.0;0.0;0.0;0.0;0.0;0;;;;;;;;;;0;0;0;0;0;0;0;0;0;;Câncer Colorretal;13500143;-22.41139;-47.56139;Zona Central;Rua 7;BrasilAPI;73;2021;3886.68
354390;2021;11;3;56384183000140.0;3521127390165;1;13505120;354390;19561209;3;0;0;0;0;0;0;0;0;0;2;2;304100021;304100021;318.3;65.14;0.0;0.0;0.0;0.0;0.0;0.0;0.0;0.0;0.0;383.44;0.0;68.84;20211117;20211119;C188;0;12;0;3999;1;0;0;354390;4;64;2;0;10;;2;0;;0;0;0;;0;0;1;0;0;0;0;0;0;0;0;;2082888;;;0;0;2;6;;0;1;0;942;HM35439001N202111.DTS;;;0.0;0.0;0.0;0.0;0.0;0;K566;;;;;;;;;1;0;0;0;0;0;0;0;0;;Câncer Colorretal;13505120;-22.41139;-47.56139;Parque das Indústrias;Rua M 8;BrasilAPI;64;2021;383.44
354390;2021;10;1;56384183000140.0;3521123734898;1;13501200;354390;19421208;3;0;0;0;0;0;0;0;0;0;3;4;415020050;415020050;7185.85;1815.02;0.0;0.0;0.0;0.0;0.0;0.0;0.0;0.0;0.0;9000.87;0.0;1604.43;20211004;20211008;C20;0;12;0;3999;1;0;0;354390;4;78;4;0;10;;1;0;;0;0;0;;0;0;1;0;0;0;0;0;14;1;8291227888;;2082888;;;0;0;3;6;;0;1;0;68;HM35439001N202110.DTS;;;0.0;0.0;0.0;0.0;0.0;0;C775;C260;;;;;;;;1;1;0;0;0;0;0;0;0;;Câncer Colorretal;13501200;-22.41139;-47.56139;Vila Santo Antônio;Avenida 43;BrasilAPI;78;2021;9000.87
354390;2021;6;3;56384183000140.0;3521116820562;1;13504625;354390;19640212;3;0;0;0;0;0;0;0;0;0;0;25;304100021;304100021;3342.24;145.93;0.0;0.0;0.0;0.0;0.0;0.0;0.0;0.0;0.0;3488.17;0.0;681.28;20210605;20210630;C189;0;51;0;3999;1;0;0;354390;4;57;25;0;10;;2;0;;0;0;0;;0;0;1;0;0;0;0;0;0;1;8291227888;;2082888;;;0;0;2;6;;0;1;0;454;HM35439001N202106.DTS;;;0.0;0.0;0.0;0.0;0.0;0;K297;I10;K660;;;;;;;1;1;1;0;0;0;0;0;0;;Câncer Colorretal;13504625;-22.41139;-47.56139;Jardim Residencial Santa Eliza;Avenida 54 SE;BrasilAPI;57;2021;3488.17
354390;2021;6;3;56384183000140.0;3521115642759;1;13504625;354390;19640212;3;0;0;0;0;0;0;0;0;0;0;30;304100021;304100021;2038.97;180.43;0.0;0.0;0.0;0.0;0.0;0.0;0.0;0.0;0.0;2219.4;0.0;433.47;20210502;20210601;C187;0;51;0;3999;1;0;0;354390;4;57;30;0;10;;2;0;;0;0;0;;0;0;1;0;0;0;0;0;0;1;8291227888;;2082888;;;0;0;2;6;;0;1;0;351;HM35439001N202106.DTS;;;0.0;0.0;0.0;0.0;0.0;0;R11;;;;;;;;;1;0;0;0;0;0;0;0;0;;Câncer Colorretal;13504625;-22.41139;-47.56139;Jardim Residencial Santa Eliza;Avenida 54 SE;BrasilAPI;57;2021;2219.4
354390;2021;6;1;56384183000140.0;3521115646169;1;13506556;354390;19420224;3;0;0;0;0;0;0;0;0;0;0;5;415020050;415020050;6895.43;1353.45;0.0;0.0;0.0;0.0;0.0;0.0;0.0;0.0;0.0;8248.88;0.0;1611.1;20210528;20210601;C187;0;27;0;3999;1;0;0;354390;4;79;4;0;10;;2;0;;0;0;0;;0;0;1;0;0;0;0;0;0;1;8291227888;;2082888;;;0;0;3;6;;0;1;0;111;HM35439001N202106.DTS;;;0.0;0.0;0.0;0.0;0.0;0;;;;;;;;;;0;0;0;0;0;0;0;0;0;;Câncer Colorretal;13506556;-22.41139;-47.56139;Vila Nova;Rua 12 A;BrasilAPI;79;2021;8248.88
354390;2021;6;3;56384183000140.0;3521115646170;1;13506556;354390;19420224;3;0;0;0;0;0;0;0;0;0;9;9;304100021;304100021;446.53;69.01;0.0;0.0;0.0;0.0;0.0;0.0;0.0;0.0;0.0;515.54;0.0;100.69;20210601;20210610;C20;0;12;0;3999;1;0;0;354390;4;79;9;0;10;;2;0;;0;0;0;;0;0;1;0;0;0;0;0;0;1;8291227888;;2082888;;;0;0;2;6;;0;1;0;405;HM35439001N202106.DTS;;;0.0;0.0;0.0;0.0;0.0;0;C189;;;;;;;;;1;0;0;0;0;0;0;0;0;;Câncer Colorretal;13506556;-22.41139;-47.56139;Vila Nova;Rua 12 A;BrasilAPI;79;2021;515.54
354390;2021;9;1;56384183000140.0;3521123732258;1;13500500;354390;19760922;3;0;0;0;0;0;0;0;0;0;0;5;415020050;415020050;6988.59;1354.05;0.0;0.0;0.0;0.0;0.0;0.0;0.0;0.0;0.0;8342.64;0.0;1479.19;20210920;20210925;C20;0;12;0;3999;1;0;0;354390;4;44;5;0;10;;1;0;;0;0;0;;0;0;1;0;0;0;0;0;0;0;0;;2082888;;;0;0;3;6;;0;1;0;204;HM35439001N202109.DTS;;;0.0;0.0;0.0;0.0;0.0;0;C172;;;;;;;;;1;0;0;0;0;0;0;0;0;;Câncer Colorretal;13500500;-22.41139;-47.56139;Centro;Avenida 20;BrasilAPI;44;2021;8342.64
354390;2021;9;3;56384183000140.0;3521123729805;1;13502100;354390;19610225;3;0;0;0;0;0;0;0;0;0;6;6;304100021;304100021;571.65;65.14;0.0;0.0;0.0;0.0;0.0;0.0;0.0;0.0;0.0;636.79;0.0;112.9;20210908;20210914;C20;0;12;0;3999;1;0;0;354390;4;60;6;0;10;;2;0;;0;0;0;;0;0;1;0;0;0;0;0;0;0;0;;2082888;;;0;0;2;6;;0;1;0;462;HM35439001N202109.DTS;;;0.0;0.0;0.0;0.0;0.0;0;;;;;;;;;;0;0;0;0;0;0;0;0;0;;Câncer Colorretal;13502100;-22.41139;-47.56139;Jardim Residencial das Palmeiras;Avenida dos Costas;BrasilAPI;60;2021;636.79
354390;2021;7;3;56384183000140.0;3521116822070;1;13504625;354390;19640212;3;0;0;0;3;75;0;0;0;0;0;0;304100021;304100021;1642.11;268.54;0.0;0.0;0.0;0.0;0.0;0.0;0.0;0.0;0.0;1910.65;1436.16;371.72;20210630;20210702;C187;0;41;0;3999;1;0;0;354390;4;57;2;1;10;;2;0;;0;0;0;;0;0;1;0;0;0;0;0;0;0;0;;2082888;;;0;0;2;6;;0;1;0;320;HM35439001N202107.DTS;;;0.0;0.0;0.0;0.0;0.0;0;I10;E668;J960;;;;;;;1;1;1;0;0;0;0;0;0;;Câncer Colorretal;13504625;-22.41139;-47.56139;Jardim Residencial Santa Eliza;Avenida 54 SE;BrasilAPI;57;2021;1910.65
354390;2021;7;3;56384183000140.0;3521118018242;1;13505007;354390;19681002;3;0;0;0;0;0;0;0;0;0;0;7;304100021;304100021;340.25;65.14;0.0;0.0;0.0;0.0;0.0;0.0;0.0;0.0;0.0;405.39;0.0;78.86;20210716;20210722;C188;0;41;0;3999;1;0;0;354390;4;52;6;1;10;;2;0;;0;0;0;;0;0;1;0;0;0;0;0;0;0;0;;2082888;;;0;0;2;6;;0;1;0;456;HM35439001N202107.DTS;;;0.0;0.0;0.0;0.0;0.0;0;I10;E148;R17;C787;C780;;;;;1;1;1;1;1;0;0;0;0;;Câncer Colorretal;13505007;-22.41139;-47.56139;Jardim Floridiana;Avenida M 29;BrasilAPI;52;2021;405.39
354390;2021;7;3;56384183000140.0;3521118018693;1;13505120;354390;19561209;3;0;0;0;0;0;0;0;0;0;1;1;304100021;304100021;310.3;65.14;0.0;0.0;0.0;0.0;0.0;0.0;0.0;0.0;0.0;375.44;0.0;73.04;20210712;20210713;C180;0;12;0;3999;1;0;0;354390;4;64;1;0;10;;2;0;;0;0;0;;0;0;1;0;0;0;0;0;7;1;8291227888;;2082888;;;0;0;2;6;;0;1;0;467;HM35439001N202107.DTS;;;0.0;0.0;0.0;0.0;0.0;0;;;;;;;;;;0;0;0;0;0;0;0;0;0;;Câncer Colorretal;13505120;-22.41139;-47.56139;Parque das Indústrias;Rua M 8;BrasilAPI;64;2021;375.44
354390;2021;7;1;56384183000140.0;3521118018990;1;13503666;354390;19641230;3;0;0;0;0;0;0;0;0;0;0;11;416050077;416050077;6669.88;1170.86;0.0;0.0;0.0;0.0;0.0;0.0;0.0;0.0;0.0;7840.74;0.0;1525.43;20210720;20210731;C20;0;12;0;3999;1;0;0;354390;4;56;11;0;10;;1;0;;0;0;0;;0;0;1;0;0;0;0;0;0;0;0;;2082888;;;0;0;3;6;;0;1;0;161;HM35439001N202107.DTS;;;0.0;0.0;0.0;0.0;0.0;0;I10;E039;;;;;;;;1;1;0;0;0;0;0;0;0;;Câncer Colorretal;13503666;-22.41139;-47.56139;Novo Jardim Wenzel;Rua 7 JW;BrasilAPI;56;2021;7840.74
354390;2021;8;3;56384183000140.0;3521118021290;1;13506720;354390;19480112;3;0;0;0;0;0;0;0;0;0;4;4;304100021;304100021;730.46;65.14;0.0;0.0;0.0;0.0;0.0;0.0;0.0;0.0;0.0;795.6;0.0;146.51;20210811;20210815;C189;0;12;0;3999;1;0;0;354390;4;73;4;0;10;;2;0;;0;0;0;;0;0;1;0;0;0;0;0;0;0;0;;2082888;;;0;0;2;6;;0;1;0;412;HM35439001N202108.DTS;;;0.0;0.0;0.0;0.0;0.0;0;;;;;;;;;;0;0;0;0;0;0;0;0;0;;Câncer Colorretal;13506720;-22.41139;-47.56139;Vila Indaiá;Avenida 16 A;BrasilAPI;73;2021;795.6
354390;2021;8;1;56384183000140.0;3521118022158;1;13506650;354390;19521019;3;0;0;0;0;0;0;0;0;0;19;19;415020050;415020050;6786.98;1365.66;0.0;0.0;0.0;0.0;0.0;0.0;0.0;0.0;0.0;8152.64;0.0;1501.4;20210727;20210815;C187;0;12;0;3999;1;0;0;354390;4;68;19;0;10;;1;0;;0;0;0;;0;0;1;0;0;0;0;0;0;0;0;;2082888;;;0;0;3;6;;0;1;0;110;HM35439001N202108.DTS;;;0.0;0.0;0.0;0.0;0.0;0;K638;;;;;;;;;1;0;0;0;0;0;0;0;0;;Câncer Colorretal;13506650;-22.41139;-47.56139;Vila Alemã;Avenida 36 A;BrasilAPI;68;2021;8152.64
354390;2021;8;1;56384183000140.0;3521118019617;1;13504309;354390;19580721;3;0;0;0;0;0;0;0;0;0;8;8;415020050;415020050;6373.8;1536.59;0.0;0.0;0.0;0.0;0.0;0.0;0.0;0.0;0.0;7910.39;0.0;1456.79;20210730;20210807;C188;0;12;0;3999;1;0;0;354390;4;63;8;0;10;;2;0;;0;0;0;;0;0;1;0;0;0;0;0;0;0;0;;2082888;;;0;0;3;6;;0;1;0;44;HM35439001N202108.DTS;;;0.0;0.0;0.0;0.0;0.0;0;R104;C787;C178;;;;;;;1;1;1;0;0;0;0;0;0;;Câncer Colorretal;13504309;-22.41139;-47.56139;Jardim Paulista II;Rua 27;BrasilAPI;63;2021;7910.39
354390;2021;8;1;56384183000140.0;3521118024370;1;13506855;354390;19460418;3;0;0;0;0;0;0;0;0;0;11;11;416050034;416050034;6765.45;1170.26;0.0;0.0;0.0;0.0;0.0;0.0;0.0;0.0;0.0;7935.71;0.0;1461.45;20210802;20210813;C188;0;12;0;3999;1;0;0;354390;4;75;11;0;10;;1;0;;0;0;0;;0;0;1;0;0;0;0;0;0;0;0;;2082888;;;0;0;3;6;;0;1;0;165;HM35439001N202108.DTS;;;0.0;0.0;0.0;0.0;0.0;0;;;;;;;;;;0;0;0;0;0;0;0;0;0;;Câncer Colorretal;13506855;-22.41139;-47.56139;Vila Paulista;Rua P 4;BrasilAPI;75;2021;7935.71
354390;2021;8;3;56384183000140.0;3521118024699;1;13505489;354390;19601010;3;0;0;0;0;0;0;0;0;0;9;9;304100021;304100021;390.49;69.01;0.0;0.0;0.0;0.0;0.0;0.0;0.0;0.0;0.0;459.5;0.0;84.62;20210807;20210815;C20;0;27;0;3999;1;0;0;354390;4;60;8;0;10;;2;0;;0;0;0;;0;0;1;0;0;0;0;0;0;0;0;;2082888;;;0;0;2;6;;0;1;0;466;HM35439001N202108.DTS;;;0.0;0.0;0.0;0.0;0.0;0;J960;F209;;;;;;;;1;1;0;0;0;0;0;0;0;;Câncer Colorretal;13505489;-22.41139;-47.56139;Parque São Jorge;Avenida M 41;BrasilAPI;60;2021;459.5
354390;2021;12;1;56384183000140.0;3521127390473;1;13505350;354390;19570819;3;0;0;0;0;0;0;0;0;0;0;2;416050018;416050018;5607.13;1230.75;0.0;0.0;0.0;0.0;0.0;0.0;0.0;0.0;0.0;6837.88;0.0;1278.1;20211026;20211027;C20;0;27;0;3999;1;0;0;354390;4;64;1;0;10;;1;0;;0;0;0;;0;0;1;0;0;0;0;0;0;1;8291227888;;2082888;;;0;0;3;6;;0;1;0;666;HM35439001N202112.DTS;;;0.0;0.0;0.0;0.0;0.0;0;E660;I10;;;;;;;;1;1;0;0;0;0;0;0;0;;Câncer Colorretal;13505350;-22.41139;-47.56139;Jardim Cherveson;Avenida M 19;BrasilAPI;64;2021;6837.88
354390;2021;12;1;56384183000140.0;3521127393080;1;13506650;354390;19521019;3;0;0;0;0;0;0;0;0;0;10;10;407020241;407020241;754.63;154.43;0.0;0.0;0.0;0.0;0.0;0.0;0.0;0.0;0.0;909.06;0.0;169.91;20211124;20211204;C189;0;12;0;3999;1;0;0;354390;4;69;10;0;10;;1;0;;0;0;0;;0;0;1;0;0;0;0;0;0;0;0;;2082888;;;0;0;2;6;;0;1;0;736;HM35439001N202112.DTS;;;0.0;0.0;0.0;0.0;0.0;0;E039;;;;;;;;;1;0;0;0;0;0;0;0;0;;Câncer Colorretal;13506650;-22.41139;-47.56139;Vila Alemã;Avenida 36 A;BrasilAPI;69;2021;909.06
354390;2021;12;3;56384183000140.0;3521127390484;1;13505350;354390;19570819;3;0;0;0;7;75;0;0;0;0;11;13;304100021;304100021;3928.22;559.09;0.0;0.0;0.0;0.0;0.0;0.0;0.0;0.0;0.0;4487.31;3351.04;838.74;20211027;20211116;C20;0;12;0;3999;1;0;0;354390;4;64;20;0;10;;2;0;;0;0;0;;0;0;1;0;0;0;0;0;0;1;8291227888;;2082888;;;0;0;2;6;;0;1;0;1062;HM35439001N202112.DTS;;;0.0;0.0;0.0;0.0;0.0;0;I10;E660;;;;;;;;1;1;0;0;0;0;0;0;0;;Câncer Colorretal;13505350;-22.41139;-47.56139;Jardim Cherveson;Avenida M 19;BrasilAPI;64;2021;4487.31
354390;2021;12;1;56384183000140.0;3521127395577;1;13508534;354390;19540213;3;0;0;0;4;75;0;0;0;0;13;13;415020050;415020050;8995.38;1646.37;0.0;0.0;0.0;0.0;0.0;0.0;0.0;0.0;0.0;10641.75;1914.88;1989.11;20211214;20211230;C187;0;41;0;3999;1;0;0;354390;4;67;16;1;10;;2;0;;0;0;0;;0;0;1;0;0;0;0;0;0;1;8291227888;;2082888;;;0;0;3;6;;0;1;0;818;HM35439001N202112.DTS;;;0.0;0.0;0.0;0.0;0.0;0;K598;;;;;;;;;1;0;0;0;0;0;0;0;0;;Câncer Colorretal;13508534;-22.41139;-47.56139;Vila di Napoli (Ajapi);Avenida 15 Ajapi;BrasilAPI;67;2021;10641.75
354390;2021;12;3;56384183000140.0;3521127394026;1;13505120;354390;19561209;3;0;0;0;0;0;0;0;0;0;2;2;304100021;304100021;396.46;80.29;0.0;0.0;0.0;0.0;0.0;0.0;0.0;0.0;0.0;476.75;0.0;89.11;20211215;20211217;C189;0;12;0;3999;1;0;0;354390;4;65;2;0;10;;2;0;;0;0;0;;0;0;1;0;0;0;0;0;0;0;0;;2082888;;;0;0;2;6;;0;1;0;1140;HM35439001N202112.DTS;;;0.0;0.0;0.0;0.0;0.0;0;;;;;;;;;;0;0;0;0;0;0;0;0;0;;Câncer Colorretal;13505120;-22.41139;-47.56139;Parque das Indústrias;Rua M 8;BrasilAPI;65;2021;476.75
354390;2022;2;1;56384183000140.0;3522106337101;1;13502742;354390;19660414;3;0;0;0;0;0;0;0;0;0;0;8;416050077;416050077;6406.3;1170.86;0.0;0.0;0.0;0.0;0.0;0.0;0.0;0.0;0.0;7577.16;0.0;1601.93;20220201;20220209;C187;0;12;0;3999;1;0;0;354390;4;55;8;0;10;;2;0;;0;0;0;;0;0;1;0;0;0;0;0;0;0;0;;2082888;;;0;0;3;6;;0;2;0;51;HM35439001N202202.DTS;;;0.0;0.0;0.0;0.0;0.0;0;;;;;;;;;;0;0;0;0;0;0;0;0;0;;Câncer Colorretal;13502742;-22.41139;-47.56139;Jardim Novo;Rua 2 JN;BrasilAPI;55;2022;7577.16
354390;2022;2;1;56384183000140.0;3522106335539;1;13504083;354390;19450521;3;0;0;0;1;75;0;0;0;0;10;10;415020050;415020050;4402.26;1156.08;0.0;0.0;0.0;0.0;0.0;0.0;0.0;0.0;0.0;5558.34;478.72;1175.12;20220125;20220205;C184;0;12;0;3999;1;0;0;354390;4;76;11;0;10;;1;0;;0;0;0;;0;0;1;0;0;0;0;0;0;0;0;;2082888;;;0;0;3;6;;0;1;0;22;HM35439001N202202.DTS;;;0.0;0.0;0.0;0.0;0.0;0;C787;;;;;;;;;1;0;0;0;0;0;0;0;0;;Câncer Colorretal;13504083;-22.41139;-47.56139;Jardim Alfredo Karan;Avenida 56;BrasilAPI;76;2022;5558.34
354390;2022;1;1;56384183000140.0;3521127394455;1;13502394;354390;19681009;3;0;0;0;0;0;0;0;0;0;0;8;416050026;416050026;3044.88;655.47;0.0;0.0;0.0;0.0;0.0;0.0;0.0;0.0;0.0;3700.35;0.0;721.31;20211208;20211216;C184;0;12;0;3999;1;0;0;354390;4;53;8;0;10;;1;0;;0;0;0;;0;0;1;0;0;0;0;0;0;1;8291227888;;2082888;;;0;0;3;6;;0;1;0;507;HM35439001N202201.DTS;;;0.0;0.0;0.0;0.0;0.0;0;I119;;;;;;;;;1;0;0;0;0;0;0;0;0;;Câncer Colorretal;13502394;-22.41139;-47.56139;Jardim Guanabara;Avenida 2 JG;BrasilAPI;53;2021;3700.35
354390;2022;1;3;56384183000140.0;3522106329841;1;13506193;354390;19500724;3;0;0;0;0;0;0;0;0;0;4;4;304100021;304100021;334.3;65.14;0.0;0.0;0.0;0.0;0.0;0.0;0.0;0.0;0.0;399.44;0.0;77.86;20220110;20220113;C189;0;41;0;3999;1;0;0;354390;4;71;3;1;10;;2;0;;0;0;0;;0;0;1;0;0;0;0;0;0;0;0;;2082888;;;0;0;2;6;;0;2;0;867;HM35439001N202201.DTS;;;0.0;0.0;0.0;0.0;0.0;0;I499;E440;;;;;;;;1;1;0;0;0;0;0;0;0;;Câncer Colorretal;13506193;-22.41139;-47.56139;Parque Mãe Preta;Rua 23 MP;BrasilAPI;71;2022;399.44
354390;2022;1;1;56384183000140.0;3521127395753;1;13506122;354390;19660508;3;0;0;0;2;75;0;0;0;0;0;9;416050077;416050077;6345.45;1306.45;0.0;0.0;0.0;0.0;0.0;0.0;0.0;0.0;0.0;7651.9;957.44;1491.59;20211214;20211224;C20;0;27;0;3999;1;0;0;354390;4;55;10;0;10;;2;0;;0;0;0;;0;0;1;0;0;0;0;0;0;1;8291227888;;2082888;;;0;0;3;6;;0;2;0;519;HM35439001N202201.DTS;;;0.0;0.0;0.0;0.0;0.0;0;I10;;;;;;;;;1;0;0;0;0;0;0;0;0;;Câncer Colorretal;13506122;-22.41139;-47.56139;Jardim Parque Residencial;Avenida 86 A;BrasilAPI;55;2021;7651.9
354390;2022;4;1;56384183000140.0;3522111529486;1;13506192;354390;19551104;3;0;0;0;2;75;0;0;0;0;3;3;416050018;416050018;6574.29;1395.75;0.0;0.0;0.0;0.0;0.0;0.0;0.0;0.0;0.0;7970.04;1200.0;1688.56;20220329;20220403;C20;0;12;0;3999;1;0;0;354390;4;66;5;0;10;;2;0;;0;0;0;;0;0;1;0;0;0;0;0;0;0;0;;2082888;;;0;0;3;6;;0;3;0;615;HM35439001N202204.DTS;;;0.0;0.0;0.0;0.0;0.0;0;I10;;;;;;;;;1;0;0;0;0;0;0;0;0;;Câncer Colorretal;13506192;-22.41139;-47.56139;Parque Mãe Preta;Rua 22 MP;BrasilAPI;66;2022;7970.04
354390;2022;5;3;56384183000140.0;3522117373115;1;13506685;354390;19511016;3;0;0;0;1;75;0;0;0;0;18;18;304100021;304100021;1889.87;193.84;0.0;0.0;0.0;0.0;0.0;0.0;0.0;0.0;0.0;2083.71;600.0;398.41;20220501;20220520;C20;0;12;0;3999;1;0;0;354390;4;70;19;0;10;;2;0;;0;0;0;;0;0;1;0;0;0;0;0;0;1;8291227888;;2082888;;;0;0;2;6;;0;1;0;1158;HM35439001N202205.DTS;;;0.0;0.0;0.0;0.0;0.0;0;I10;E149;;;;;;;;1;1;0;0;0;0;0;0;0;;Câncer Colorretal;13506685;-22.41139;-47.56139;Vila Alemã;Avenida 28 A;BrasilAPI;70;2022;2083.71
354390;2022;5;1;56384183000140.0;3522111535756;1;13506685;354390;19511016;3;0;0;0;0;0;0;0;0;0;4;6;416050026;416050026;2959.3;670.47;0.0;0.0;0.0;0.0;0.0;0.0;0.0;0.0;0.0;3629.77;0.0;694.02;20220426;20220501;C187;0;27;0;3999;1;0;0;354390;4;70;5;0;10;;2;0;;0;0;0;;0;0;1;0;0;0;0;0;0;1;8291227888;;2082888;;;0;0;3;6;;0;1;0;666;HM35439001N202205.DTS;;;0.0;0.0;0.0;0.0;0.0;0;I10;E149;;;;;;;;1;1;0;0;0;0;0;0;0;;Câncer Colorretal;13506685;-22.41139;-47.56139;Vila Alemã;Avenida 28 A;BrasilAPI;70;2022;3629.77
354390;2022;6;1;56384183000140.0;3522117376184;1;13505330;354390;19530425;3;0;0;0;0;0;0;0;0;0;10;10;416050026;416050026;3135.84;655.47;0.0;0.0;0.0;0.0;0.0;0.0;0.0;0.0;0.0;3791.31;0.0;731.91;20220607;20220617;C188;0;12;0;3999;1;0;0;354390;4;69;10;0;10;;2;0;;0;0;0;;0;0;1;0;0;0;0;0;0;0;0;;2082888;;;0;0;3;6;;0;1;0;189;HM35439001N202206.DTS;;;0.0;0.0;0.0;0.0;0.0;0;;;;;;;;;;0;0;0;0;0;0;0;0;0;;Câncer Colorretal;13505330;-22.41139;-47.56139;Jardim Cherveson;Avenida M 17;BrasilAPI;69;2022;3791.31
354390;2022;6;1;56384183000140.0;3522117377768;1;13500560;354390;19601222;3;0;0;0;0;0;0;0;0;0;9;9;416050026;416050026;3311.58;655.47;0.0;0.0;0.0;0.0;0.0;0.0;0.0;0.0;0.0;3967.05;0.0;765.83;20220621;20220630;C187;0;12;0;3999;1;0;0;354390;4;61;9;0;10;;2;0;;0;0;0;;0;0;1;0;0;0;0;0;0;0;0;;2082888;;;0;0;3;6;;0;1;0;244;HM35439001N202206.DTS;;;0.0;0.0;0.0;0.0;0.0;0;;;;;;;;;;0;0;0;0;0;0;0;0;0;;Câncer Colorretal;13500560;-22.41139;-47.56139;Vila Aparecida;Avenida 32;BrasilAPI;61;2022;3967.05
354390;2022;6;1;56384183000140.0;3522117372378;1;13509664;354390;19550726;3;0;0;0;0;0;0;0;0;0;6;6;415020050;415020050;6042.33;1354.05;0.0;0.0;0.0;0.0;0.0;0.0;0.0;0.0;0.0;7396.38;0.0;1427.87;20220531;20220606;C187;0;12;0;3999;1;0;0;354390;4;66;6;0;10;;1;0;;0;0;0;;0;0;1;0;0;0;0;0;0;0;0;;2082888;;;0;0;3;6;;0;3;0;81;HM35439001N202206.DTS;;;0.0;0.0;0.0;0.0;0.0;0;C172;;;;;;;;;1;0;0;0;0;0;0;0;0;;Câncer Colorretal;13509664;-22.41139;-47.56139;Recanto das Pedras (Assistência);Avenida 5 Assistência;BrasilAPI;66;2022;7396.38
354390;2022;11;3;56384183000140.0;3522130714333;1;13503666;354390;19651020;3;0;0;0;0;0;0;0;0;0;0;1;304100021;304100021;308.65;65.14;0.0;0.0;0.0;0.0;0.0;0.0;0.0;0.0;0.0;373.79;0.0;71.74;20221128;20221129;C188;0;12;0;3999;1;0;0;354390;4;57;1;0;10;;2;0;;0;0;0;;0;0;1;0;0;0;0;0;7;1;8291227888;;2082888;;;0;0;2;6;;0;1;0;576;HM35439001N202211.DTS;;;0.0;0.0;0.0;0.0;0.0;0;I10;K922;;;;;;;;1;1;0;0;0;0;0;0;0;;Câncer Colorretal;13503666;-22.41139;-47.56139;Novo Jardim Wenzel;Rua 7 JW;BrasilAPI;57;2022;373.79
354390;2022;11;3;56384183000140.0;3522130712892;1;13506630;354390;19640404;3;0;0;0;0;0;0;0;0;0;0;8;304100013;304100013;472.36;80.2;0.0;0.0;0.0;0.0;0.0;0.0;0.0;0.0;0.0;552.56;0.0;106.05;20221103;20221110;C20;0;27;0;3999;1;0;0;354390;4;58;7;0;10;;2;0;;0;0;0;;0;0;1;0;0;0;0;0;0;1;8291227888;;2082888;;;0;0;2;6;;0;1;0;541;HM35439001N202211.DTS;;;0.0;0.0;0.0;0.0;0.0;0;I10;J189;;;;;;;;1;1;0;0;0;0;0;0;0;;Câncer Colorretal;13506630;-22.41139;-47.56139;Vila Alemã;Avenida 40 A;BrasilAPI;58;2022;552.56
354390;2022;11;3;56384183000140.0;3522130712903;1;13506630;354390;19640404;3;0;0;0;0;0;0;0;0;0;0;14;304100021;304100021;367.68;65.14;0.0;0.0;0.0;0.0;0.0;0.0;0.0;0.0;0.0;432.82;0.0;83.07;20221110;20221123;C189;0;41;0;3999;1;0;0;354390;4;58;13;1;10;;2;0;;0;0;0;;0;0;1;0;0;0;0;0;0;1;8291227888;;2082888;;;0;0;2;6;;0;1;0;542;HM35439001N202211.DTS;;;0.0;0.0;0.0;0.0;0.0;0;C20;J189;;;;;;;;1;1;0;0;0;0;0;0;0;;Câncer Colorretal;13506630;-22.41139;-47.56139;Vila Alemã;Avenida 40 A;BrasilAPI;58;2022;432.82
354390;2022;11;3;56384183000140.0;3522127750504;1;13505050;354390;19400314;3;0;0;0;0;0;0;0;0;0;5;5;304100021;304100021;521.57;80.29;0.0;0.0;0.0;0.0;0.0;0.0;0.0;0.0;0.0;601.86;0.0;115.52;20221029;20221103;C189;0;12;0;3999;1;0;0;354390;4;82;5;0;10;;2;0;;0;0;0;;0;0;1;0;0;0;0;0;0;0;0;;2082888;;;0;0;2;6;;0;1;0;383;HM35439001N202211.DTS;;;0.0;0.0;0.0;0.0;0.0;0;C218;;;;;;;;;1;0;0;0;0;0;0;0;0;;Câncer Colorretal;13505050;-22.41139;-47.56139;Jardim Floridiana;Rua M 2;BrasilAPI;82;2022;601.86
354390;2022;11;3;56384183000140.0;3522130715114;1;13503290;354390;19490723;3;0;0;0;0;0;0;0;0;0;5;5;304100021;304100021;377.04;65.14;0.0;0.0;0.0;0.0;0.0;0.0;0.0;0.0;0.0;442.18;0.0;84.87;20221117;20221121;C189;0;41;0;3999;1;0;0;354390;4;73;4;1;10;;2;0;;0;0;0;;0;0;1;0;0;0;0;0;0;0;0;;2082888;;;0;0;2;6;;0;1;0;590;HM35439001N202211.DTS;;;0.0;0.0;0.0;0.0;0.0;0;I10;E148;;;;;;;;1;1;0;0;0;0;0;0;0;;Câncer Colorretal;13503290;-22.41139;-47.56139;Consolação;Rua 18;BrasilAPI;73;2022;442.18
354390;2022;11;1;56384183000140.0;3522127753408;1;13505147;354390;19870918;3;0;0;0;0;0;0;0;0;0;0;2;415020050;415020050;6393.69;1360.18;0.0;0.0;0.0;0.0;0.0;0.0;0.0;0.0;0.0;7753.87;0.0;1488.26;20221101;20221102;C187;0;27;0;3999;1;0;0;354390;4;35;1;0;10;;2;0;;0;0;0;;0;0;1;0;0;0;0;0;0;1;8291227888;;2082888;;;0;0;3;6;;0;1;0;102;HM35439001N202211.DTS;;;0.0;0.0;0.0;0.0;0.0;0;;;;;;;;;;0;0;0;0;0;0;0;0;0;;Câncer Colorretal;13505147;-22.41139;-47.56139;Vila Martins;Avenida M 15;BrasilAPI;35;2022;7753.87
354390;2022;11;1;56384183000140.0;3522127753419;1;13505147;354390;19870918;3;0;0;0;0;0;0;0;0;0;0;7;407040161;407040161;698.4;154.99;0.0;0.0;0.0;0.0;0.0;0.0;0.0;0.0;0.0;853.39;0.0;163.79;20221102;20221109;C187;0;12;0;3999;1;0;0;354390;4;35;7;0;10;;2;0;;0;0;0;;0;0;1;0;0;0;0;0;0;1;8291227888;;2082888;;;0;0;2;6;;0;1;0;103;HM35439001N202211.DTS;;;0.0;0.0;0.0;0.0;0.0;0;;;;;;;;;;0;0;0;0;0;0;0;0;0;;Câncer Colorretal;13505147;-22.41139;-47.56139;Vila Martins;Avenida M 15;BrasilAPI;35;2022;853.39
354390;2022;11;1;56384183000140.0;3522130714982;1;13501040;354390;19460414;3;0;0;0;2;75;0;0;0;0;2;2;415020050;415020050;10636.01;2394.12;0.0;0.0;0.0;0.0;0.0;0.0;0.0;0.0;0.0;13030.13;1200.0;2500.98;20221122;20221126;C187;0;12;0;3999;1;0;0;354390;4;76;4;0;10;;1;0;;0;0;0;;0;0;1;0;0;0;0;0;0;0;0;;2082888;;;0;0;3;6;;0;1;0;221;HM35439001N202211.DTS;;;0.0;0.0;0.0;0.0;0.0;0;K638;C574;;;;;;;;1;1;0;0;0;0;0;0;0;;Câncer Colorretal;13501040;-22.41139;-47.56139;Cidade Jardim;Rua 3 CJ;BrasilAPI;76;2022;13030.13
354390;2022;11;1;56384183000140.0;3522130715598;1;13501360;354390;19661109;3;0;0;0;0;0;0;0;0;0;0;4;416050026;416050026;1944.3;655.47;0.0;0.0;0.0;0.0;0.0;0.0;0.0;0.0;0.0;2599.77;0.0;498.99;20221114;20221118;C187;0;12;0;3999;1;0;0;354390;4;56;4;0;10;;2;0;;0;0;0;;0;0;1;0;0;0;0;0;0;1;8291227888;;2082888;;;0;0;3;6;;0;1;0;241;HM35439001N202211.DTS;;;0.0;0.0;0.0;0.0;0.0;0;;;;;;;;;;0;0;0;0;0;0;0;0;0;;Câncer Colorretal;13501360;-22.41139;-47.56139;Estádio;Rua 19 BE;BrasilAPI;56;2022;2599.77
354390;2022;12;3;56384183000140.0;3522130716544;1;13503666;354390;19651020;3;0;0;0;0;0;0;0;0;0;0;1;304100021;304100021;302.3;65.14;0.0;0.0;0.0;0.0;0.0;0.0;0.0;0.0;0.0;367.44;0.0;72.18;20221208;20221208;C187;0;41;0;3999;1;0;0;354390;4;57;0;1;10;;2;0;;0;0;0;;0;0;1;0;0;0;0;0;0;0;0;;2082888;;;0;0;2;6;;0;1;0;445;HM35439001N202212.DTS;;;0.0;0.0;0.0;0.0;0.0;0;C785;;;;;;;;;2;0;0;0;0;0;0;0;0;;Câncer Colorretal;13503666;-22.41139;-47.56139;Novo Jardim Wenzel;Rua 7 JW;BrasilAPI;57;2022;367.44
354390;2022;12;1;56384183000140.0;3522130715390;1;13504310;354390;19761016;3;0;0;0;0;0;0;0;0;0;0;11;416050026;416050026;3233.93;674.34;0.0;0.0;0.0;0.0;0.0;0.0;0.0;0.0;0.0;3908.27;0.0;767.83;20221129;20221210;C188;0;12;0;3999;1;0;0;354390;4;46;11;0;10;;1;0;;0;0;0;;0;0;1;0;0;0;0;0;0;0;0;;2082888;;;0;0;3;6;;0;3;0;62;HM35439001N202212.DTS;;;0.0;0.0;0.0;0.0;0.0;0;;;;;;;;;;0;0;0;0;0;0;0;0;0;;Câncer Colorretal;13504310;-22.41139;-47.56139;Jardim Paulista II;Rua 28;BrasilAPI;46;2022;3908.27
354390;2022;12;1;56384183000140.0;3522130717523;1;13506650;354390;19521012;3;0;0;0;4;75;0;0;0;0;10;10;416040276;416040276;8343.19;1478.79;0.0;0.0;0.0;0.0;0.0;0.0;0.0;0.0;0.0;9821.98;2400.0;1929.66;20221104;20221118;C189;0;12;0;3999;1;0;0;354390;4;70;14;0;10;;2;0;;0;0;0;;0;0;1;0;0;0;0;0;0;1;8291227888;;2082888;;;0;0;3;6;;0;1;0;112;HM35439001N202212.DTS;;;0.0;0.0;0.0;0.0;0.0;0;;;;;;;;;;0;0;0;0;0;0;0;0;0;;Câncer Colorretal;13506650;-22.41139;-47.56139;Vila Alemã;Avenida 36 A;BrasilAPI;70;2022;9821.98
354390;2022;12;1;56384183000140.0;3522131794148;1;13503187;354390;19470808;3;0;0;0;0;0;0;0;0;0;5;5;415020050;415020050;3372.53;838.66;0.0;0.0;0.0;0.0;0.0;0.0;0.0;0.0;0.0;4211.19;0.0;827.34;20221212;20221216;C182;0;27;0;3999;1;0;0;354390;4;75;4;0;10;;1;0;;0;0;0;;0;0;1;0;0;0;0;0;0;1;8291227888;;2082888;;;0;0;3;6;;0;1;0;182;HM35439001N202212.DTS;;;0.0;0.0;0.0;0.0;0.0;0;K638;;;;;;;;;1;0;0;0;0;0;0;0;0;;Câncer Colorretal;13503187;-22.41139;-47.56139;Cidade Claret;Rua 19;BrasilAPI;75;2022;4211.19
354390;2022;12;3;56384183000140.0;3522131793554;1;13504310;354390;19761016;3;0;0;0;0;0;0;0;0;0;0;3;304100021;304100021;302.3;65.14;0.0;0.0;0.0;0.0;0.0;0.0;0.0;0.0;0.0;367.44;0.0;72.18;20221214;20221217;C189;0;12;0;3999;1;0;0;354390;4;46;3;0;10;;2;0;;0;0;0;;0;0;1;0;0;0;0;0;0;0;0;;2082888;;;0;0;2;6;;0;3;0;536;HM35439001N202212.DTS;;;0.0;0.0;0.0;0.0;0.0;0;I10;;;;;;;;;1;0;0;0;0;0;0;0;0;;Câncer Colorretal;13504310;-22.41139;-47.56139;Jardim Paulista II;Rua 28;BrasilAPI;46;2022;367.44
354390;2022;12;3;56384183000140.0;3522131793444;1;13506440;354390;19860902;3;0;0;0;0;0;0;0;0;0;0;6;304100021;304100021;473.6;80.29;0.0;0.0;0.0;0.0;0.0;0.0;0.0;0.0;0.0;553.89;0.0;108.81;20221211;20221217;C189;0;12;0;3999;1;0;0;354390;4;36;6;0;10;;2;0;;0;0;0;;0;0;1;0;0;0;0;0;0;0;0;;2082888;;;0;0;2;6;;0;1;0;531;HM35439001N202212.DTS;;;0.0;0.0;0.0;0.0;0.0;0;N189;;;;;;;;;1;0;0;0;0;0;0;0;0;;Câncer Colorretal;13506440;-22.41139;-47.56139;Vila São Miguel;Avenida 72 A;BrasilAPI;36;2022;553.89
354390;2022;12;1;56384183000140.0;3522131793279;1;13502014;354390;19580430;3;0;0;0;0;0;0;0;0;0;7;7;415020050;415020050;3793.19;844.79;0.0;0.0;0.0;0.0;0.0;0.0;0.0;0.0;0.0;4637.98;0.0;911.19;20221209;20221216;C188;0;12;0;3999;1;0;0;354390;4;64;7;0;10;;2;0;;0;0;0;;0;0;1;0;0;0;0;0;0;0;0;;2082888;;;0;0;3;6;;0;1;0;155;HM35439001N202212.DTS;;;0.0;0.0;0.0;0.0;0.0;0;;;;;;;;;;0;0;0;0;0;0;0;0;0;;Câncer Colorretal;13502014;-22.41139;-47.56139;Jardim INOCOOP;Rua 5 JI;BrasilAPI;64;2022;4637.98
354390;2022;12;1;56384183000140.0;3522131793664;1;13502745;354390;19570101;3;0;0;0;0;0;0;0;0;0;10;10;416050026;416050026;2805.64;655.47;0.0;0.0;0.0;0.0;0.0;0.0;0.0;0.0;0.0;3461.11;0.0;679.98;20221212;20221222;C188;0;12;0;3999;1;0;0;354390;4;65;10;0;10;;1;0;;0;0;0;;0;0;1;0;0;0;0;0;0;0;0;;2082888;;;0;0;3;6;;0;1;0;164;HM35439001N202212.DTS;;;0.0;0.0;0.0;0.0;0.0;0;;;;;;;;;;0;0;0;0;0;0;0;0;0;;Câncer Colorretal;13502745;-22.41139;-47.56139;Jardim Novo;Rua 5 JN;BrasilAPI;65;2022;3461.11
354390;2022;12;3;56384183000140.0;3522130717512;1;13506650;354390;19521012;3;0;0;0;0;0;0;0;0;0;11;11;304100021;304100021;914.91;76.75;0.0;0.0;0.0;0.0;0.0;0.0;0.0;0.0;0.0;991.66;0.0;194.82;20221025;20221104;C189;0;27;0;3999;1;0;0;354390;4;70;10;0;10;;2;0;;0;0;0;;0;0;1;0;0;0;0;0;0;1;8291227888;;2082888;;;0;0;2;6;;0;1;0;470;HM35439001N202212.DTS;;;0.0;0.0;0.0;0.0;0.0;0;I10;E119;;;;;;;;1;1;0;0;0;0;0;0;0;;Câncer Colorretal;13506650;-22.41139;-47.56139;Vila Alemã;Avenida 36 A;BrasilAPI;70;2022;991.66
354390;2022;3;1;56384183000140.0;3522111525867;1;13504642;354390;19690509;3;0;0;0;0;0;0;0;0;0;0;3;415010012;415010012;2037.29;622.79;0.0;0.0;0.0;0.0;0.0;0.0;0.0;0.0;0.0;2660.08;0.0;541.76;20220314;20220317;C189;0;12;0;3999;1;0;0;354390;4;52;3;0;10;;1;0;;0;0;0;;0;0;1;0;0;0;0;0;0;0;0;;2082888;;;0;0;2;6;;0;3;0;778;HM35439001N202203.DTS;;;0.0;0.0;0.0;0.0;0.0;0;K559;K469;K660;;;;;;;1;1;1;0;0;0;0;0;0;;Câncer Colorretal;13504642;-22.41139;-47.56139;Jardim das Paineiras;Avenida 52 PA;BrasilAPI;52;2022;2660.08
354390;2022;3;1;56384183000140.0;3522106341204;1;13501340;354390;19530526;3;0;0;0;0;0;0;0;0;0;4;4;415020050;415020050;6957.73;1808.88;0.0;0.0;0.0;0.0;0.0;0.0;0.0;0.0;0.0;8766.61;0.0;1785.46;20220208;20220212;C20;0;12;0;3999;1;0;0;354390;4;68;4;0;10;;1;0;;0;0;0;;0;0;1;0;0;0;0;0;0;0;0;;2082888;;;0;0;3;6;;0;1;0;681;HM35439001N202203.DTS;;;0.0;0.0;0.0;0.0;0.0;0;I10;E149;C775;K638;;;;;;1;1;1;1;0;0;0;0;0;;Câncer Colorretal;13501340;-22.41139;-47.56139;Estádio;Rua 17 BE;BrasilAPI;68;2022;8766.61
354390;2022;3;3;56384183000140.0;3522111528970;1;13504642;354390;19690509;3;0;0;0;0;0;0;0;0;0;0;3;304100021;304100021;302.3;65.14;0.0;0.0;0.0;0.0;0.0;0.0;0.0;0.0;0.0;367.44;0.0;74.83;20220322;20220325;C189;0;12;0;3999;1;0;0;354390;4;52;3;0;10;;2;0;;0;0;0;;0;0;1;0;0;0;0;0;0;0;0;;2082888;;;0;0;2;6;;0;3;0;1187;HM35439001N202203.DTS;;;0.0;0.0;0.0;0.0;0.0;0;;;;;;;;;;0;0;0;0;0;0;0;0;0;;Câncer Colorretal;13504642;-22.41139;-47.56139;Jardim das Paineiras;Avenida 52 PA;BrasilAPI;52;2022;367.44
354390;2022;9;1;56384183000140.0;3522122293415;1;13505008;354390;19990708;3;0;0;0;0;0;0;0;0;0;0;3;407020039;407020039;294.37;161.03;0.0;0.0;0.0;0.0;0.0;0.0;0.0;0.0;0.0;455.4;0.0;86.74;20220905;20220908;C181;0;12;0;3999;1;0;0;354390;4;23;3;0;10;;2;0;;0;0;0;;0;0;1;0;0;0;0;0;0;0;0;;2082888;;;0;0;2;6;;0;3;0;809;HM35439001N202209.DTS;;;0.0;0.0;0.0;0.0;0.0;0;;;;;;;;;;0;0;0;0;0;0;0;0;0;;Câncer Colorretal;13505008;-22.41139;-47.56139;Jardim Floridiana;Avenida M 31;BrasilAPI;23;2022;455.4
354390;2022;9;3;56384183000140.0;3522122291677;1;13503666;354390;19651020;3;0;0;0;0;0;0;0;0;0;0;11;304100021;304100021;739.67;76.75;0.0;0.0;0.0;0.0;0.0;0.0;0.0;0.0;0.0;816.42;0.0;155.5;20220903;20220914;C20;0;12;0;3999;1;0;0;354390;4;56;11;0;10;;2;0;;0;0;0;;0;0;1;0;0;0;0;0;0;0;0;;2082888;;;0;0;2;6;;0;1;0;1135;HM35439001N202209.DTS;;;0.0;0.0;0.0;0.0;0.0;0;L089;;;;;;;;;1;0;0;0;0;0;0;0;0;;Câncer Colorretal;13503666;-22.41139;-47.56139;Novo Jardim Wenzel;Rua 7 JW;BrasilAPI;56;2022;816.42
354390;2022;9;3;56384183000140.0;3522127744003;1;13506440;354390;19860902;3;0;0;0;0;0;0;0;0;0;0;3;304100021;304100021;302.3;65.14;0.0;0.0;0.0;0.0;0.0;0.0;0.0;0.0;0.0;367.44;0.0;69.98;20220926;20220929;C20;0;12;0;3999;1;0;0;354390;4;36;3;0;10;;2;0;;0;0;0;;0;0;1;0;0;0;0;0;0;0;0;;2082888;;;0;0;2;6;;0;1;0;1293;HM35439001N202209.DTS;;;0.0;0.0;0.0;0.0;0.0;0;;;;;;;;;;0;0;0;0;0;0;0;0;0;;Câncer Colorretal;13506440;-22.41139;-47.56139;Vila São Miguel;Avenida 72 A;BrasilAPI;36;2022;367.44
354390;2022;10;3;56384183000140.0;3522127747105;1;13506440;354390;19860902;3;0;0;0;0;0;0;0;0;0;0;2;304100021;304100021;450.27;65.14;0.0;0.0;0.0;0.0;0.0;0.0;0.0;0.0;0.0;515.41;0.0;97.43;20221017;20221019;C20;0;12;0;3999;1;0;0;354390;4;36;2;0;10;;2;0;;0;0;0;;0;0;1;0;0;0;0;0;0;0;0;;2082888;;;0;0;2;6;;0;1;0;441;HM35439001N202210.DTS;;;0.0;0.0;0.0;0.0;0.0;0;E878;C780;;;;;;;;1;1;0;0;0;0;0;0;0;;Câncer Colorretal;13506440;-22.41139;-47.56139;Vila São Miguel;Avenida 72 A;BrasilAPI;36;2022;515.41
354390;2022;10;1;56384183000140.0;3522127749350;1;13502100;354390;19650426;3;0;0;0;0;0;0;0;0;0;0;8;416050077;416050077;5720.13;1170.86;0.0;0.0;0.0;0.0;0.0;0.0;0.0;0.0;0.0;6890.99;0.0;1302.64;20221004;20221011;C20;0;27;0;3999;1;0;0;354390;4;57;7;0;10;;2;0;;0;0;0;;0;0;1;0;0;0;0;0;0;1;8291227888;;2082888;;;0;0;3;6;;0;3;0;190;HM35439001N202210.DTS;;;0.0;0.0;0.0;0.0;0.0;0;E668;;;;;;;;;1;0;0;0;0;0;0;0;0;;Câncer Colorretal;13502100;-22.41139;-47.56139;Jardim Residencial das Palmeiras;Avenida dos Costas;BrasilAPI;57;2022;6890.99
354390;2022;10;1;56384183000140.0;3522122293470;1;13506440;354390;19860902;3;0;0;0;0;0;0;0;0;0;0;1;415020050;415020050;5866.07;1354.05;0.0;0.0;0.0;0.0;0.0;0.0;0.0;0.0;0.0;7220.12;0.0;1364.86;20220912;20220912;C187;0;27;0;3999;1;0;0;354390;4;36;0;0;10;;1;0;;0;0;0;;0;0;1;0;0;0;0;0;0;1;8291227888;;2082888;;;0;0;3;6;;0;1;0;24;HM35439001N202210.DTS;;;0.0;0.0;0.0;0.0;0.0;0;;;;;;;;;;0;0;0;0;0;0;0;0;0;;Câncer Colorretal;13506440;-22.41139;-47.56139;Vila São Miguel;Avenida 72 A;BrasilAPI;36;2022;7220.12
354390;2022;10;1;56384183000140.0;3522127748403;1;13506630;354390;19640404;3;0;0;0;0;0;0;0;0;0;0;2;416050077;416050077;4436.0;1170.86;0.0;0.0;0.0;0.0;0.0;0.0;0.0;0.0;0.0;5606.86;0.0;1059.89;20221004;20221006;C19;0;12;0;3999;1;0;0;354390;4;58;2;0;10;;2;0;;0;0;0;;0;0;1;0;0;0;0;0;7;1;8291227888;;2082888;;;0;0;3;6;;0;1;0;160;HM35439001N202210.DTS;;;0.0;0.0;0.0;0.0;0.0;0;;;;;;;;;;0;0;0;0;0;0;0;0;0;;Câncer Colorretal;13506630;-22.41139;-47.56139;Vila Alemã;Avenida 40 A;BrasilAPI;58;2022;5606.86
354390;2022;10;3;56384183000140.0;3522127746522;1;13503290;354390;19490723;3;0;0;0;0;0;0;0;0;0;3;3;304100021;304100021;505.57;80.29;0.0;0.0;0.0;0.0;0.0;0.0;0.0;0.0;0.0;585.86;0.0;110.74;20220930;20221003;C189;0;12;0;3999;1;0;0;354390;4;73;3;0;10;;2;0;;0;0;0;;0;0;1;0;0;0;0;0;0;0;0;;2082888;;;0;0;2;6;;0;1;0;418;HM35439001N202210.DTS;;;0.0;0.0;0.0;0.0;0.0;0;I10;R54;;;;;;;;1;1;0;0;0;0;0;0;0;;Câncer Colorretal;13503290;-22.41139;-47.56139;Consolação;Rua 18;BrasilAPI;73;2022;585.86
354390;2022;10;3;56384183000140.0;3522127745664;1;13503666;354390;19651020;3;0;0;0;0;0;0;0;0;0;0;1;304100013;304100013;37.78;8.15;0.0;0.0;0.0;0.0;0.0;0.0;0.0;0.0;0.0;45.93;0.0;8.68;20221008;20221008;C189;0;12;0;3999;1;0;0;354390;4;56;0;0;10;;2;0;;0;0;0;;0;0;1;0;0;0;0;0;0;0;0;;2082888;;;0;0;2;6;;0;1;0;384;HM35439001N202210.DTS;;;0.0;0.0;0.0;0.0;0.0;0;;;;;;;;;;0;0;0;0;0;0;0;0;0;;Câncer Colorretal;13503666;-22.41139;-47.56139;Novo Jardim Wenzel;Rua 7 JW;BrasilAPI;56;2022;45.93
354390;2022;10;3;56384183000140.0;3522127749360;1;13502100;354390;19650426;3;0;0;0;0;0;0;0;0;0;0;12;304100021;304100021;783.81;80.62;0.0;0.0;0.0;0.0;0.0;0.0;0.0;0.0;0.0;864.43;0.0;163.4;20221011;20221023;C20;0;12;0;3999;1;0;0;354390;4;57;12;0;10;;2;0;;0;0;0;;0;0;1;0;0;0;0;0;0;1;8291227888;;2082888;;;0;0;2;6;;0;3;0;511;HM35439001N202210.DTS;;;0.0;0.0;0.0;0.0;0.0;0;E668;;;;;;;;;1;0;0;0;0;0;0;0;0;;Câncer Colorretal;13502100;-22.41139;-47.56139;Jardim Residencial das Palmeiras;Avenida dos Costas;BrasilAPI;57;2022;864.43
354390;2023;2;1;56384183000140.0;3523106182046;1;13504161;354390;19480118;3;0;0;0;0;0;0;0;0;0;9;9;416050026;416050026;1576.02;655.47;0.0;0.0;0.0;0.0;0.0;0.0;0.0;0.0;0.0;2231.49;0.0;440.13;20230124;20230202;C180;0;12;0;3999;1;0;0;354390;4;75;9;0;10;;1;0;;0;0;0;;0;0;1;0;0;0;0;0;0;0;0;;2082888;;;0;0;3;6;;0;1;0;15;HM35439001N202302.DTS;;;0.0;0.0;0.0;0.0;0.0;0;E148;;;;;;;;;1;0;0;0;0;0;0;0;0;;Câncer Colorretal;13504161;-22.41139;-47.56139;Vila Elizabeth (BNH);Rua 12;BrasilAPI;75;2023;2231.49
354390;2023;2;1;56384183000140.0;3523106182068;1;13505120;354390;19500731;3;0;0;0;1;75;0;0;0;0;0;0;416050026;416050026;3367.3;745.47;0.0;0.0;0.0;0.0;0.0;0.0;0.0;0.0;0.0;4112.77;600.0;811.19;20230127;20230127;C188;0;27;0;3999;1;0;0;354390;4;72;0;0;10;;1;0;;0;0;0;;0;0;1;0;0;0;0;0;0;1;8291227888;;2082888;;;0;0;3;6;;0;1;0;16;HM35439001N202302.DTS;;;0.0;0.0;0.0;0.0;0.0;0;C80;;;;;;;;;1;0;0;0;0;0;0;0;0;;Câncer Colorretal;13505120;-22.41139;-47.56139;Parque das Indústrias;Rua M 8;BrasilAPI;72;2023;4112.77
354390;2023;1;1;56384183000140.0;3523106177250;1;13504312;354390;19640807;3;0;0;0;0;0;0;0;0;0;0;12;416050026;416050026;2504.02;663.21;0.0;0.0;0.0;0.0;0.0;0.0;0.0;0.0;0.0;3167.23;0.0;609.08;20230109;20230121;C188;0;12;0;3999;1;0;0;354390;4;58;12;0;10;;1;0;;0;0;0;;0;0;1;0;0;0;0;0;0;0;0;;2082888;;;0;0;3;6;;0;3;0;84;HM35439001N202301.DTS;;;0.0;0.0;0.0;0.0;0.0;0;I10;E149;;;;;;;;1;1;0;0;0;0;0;0;0;;Câncer Colorretal;13504312;-22.41139;-47.56139;Jardim Paulista II;Rua 30;BrasilAPI;58;2023;3167.23
354390;2023;1;1;56384183000140.0;3523106177481;1;13505147;354390;19870918;3;0;0;0;0;0;0;0;0;0;0;1;406020078;406020078;319.44;109.2;0.0;0.0;0.0;0.0;0.0;0.0;0.0;0.0;0.0;428.64;0.0;82.43;20230109;20230109;C180;0;12;0;3999;1;0;0;354390;4;35;0;0;10;;1;0;;0;0;0;;0;0;1;0;0;0;0;0;0;0;0;;2082888;;;0;0;3;6;;0;1;0;97;HM35439001N202301.DTS;;;0.0;0.0;0.0;0.0;0.0;0;;;;;;;;;;0;0;0;0;0;0;0;0;0;;Câncer Colorretal;13505147;-22.41139;-47.56139;Vila Martins;Avenida M 15;BrasilAPI;35;2023;428.64
354390;2023;1;1;56384183000140.0;3523106180430;1;13500470;354390;19540203;3;0;0;0;0;0;0;0;0;0;12;12;416050026;416050026;3235.43;663.21;0.0;0.0;0.0;0.0;0.0;0.0;0.0;0.0;0.0;3898.64;0.0;749.73;20230116;20230128;C188;0;12;0;3999;1;0;0;354390;4;68;12;0;10;;1;0;;0;0;0;;0;0;1;0;0;0;0;0;0;0;0;;2082888;;;0;0;3;6;;0;1;0;182;HM35439001N202301.DTS;;;0.0;0.0;0.0;0.0;0.0;0;;;;;;;;;;0;0;0;0;0;0;0;0;0;;Câncer Colorretal;13500470;-22.41139;-47.56139;Centro;Avenida 14;BrasilAPI;68;2023;3898.64
354390;2023;12;1;56384183000140.0;3523130836357;1;13501170;354390;19611001;3;0;0;0;0;0;0;0;0;0;2;2;415020050;415020050;7336.51;1360.17;0.0;0.0;0.0;0.0;0.0;0.0;0.0;0.0;0.0;8696.68;0.0;1756.9;20231128;20231129;C187;0;27;0;3999;1;0;0;354390;4;62;1;0;10;;2;0;;0;0;0;;0;0;1;0;0;0;0;0;0;1;8291227888;;2082888;;;0;0;3;6;;0;2;0;166;HM35439001N202312.DTS;;;0.0;0.0;0.0;0.0;0.0;0;;;;;;;;;;0;0;0;0;0;0;0;0;0;;Câncer Colorretal;13501170;-22.41139;-47.56139;Vila Santo Antônio;Avenida 37;BrasilAPI;62;2023;8696.68
354390;2023;12;3;56384183000140.0;3523130837963;1;13506824;354390;19671231;3;0;0;0;0;0;0;0;0;0;0;14;304100021;304100021;879.44;88.36;0.0;0.0;0.0;0.0;0.0;0.0;0.0;0.0;0.0;967.8;0.0;195.51;20231213;20231227;C20;0;12;0;3999;1;0;0;354390;4;55;14;0;10;;2;0;;0;0;0;;0;0;1;0;0;0;0;0;0;1;8291227888;;2082888;;;0;0;2;6;;0;3;0;599;HM35439001N202312.DTS;;;0.0;0.0;0.0;0.0;0.0;0;I10;;;;;;;;;1;0;0;0;0;0;0;0;0;;Câncer Colorretal;13506824;-22.41139;-47.56139;Vila Paulista;Avenida P 11;BrasilAPI;55;2023;967.8
354390;2023;12;3;56384183000140.0;3523130838623;1;13501698;354390;19760222;3;0;0;0;0;0;0;0;0;0;0;3;304100021;304100021;685.03;65.14;0.0;0.0;0.0;0.0;0.0;0.0;0.0;0.0;0.0;750.17;0.0;151.54;20231226;20231229;C20;0;12;0;3999;1;0;0;354390;4;47;3;0;10;;2;0;;0;0;0;;0;0;1;0;0;0;0;0;0;0;0;;2082888;;;0;0;2;6;;0;3;0;611;HM35439001N202312.DTS;;;0.0;0.0;0.0;0.0;0.0;0;W999;D649;R11;;;;;;;1;1;1;0;0;0;0;0;0;;Câncer Colorretal;13501698;-22.41139;-47.56139;Jardim Porto Fino;Avenida 4 PF;BrasilAPI;47;2023;750.17
354390;2023;12;1;56384183000140.0;3523130837974;1;13506824;354390;19671231;3;0;0;0;0;0;0;0;0;0;0;3;415020050;415020050;7858.47;1354.04;0.0;0.0;0.0;0.0;0.0;0.0;0.0;0.0;0.0;9212.51;0.0;1861.11;20231211;20231213;C20;0;27;0;3999;1;0;0;354390;4;55;2;0;10;;1;0;;0;0;0;;0;0;1;0;0;0;0;0;0;1;8291227888;;2082888;;;0;0;3;6;;0;3;0;199;HM35439001N202312.DTS;;;0.0;0.0;0.0;0.0;0.0;0;C171;;;;;;;;;1;0;0;0;0;0;0;0;0;;Câncer Colorretal;13506824;-22.41139;-47.56139;Vila Paulista;Avenida P 11;BrasilAPI;55;2023;9212.51
354390;2023;12;1;56384183000140.0;3523130838964;1;13502485;354390;19590525;3;0;0;0;0;0;0;0;0;0;0;9;416050018;416050018;5455.57;1215.75;0.0;0.0;0.0;0.0;0.0;0.0;0.0;0.0;0.0;6671.32;0.0;1347.74;20231205;20231213;C20;0;27;0;3999;1;0;0;354390;4;64;8;0;10;;2;0;;0;0;0;;0;0;1;0;0;0;0;0;0;1;8291227888;;2082888;;;0;0;3;6;;0;1;0;223;HM35439001N202312.DTS;;;0.0;0.0;0.0;0.0;0.0;0;W999;;;;;;;;;1;0;0;0;0;0;0;0;0;;Câncer Colorretal;13502485;-22.41139;-47.56139;Park Palmeira;Rua F;BrasilAPI;64;2023;6671.32
354390;2023;12;1;56384183000140.0;3523127846634;1;13506600;354390;19610331;3;0;0;0;0;0;0;0;0;0;10;10;416050077;416050077;6556.35;1170.86;0.0;0.0;0.0;0.0;0.0;0.0;0.0;0.0;0.0;7727.21;0.0;1561.05;20231121;20231201;C187;0;12;0;3999;1;0;0;354390;4;62;10;0;10;;1;0;;0;0;0;;0;0;1;0;0;0;0;0;0;0;0;;2082888;;;0;0;3;6;;0;2;0;14;HM35439001N202312.DTS;;;0.0;0.0;0.0;0.0;0.0;0;I10;;;;;;;;;1;0;0;0;0;0;0;0;0;;Câncer Colorretal;13506600;-22.41139;-47.56139;Vila Nova;Avenida 46 A;BrasilAPI;62;2023;7727.21
354390;2023;12;3;56384183000140.0;3523130838953;1;13502485;354390;19590525;3;0;0;0;0;0;0;0;0;0;3;3;304100021;304100021;326.3;65.14;0.0;0.0;0.0;0.0;0.0;0.0;0.0;0.0;0.0;391.44;0.0;79.07;20231213;20231216;C20;0;12;0;3999;1;0;0;354390;4;64;3;0;10;;2;0;;0;0;0;;0;0;1;0;0;0;0;0;0;1;8291227888;;2082888;;;0;0;2;6;;0;1;0;620;HM35439001N202312.DTS;;;0.0;0.0;0.0;0.0;0.0;0;;;;;;;;;;0;0;0;0;0;0;0;0;0;;Câncer Colorretal;13502485;-22.41139;-47.56139;Park Palmeira;Rua F;BrasilAPI;64;2023;391.44
354390;2023;12;1;56384183000140.0;3523127848834;1;13505009;354390;19850519;3;0;0;0;0;0;0;0;0;0;0;1;406020078;406020078;319.44;109.2;0.0;0.0;0.0;0.0;0.0;0.0;0.0;0.0;0.0;428.64;0.0;86.59;20231204;20231204;C189;0;12;0;3999;1;0;0;354390;4;38;0;0;10;;1;0;;0;0;0;;0;0;1;0;0;0;0;0;0;0;0;;2082888;;;0;0;3;6;;0;1;0;75;HM35439001N202312.DTS;;;0.0;0.0;0.0;0.0;0.0;0;;;;;;;;;;0;0;0;0;0;0;0;0;0;;Câncer Colorretal;13505009;-22.41139;-47.56139;Jardim Floridiana;Avenida M 33;BrasilAPI;38;2023;428.64
354390;2023;11;1;56384183000140.0;3523127842146;1;13503666;354390;19540320;3;0;0;0;0;0;0;0;0;0;0;1;408060344;408060344;95.71;55.96;0.0;0.0;0.0;0.0;0.0;0.0;0.0;0.0;0.0;151.67;0.0;31.33;20231106;20231106;C187;0;12;0;3999;1;0;0;354390;4;69;0;0;10;;1;0;;0;0;0;;0;0;1;0;0;0;0;0;0;0;0;;2082888;;;0;0;2;6;;0;2;0;710;HM35439001N202311.DTS;;;0.0;0.0;0.0;0.0;0.0;0;E148;;;;;;;;;1;0;0;0;0;0;0;0;0;;Câncer Colorretal;13503666;-22.41139;-47.56139;Novo Jardim Wenzel;Rua 7 JW;BrasilAPI;69;2023;151.67
354390;2023;11;1;56384183000140.0;3523127841013;1;13500153;354390;19771215;3;0;0;0;0;0;0;0;0;0;0;5;416050077;416050077;6419.06;1170.86;0.0;0.0;0.0;0.0;0.0;0.0;0.0;0.0;0.0;7589.92;0.0;1568.16;20231031;20231105;C187;0;12;0;3999;1;0;0;354390;4;45;5;0;10;;1;0;;0;0;0;;0;0;1;0;0;0;0;0;0;0;0;;2082888;;;0;0;3;6;;0;1;0;668;HM35439001N202311.DTS;;;0.0;0.0;0.0;0.0;0.0;0;;;;;;;;;;0;0;0;0;0;0;0;0;0;;Câncer Colorretal;13500153;-22.41139;-47.56139;Centro;Rua 2;BrasilAPI;45;2023;7589.92
353870;2023;10;3;54384631000261.0;3523119915634;1;13504450;354390;19661127;3;0;0;0;0;0;0;0;0;0;0;1;301060088;301060088;48.74;16.22;0.0;0.0;0.0;0.0;0.0;0.0;0.0;0.0;0.0;64.96;0.0;13.17;20231019;20231019;C185;0;12;0;3999;1;0;0;353870;4;56;0;0;10;;1;0;;0;0;0;;0;0;1;0;0;0;0;0;0;0;0;;2087057;;;0;0;2;6;;0;1;0;642;HM35387001N202310.DTS;;;0.0;0.0;0.0;0.0;0.0;0;R529;;;;;;;;;2;0;0;0;0;0;0;0;0;;Câncer Colorretal;13504450;-22.41139;-47.56139;Parque Universitário;Avenida 62;BrasilAPI;56;2023;64.96
354390;2023;10;3;56384183000140.0;3523123151449;1;13502295;354390;19651205;3;0;0;0;0;0;0;0;0;0;0;5;304100021;304100021;302.3;65.14;0.0;0.0;0.0;0.0;0.0;0.0;0.0;0.0;0.0;367.44;0.0;74.53;20231012;20231016;C188;0;27;0;3999;1;0;0;354390;4;57;4;0;10;;2;0;;0;0;0;;0;0;1;0;0;0;0;0;0;1;8291227888;;2082888;;;0;0;2;6;;0;1;0;1257;HM35439001N202310.DTS;;;0.0;0.0;0.0;0.0;0.0;0;I10;E148;;;;;;;;1;1;0;0;0;0;0;0;0;;Câncer Colorretal;13502295;-22.41139;-47.56139;Parque Residencial Brasília;Avenida 28 BR;BrasilAPI;57;2023;367.44
354390;2023;10;3;56384183000140.0;3523123150921;1;13504220;354390;19480113;3;0;0;0;0;0;0;0;0;0;4;4;304100021;304100021;378.01;65.14;0.0;0.0;0.0;0.0;0.0;0.0;0.0;0.0;0.0;443.15;0.0;89.88;20230930;20231003;C188;0;27;0;3999;1;0;0;354390;4;75;3;0;10;;2;0;;0;0;0;;0;0;1;0;0;0;0;0;0;1;8291227888;;2082888;;;0;0;2;6;;0;1;0;1241;HM35439001N202310.DTS;;;0.0;0.0;0.0;0.0;0.0;0;W999;R54;;;;;;;;1;1;0;0;0;0;0;0;0;;Câncer Colorretal;13504220;-22.41139;-47.56139;Jardim Olinda;Avenida 66;BrasilAPI;75;2023;443.15
354390;2023;10;1;56384183000140.0;3523127840210;1;13502295;354390;19651205;3;0;0;0;0;0;0;0;0;0;0;4;415020050;415020050;3392.09;807.33;0.0;0.0;0.0;0.0;0.0;0.0;0.0;0.0;0.0;4199.42;0.0;851.8;20231016;20231020;C188;0;12;0;3999;1;0;0;354390;4;57;4;0;10;;2;0;;0;0;0;;0;0;1;0;0;0;0;0;0;1;8291227888;;2082888;;;0;0;3;6;;0;1;0;942;HM35439001N202310.DTS;;;0.0;0.0;0.0;0.0;0.0;0;C56;;;;;;;;;1;0;0;0;0;0;0;0;0;;Câncer Colorretal;13502295;-22.41139;-47.56139;Parque Residencial Brasília;Avenida 28 BR;BrasilAPI;57;2023;4199.42
354390;2023;10;1;56384183000140.0;3523127841156;1;13505009;354390;19850519;3;0;0;0;0;0;0;0;0;0;0;1;406020078;406020078;319.44;109.2;0.0;0.0;0.0;0.0;0.0;0.0;0.0;0.0;0.0;428.64;0.0;86.94;20231030;20231030;C189;0;12;0;3999;1;0;0;354390;4;38;0;0;10;;2;0;;0;0;0;;0;0;1;0;0;0;0;0;0;0;0;;2082888;;;0;0;3;6;;0;1;0;962;HM35439001N202310.DTS;;;0.0;0.0;0.0;0.0;0.0;0;;;;;;;;;;0;0;0;0;0;0;0;0;0;;Câncer Colorretal;13505009;-22.41139;-47.56139;Jardim Floridiana;Avenida M 33;BrasilAPI;38;2023;428.64
354390;2023;10;1;56384183000140.0;3523123148545;1;13505147;354390;19870918;3;0;0;0;0;0;0;0;0;0;0;9;407020241;407020241;560.37;150.56;0.0;0.0;0.0;0.0;0.0;0.0;0.0;0.0;0.0;710.93;0.0;144.2;20230926;20231005;C189;0;12;0;3999;1;0;0;354390;4;36;9;0;10;;1;0;;0;0;0;;0;0;1;0;0;0;0;0;0;0;0;;2082888;;;0;0;2;6;;0;1;0;774;HM35439001N202310.DTS;;;0.0;0.0;0.0;0.0;0.0;0;;;;;;;;;;0;0;0;0;0;0;0;0;0;;Câncer Colorretal;13505147;-22.41139;-47.56139;Vila Martins;Avenida M 15;BrasilAPI;36;2023;710.93
354390;2023;10;1;56384183000140.0;3523123152285;1;13506725;354390;19530906;3;0;0;0;0;0;0;0;0;0;0;9;416050018;416050018;5480.17;1215.75;0.0;0.0;0.0;0.0;0.0;0.0;0.0;0.0;0.0;6695.92;0.0;1358.19;20231017;20231026;C20;0;12;0;3999;1;0;0;354390;4;70;9;0;10;;2;0;;0;0;0;;0;0;1;0;0;0;0;0;0;0;0;;2082888;;;0;0;3;6;;0;1;0;890;HM35439001N202310.DTS;;;0.0;0.0;0.0;0.0;0.0;0;;;;;;;;;;0;0;0;0;0;0;0;0;0;;Câncer Colorretal;13506725;-22.41139;-47.56139;Vila Indaiá;Avenida 14 A;BrasilAPI;70;2023;6695.92
354390;2023;10;1;56384183000140.0;3523123148292;1;13504220;354390;19480113;3;0;0;0;0;0;0;0;0;0;0;8;416050026;416050026;2979.64;655.47;0.0;0.0;0.0;0.0;0.0;0.0;0.0;0.0;0.0;3635.11;0.0;737.34;20231003;20231011;C188;0;12;0;3999;1;0;0;354390;4;75;8;0;10;;2;0;;0;0;0;;0;0;1;0;0;0;0;0;0;1;8291227888;;2082888;;;0;0;3;6;;0;1;0;765;HM35439001N202310.DTS;;;0.0;0.0;0.0;0.0;0.0;0;W999;R54;;;;;;;;1;1;0;0;0;0;0;0;0;;Câncer Colorretal;13504220;-22.41139;-47.56139;Jardim Olinda;Avenida 66;BrasilAPI;75;2023;3635.11
350000;2023;9;1;46374500027203.0;3523120562710;1;13501110;354390;19411108;3;0;0;0;5;75;0;0;0;0;0;7;407020063;407020063;4636.45;717.26;0.0;0.0;0.0;0.0;0.0;0.0;0.0;0.0;0.0;5353.71;3000.0;1060.14;20230906;20230917;C189;0;41;0;1023;2;0;0;353870;4;81;11;1;10;;1;0;;0;0;0;;0;0;1;0;0;0;0;0;0;0;0;;9425802;46374500000194.0;;0;0;2;6;;0;1;0;12285;HE35000001N202309.DTS;;;0.0;0.0;0.0;0.0;0.0;0;R100;Z540;;;;;;;;1;1;0;0;0;0;0;0;0;;Câncer Colorretal;13501110;-22.41139;-47.56139;Saúde;Avenida 25;BrasilAPI;81;2023;5353.71
354390;2023;9;1;56384183000140.0;3523123142473;1;13504060;354390;19550806;3;0;0;0;0;0;0;0;0;0;4;4;416050026;416050026;3393.81;655.47;0.0;0.0;0.0;0.0;0.0;0.0;0.0;0.0;0.0;4049.28;0.0;801.83;20230812;20230815;C184;0;27;0;3999;1;0;0;354390;4;68;3;0;10;;2;0;;0;0;0;;0;0;1;0;0;0;0;0;0;1;8291227888;;2082888;;;0;0;3;6;;0;1;0;818;HM35439001N202309.DTS;;;0.0;0.0;0.0;0.0;0.0;0;;;;;;;;;;0;0;0;0;0;0;0;0;0;;Câncer Colorretal;13504060;-22.41139;-47.56139;Jardim Primavera;Avenida 50;BrasilAPI;68;2023;4049.28
354390;2023;9;1;56384183000140.0;3523123145564;1;13505009;354390;19850519;3;0;0;0;0;0;0;0;0;0;0;8;416050077;416050077;5420.13;1170.86;0.0;0.0;0.0;0.0;0.0;0.0;0.0;0.0;0.0;6590.99;0.0;1305.14;20230912;20230920;C19;0;12;0;3999;1;0;0;354390;4;38;8;0;10;;1;0;;0;0;0;;0;0;1;0;0;0;0;0;0;0;0;;2082888;;;0;0;3;6;;0;1;0;925;HM35439001N202309.DTS;;;0.0;0.0;0.0;0.0;0.0;0;;;;;;;;;;0;0;0;0;0;0;0;0;0;;Câncer Colorretal;13505009;-22.41139;-47.56139;Jardim Floridiana;Avenida M 33;BrasilAPI;38;2023;6590.99
354390;2023;9;1;56384183000140.0;3523123146060;1;13502100;354390;19570118;3;0;0;0;5;75;0;0;0;0;8;8;416060056;416060056;9013.34;1593.66;0.0;0.0;0.0;0.0;0.0;0.0;0.0;0.0;0.0;10607.0;3000.0;2100.39;20230829;20230911;C188;0;12;0;3999;1;0;0;354390;4;66;13;0;10;;1;0;;0;0;0;;0;0;1;0;0;0;0;0;0;0;0;;2082888;;;0;0;3;6;;0;1;0;945;HM35439001N202309.DTS;;;0.0;0.0;0.0;0.0;0.0;0;;;;;;;;;;0;0;0;0;0;0;0;0;0;;Câncer Colorretal;13502100;-22.41139;-47.56139;Jardim Residencial das Palmeiras;Avenida dos Costas;BrasilAPI;66;2023;10607.0
354390;2023;9;1;56384183000140.0;3523123143463;1;13506670;354390;19331207;3;0;0;0;0;0;0;0;0;0;28;28;415020050;415020050;8188.25;1811.85;0.0;0.0;0.0;0.0;0.0;0.0;0.0;0.0;0.0;10000.1;0.0;1980.21;20230818;20230915;C187;0;12;0;3999;1;0;0;354390;4;89;28;0;10;;2;0;;0;0;0;;0;0;1;0;0;0;0;0;0;1;8291227888;;2082888;;;0;0;3;6;;0;1;0;858;HM35439001N202309.DTS;;;0.0;0.0;0.0;0.0;0.0;0;D391;;;;;;;;;1;0;0;0;0;0;0;0;0;;Câncer Colorretal;13506670;-22.41139;-47.56139;Vila Alemã;Avenida 34 A;BrasilAPI;89;2023;10000.1
354390;2023;9;1;56384183000140.0;3523123144431;1;13503505;354390;19470105;3;0;0;0;0;0;0;0;0;0;7;7;415010012;415010012;3879.08;559.74;0.0;0.0;0.0;0.0;0.0;0.0;0.0;0.0;0.0;4438.82;0.0;878.97;20230814;20230820;C180;0;27;0;3999;1;0;0;354390;4;76;6;0;10;;2;0;;0;0;0;;0;0;1;0;0;0;0;0;0;1;8291227888;;2082888;;;0;0;2;6;;0;1;0;889;HM35439001N202309.DTS;;;0.0;0.0;0.0;0.0;0.0;0;C20;K660;K650;;;;;;;1;1;1;0;0;0;0;0;0;;Câncer Colorretal;13503505;-22.4166901;-47.587278;Jardim Centenário;Avenida 8 JC;BrasilAPI;76;2023;4438.82
354390;2023;9;1;56384183000140.0;3523123144453;1;13503505;354390;19470105;3;0;0;0;0;0;0;0;0;0;6;6;407020241;407020241;1181.09;161.69;0.0;0.0;0.0;0.0;0.0;0.0;0.0;0.0;0.0;1342.78;0.0;265.89;20230809;20230814;C20;0;27;0;3999;1;0;0;354390;4;76;5;0;10;;2;0;;0;0;0;;0;0;1;0;0;0;0;0;0;1;8291227888;;2082888;;;0;0;2;6;;0;1;0;890;HM35439001N202309.DTS;;;0.0;0.0;0.0;0.0;0.0;0;;;;;;;;;;0;0;0;0;0;0;0;0;0;;Câncer Colorretal;13503505;-22.4166901;-47.587278;Jardim Centenário;Avenida 8 JC;BrasilAPI;76;2023;1342.78
354390;2023;9;3;56384183000140.0;3523123142462;1;13504060;354390;19550806;3;0;0;0;0;0;0;0;0;0;12;12;304100021;304100021;537.78;80.62;0.0;0.0;0.0;0.0;0.0;0.0;0.0;0.0;0.0;618.4;0.0;122.45;20230815;20230827;C187;0;12;0;3999;1;0;0;354390;4;68;12;0;10;;2;0;;0;0;0;;0;0;1;0;0;0;0;0;0;1;8291227888;;2082888;;;0;0;2;6;;0;1;0;1191;HM35439001N202309.DTS;;;0.0;0.0;0.0;0.0;0.0;0;;;;;;;;;;0;0;0;0;0;0;0;0;0;;Câncer Colorretal;13504060;-22.41139;-47.56139;Jardim Primavera;Avenida 50;BrasilAPI;68;2023;618.4
354390;2023;7;1;56384183000140.0;3523119588637;1;13506500;354390;19740520;3;0;0;0;0;0;0;0;0;0;0;4;415020050;415020050;2237.86;859.78;0.0;0.0;0.0;0.0;0.0;0.0;0.0;0.0;0.0;3097.64;0.0;629.6;20230712;20230715;C188;0;41;0;3999;1;0;0;354390;4;49;3;1;10;;2;0;;0;0;0;;0;0;1;0;0;0;0;0;0;1;8291227888;;2082888;;;0;0;3;6;;0;1;0;947;HM35439001N202307.DTS;;;0.0;0.0;0.0;0.0;0.0;0;C20;;;;;;;;;1;0;0;0;0;0;0;0;0;;Câncer Colorretal;13506500;-22.41139;-47.56139;Jardim Bandeirante (COHAB);Rua 1 JB;BrasilAPI;49;2023;3097.64
354390;2023;7;1;56384183000140.0;3523119584083;1;13506500;354390;19740520;3;0;0;0;0;0;0;0;0;0;0;7;415020050;415020050;7764.04;1808.89;0.0;0.0;0.0;0.0;0.0;0.0;0.0;0.0;0.0;9572.93;0.0;1945.71;20230704;20230711;C20;0;12;0;3999;1;0;0;354390;4;49;7;0;10;;1;0;;0;0;0;;0;0;1;0;0;0;0;0;0;1;8291227888;;2082888;;;0;0;3;6;;0;1;0;805;HM35439001N202307.DTS;;;0.0;0.0;0.0;0.0;0.0;0;C775;K564;;;;;;;;1;1;0;0;0;0;0;0;0;;Câncer Colorretal;13506500;-22.41139;-47.56139;Jardim Bandeirante (COHAB);Rua 1 JB;BrasilAPI;49;2023;9572.93
354390;2023;7;1;56384183000140.0;3523119582191;1;13504711;354390;19960328;3;0;0;0;4;75;0;0;0;0;0;1;415020050;415020050;8810.27;2030.58;0.0;0.0;0.0;0.0;0.0;0.0;0.0;0.0;0.0;10840.85;2400.0;2203.42;20230627;20230702;C20;0;12;0;3999;1;0;0;354390;4;27;5;0;10;;1;0;;0;0;0;;0;0;1;0;0;0;0;0;0;0;0;;2082888;;;0;0;3;6;;0;1;0;781;HM35439001N202307.DTS;;;0.0;0.0;0.0;0.0;0.0;0;C775;;;;;;;;;1;0;0;0;0;0;0;0;0;;Câncer Colorretal;13504711;-22.41139;-47.56139;Jardim Santa Maria;Rua 15;BrasilAPI;27;2023;10840.85
354390;2023;7;3;56384183000140.0;3523119583236;1;13506181;354390;19490903;3;0;0;0;0;0;0;0;0;0;6;6;304100021;304100021;350.3;65.14;0.0;0.0;0.0;0.0;0.0;0.0;0.0;0.0;0.0;415.44;0.0;84.43;20230628;20230704;C20;0;12;0;3999;1;0;0;354390;4;73;6;0;10;;2;0;;0;0;0;;0;0;1;0;0;0;0;0;0;0;0;;2082888;;;0;0;2;6;;0;1;0;1177;HM35439001N202307.DTS;;;0.0;0.0;0.0;0.0;0.0;0;;;;;;;;;;0;0;0;0;0;0;0;0;0;;Câncer Colorretal;13506181;-22.41139;-47.56139;Parque Mãe Preta;Rua 11 MP;BrasilAPI;73;2023;415.44
354390;2023;7;1;56384183000140.0;3523119586250;1;13502140;354390;19750601;3;0;0;0;0;0;0;0;0;0;0;7;416050026;416050026;3019.26;655.47;0.0;0.0;0.0;0.0;0.0;0.0;0.0;0.0;0.0;3674.73;0.0;746.89;20230702;20230709;C188;0;12;0;3999;1;0;0;354390;4;48;7;0;10;;2;0;;0;0;0;;0;0;1;0;0;0;0;0;0;0;0;;2082888;;;0;0;3;6;;0;1;0;879;HM35439001N202307.DTS;;;0.0;0.0;0.0;0.0;0.0;0;;;;;;;;;;0;0;0;0;0;0;0;0;0;;Câncer Colorretal;13502140;-22.41139;-47.56139;Jardim Residencial das Palmeiras;Rua 9 JP;BrasilAPI;48;2023;3674.73
354390;2023;7;3;56384183000140.0;3523119590859;1;13501628;354390;19691013;3;0;0;0;0;0;0;0;0;0;0;3;304100021;304100021;366.21;80.29;0.0;0.0;0.0;0.0;0.0;0.0;0.0;0.0;0.0;446.5;0.0;90.75;20230724;20230727;C189;0;12;0;3999;1;0;0;354390;4;53;3;0;10;;2;0;;0;0;0;;0;0;1;0;0;0;0;0;0;0;0;;2082888;;;0;0;2;6;;0;3;0;1433;HM35439001N202307.DTS;;;0.0;0.0;0.0;0.0;0.0;0;C20;;;;;;;;;1;0;0;0;0;0;0;0;0;;Câncer Colorretal;13501628;-22.41139;-47.56139;Jardim Itapuã;Rua 16;BrasilAPI;53;2023;446.5
354390;2023;7;1;56384183000140.0;3523119586195;1;13506550;354390;19680201;3;0;0;0;0;0;0;0;0;0;0;6;416050026;416050026;2898.08;655.47;0.0;0.0;0.0;0.0;0.0;0.0;0.0;0.0;0.0;3553.55;0.0;722.26;20230703;20230709;C188;0;12;0;3999;1;0;0;354390;4;55;6;0;10;;1;0;;0;0;0;;0;0;1;0;0;0;0;0;0;0;0;;2082888;;;0;0;3;6;;0;1;0;878;HM35439001N202307.DTS;;;0.0;0.0;0.0;0.0;0.0;0;R05;;;;;;;;;1;0;0;0;0;0;0;0;0;;Câncer Colorretal;13506550;-22.41139;-47.56139;Vila Nova;Rua 9 A;BrasilAPI;55;2023;3553.55
354390;2023;5;1;56384183000140.0;3523114091728;1;13503505;354390;19470105;3;0;0;0;0;0;0;0;0;0;9;9;415020050;415020050;7200.03;1354.05;0.0;0.0;0.0;0.0;0.0;0.0;0.0;0.0;0.0;8554.08;0.0;1778.39;20230502;20230511;C189;0;12;0;3999;1;0;0;354390;4;76;9;0;10;;1;0;;0;0;0;;0;0;1;0;0;0;0;0;0;0;0;;2082888;;;0;0;3;6;;0;1;0;84;HM35439001N202305.DTS;;;0.0;0.0;0.0;0.0;0.0;0;C172;E149;;;;;;;;1;1;0;0;0;0;0;0;0;;Câncer Colorretal;13503505;-22.4166901;-47.587278;Jardim Centenário;Avenida 8 JC;BrasilAPI;76;2023;8554.08
354390;2023;5;3;56384183000140.0;3523115867601;1;13500581;354390;19361126;3;0;0;0;0;0;0;0;0;0;2;2;304100021;304100021;497.57;80.29;0.0;0.0;0.0;0.0;0.0;0.0;0.0;0.0;0.0;577.86;0.0;120.13;20230523;20230525;C20;0;12;0;3999;1;0;0;354390;4;86;2;0;10;;2;0;;0;0;0;;0;0;1;0;0;0;0;0;0;0;0;;2082888;;;0;0;2;6;;0;1;0;612;HM35439001N202305.DTS;;;0.0;0.0;0.0;0.0;0.0;0;G309;;;;;;;;;1;0;0;0;0;0;0;0;0;;Câncer Colorretal;13500581;-22.41139;-47.56139;Santana;Avenida 32;BrasilAPI;86;2023;577.86
354390;2023;5;3;56384183000140.0;3523114089539;1;13501410;354390;19391115;3;0;0;0;0;0;0;0;0;0;6;6;304100021;304100021;734.5;95.29;0.0;0.0;0.0;0.0;0.0;0.0;0.0;0.0;0.0;829.79;0.0;172.51;20230429;20230505;C189;0;12;0;3999;1;0;0;354390;4;83;6;0;10;;2;0;;0;0;0;;0;0;1;0;0;0;0;0;0;1;8291227888;;2082888;;;0;0;2;6;;0;1;0;400;HM35439001N202305.DTS;;;0.0;0.0;0.0;0.0;0.0;0;K922;I10;;;;;;;;1;1;0;0;0;0;0;0;0;;Câncer Colorretal;13501410;-22.41139;-47.56139;Estádio;Avenida 27;BrasilAPI;83;2023;829.79
354390;2023;5;3;56384183000140.0;3523114089540;1;13501410;354390;19391115;3;0;0;0;0;0;0;0;0;0;8;8;304100013;304100013;398.93;65.2;0.0;0.0;0.0;0.0;0.0;0.0;0.0;0.0;0.0;464.13;0.0;96.49;20230422;20230429;C189;0;27;0;3999;1;0;0;354390;4;83;7;0;10;;2;0;;0;0;0;;0;0;1;0;0;0;0;0;0;1;8291227888;;2082888;;;0;0;2;6;;0;1;0;401;HM35439001N202305.DTS;;;0.0;0.0;0.0;0.0;0.0;0;K922;I10;E148;;;;;;;1;1;1;0;0;0;0;0;0;;Câncer Colorretal;13501410;-22.41139;-47.56139;Estádio;Avenida 27;BrasilAPI;83;2023;464.13
354390;2023;5;1;56384183000140.0;3523115866810;1;13502774;354390;19730928;3;0;0;0;0;0;0;0;0;0;0;8;415020050;415020050;8114.84;1780.4;0.0;0.0;0.0;0.0;0.0;0.0;0.0;0.0;0.0;9895.24;0.0;2057.22;20230518;20230526;C187;0;12;0;3999;1;0;0;354390;4;49;8;0;10;;2;0;;0;0;0;;0;0;1;0;0;0;0;0;0;0;0;;2082888;;;0;0;3;6;;0;1;0;194;HM35439001N202305.DTS;;;0.0;0.0;0.0;0.0;0.0;0;W999;D391;;;;;;;;1;1;0;0;0;0;0;0;0;;Câncer Colorretal;13502774;-22.41139;-47.56139;Jardim das Nações II;Rua 2;BrasilAPI;49;2023;9895.24
354390;2023;6;1;56384183000140.0;3523115868855;1;13502160;354390;19560109;3;0;0;0;0;0;0;0;0;0;0;8;416050077;416050077;5378.1;1170.86;0.0;0.0;0.0;0.0;0.0;0.0;0.0;0.0;0.0;6548.96;0.0;1381.63;20230530;20230607;C20;0;12;0;3999;1;0;0;354390;4;67;8;0;10;;1;0;;0;0;0;;0;0;1;0;0;0;0;0;0;0;0;;2082888;;;0;0;3;6;;0;1;0;56;HM35439001N202306.DTS;;;0.0;0.0;0.0;0.0;0.0;0;I10;;;;;;;;;1;0;0;0;0;0;0;0;0;;Câncer Colorretal;13502160;-22.41139;-47.56139;Jardim Residencial das Palmeiras;Rua 11 JP;BrasilAPI;67;2023;6548.96
354390;2023;6;3;56384183000140.0;3523115870912;1;13501698;354390;19760222;3;0;0;0;0;0;0;0;0;0;0;2;304100021;304100021;302.3;65.14;0.0;0.0;0.0;0.0;0.0;0.0;0.0;0.0;0.0;367.44;0.0;77.51;20230615;20230616;C20;0;27;0;3999;1;0;0;354390;4;47;1;0;10;;2;0;;0;0;0;;0;0;1;0;0;0;0;0;0;1;8291227888;;2082888;;;0;0;2;6;;0;3;0;494;HM35439001N202306.DTS;;;0.0;0.0;0.0;0.0;0.0;0;;;;;;;;;;0;0;0;0;0;0;0;0;0;;Câncer Colorretal;13501698;-22.41139;-47.56139;Jardim Porto Fino;Avenida 4 PF;BrasilAPI;47;2023;367.44
354390;2023;6;1;56384183000140.0;3523115871980;1;13506705;354390;19450503;3;0;0;0;0;0;0;0;0;0;9;9;415020050;415020050;8140.23;1354.04;0.0;0.0;0.0;0.0;0.0;0.0;0.0;0.0;0.0;9494.27;0.0;2003.01;20230605;20230614;C187;0;12;0;3999;1;0;0;354390;4;78;9;0;10;;1;0;;0;0;0;;0;0;1;0;0;0;0;0;0;0;0;;2082888;;;0;0;3;6;;0;1;0;160;HM35439001N202306.DTS;;;0.0;0.0;0.0;0.0;0.0;0;K638;C172;;;;;;;;1;1;0;0;0;0;0;0;0;;Câncer Colorretal;13506705;-22.41139;-47.56139;Vila Indaiá;Avenida 22 A;BrasilAPI;78;2023;9494.27
354390;2023;6;3;56384183000140.0;3523115870660;1;13501628;354390;19691013;3;0;0;0;0;0;0;0;0;0;0;13;304100013;304100021;532.69;84.49;0.0;0.0;0.0;0.0;0.0;0.0;0.0;0.0;0.0;617.18;0.0;130.2;20230607;20230620;C20;0;12;0;3999;1;0;0;354390;4;53;13;0;10;;2;0;;0;0;0;;0;0;1;0;0;0;0;0;0;1;8291227888;;2082888;;;0;0;2;6;;0;3;0;484;HM35439001N202306.DTS;;;0.0;0.0;0.0;0.0;0.0;0;E46;;;;;;;;;1;0;0;0;0;0;0;0;0;;Câncer Colorretal;13501628;-22.41139;-47.56139;Jardim Itapuã;Rua 16;BrasilAPI;53;2023;617.18
354390;2023;6;3;56384183000140.0;3523115870670;1;13501628;354390;19691013;3;0;0;0;0;0;0;0;0;0;0;8;304100021;304100013;437.04;65.2;0.0;0.0;0.0;0.0;0.0;0.0;0.0;0.0;0.0;502.24;0.0;105.95;20230531;20230607;C20;0;27;0;3999;1;0;0;354390;4;53;7;0;10;;2;0;;0;0;0;;0;0;1;0;0;0;0;0;0;1;8291227888;;2082888;;;0;0;2;6;;0;3;0;485;HM35439001N202306.DTS;;;0.0;0.0;0.0;0.0;0.0;0;E46;;;;;;;;;1;0;0;0;0;0;0;0;0;;Câncer Colorretal;13501628;-22.41139;-47.56139;Jardim Itapuã;Rua 16;BrasilAPI;53;2023;502.24
354390;2023;6;1;56384183000140.0;3523115870923;1;13501698;354390;19760222;3;0;0;0;0;0;0;0;0;0;0;3;407020101;407020101;1154.07;189.32;0.0;0.0;0.0;0.0;0.0;0.0;0.0;0.0;0.0;1343.39;0.0;283.41;20230616;20230619;C20;0;12;0;3999;1;0;0;354390;4;47;3;0;10;;2;0;;0;0;0;;0;0;1;0;0;0;0;0;0;1;8291227888;;2082888;;;0;0;2;6;;0;3;0;110;HM35439001N202306.DTS;;;0.0;0.0;0.0;0.0;0.0;0;;;;;;;;;;0;0;0;0;0;0;0;0;0;;Câncer Colorretal;13501698;-22.41139;-47.56139;Jardim Porto Fino;Avenida 4 PF;BrasilAPI;47;2023;1343.39
354390;2023;6;3;56384183000140.0;3523115872540;1;13506550;354390;19680201;3;0;0;0;0;0;0;0;0;0;0;2;304100021;304100021;302.3;65.14;0.0;0.0;0.0;0.0;0.0;0.0;0.0;0.0;0.0;367.44;0.0;77.51;20230618;20230620;C189;0;12;0;3999;1;0;0;354390;4;55;2;0;10;;2;0;;0;0;0;;0;0;1;0;0;0;0;0;0;0;0;;2082888;;;0;0;2;6;;0;1;0;538;HM35439001N202306.DTS;;;0.0;0.0;0.0;0.0;0.0;0;K564;;;;;;;;;1;0;0;0;0;0;0;0;0;;Câncer Colorretal;13506550;-22.41139;-47.56139;Vila Nova;Rua 9 A;BrasilAPI;55;2023;367.44
354390;2023;3;1;56384183000140.0;3523110957762;1;13504050;354390;19500214;3;0;0;0;0;0;0;0;0;0;0;9;416050026;416050026;2750.24;655.47;0.0;0.0;0.0;0.0;0.0;0.0;0.0;0.0;0.0;3405.71;0.0;681.14;20230220;20230301;C187;0;12;0;3999;1;0;0;354390;4;73;9;0;10;;2;0;;0;0;0;;0;0;1;0;0;0;0;0;0;0;0;;2082888;;;0;0;3;6;;0;1;0;12;HM35439001N202303.DTS;;;0.0;0.0;0.0;0.0;0.0;0;;;;;;;;;;0;0;0;0;0;0;0;0;0;;Câncer Colorretal;13504050;-22.41139;-47.56139;Jardim Primavera;Avenida 46;BrasilAPI;73;2023;3405.71
354390;2023;3;1;56384183000140.0;3523110963999;1;13501628;354390;19691013;3;0;0;0;0;0;0;0;0;0;0;3;415020050;415020050;9616.35;1808.89;0.0;0.0;0.0;0.0;0.0;0.0;0.0;0.0;0.0;11425.24;0.0;2285.04;20230321;20230324;C187;0;12;0;3999;1;0;0;354390;4;53;3;0;10;;2;0;;0;0;0;;0;0;1;0;0;0;0;0;7;1;8291227888;;2082888;;;0;0;3;6;;0;3;0;151;HM35439001N202303.DTS;;;0.0;0.0;0.0;0.0;0.0;0;W999;C775;K638;;;;;;;1;1;1;0;0;0;0;0;0;;Câncer Colorretal;13501628;-22.41139;-47.56139;Jardim Itapuã;Rua 16;BrasilAPI;53;2023;11425.24
354390;2023;3;1;56384183000140.0;3523110963944;1;13504686;354390;19520826;3;0;0;0;0;0;0;0;0;0;2;2;415020050;415020050;6377.11;1360.18;0.0;0.0;0.0;0.0;0.0;0.0;0.0;0.0;0.0;7737.29;0.0;1547.45;20230214;20230216;C187;0;12;0;3999;1;0;0;354390;4;70;2;0;10;;2;0;;0;0;0;;0;0;1;0;0;0;0;0;7;1;8291227888;;2082888;;;0;0;3;6;;0;1;0;148;HM35439001N202303.DTS;;;0.0;0.0;0.0;0.0;0.0;0;;;;;;;;;;0;0;0;0;0;0;0;0;0;;Câncer Colorretal;13504686;-22.41139;-47.56139;Jardim Boa Vista;Avenida 90 BV;BrasilAPI;70;2023;7737.29
350950;2023;8;1;;3523118373687;1;13501190;354390;19470110;3;0;0;0;3;75;0;0;0;0;2;2;416050026;416050026;5057.91;940.47;0.0;0.0;0.0;0.0;0.0;0.0;0.0;0.0;0.0;5998.38;1800.0;1199.67;20230528;20230602;C188;0;12;0;1120;1;0;0;350950;4;76;5;0;10;;1;0;;0;0;0;;0;0;1;0;0;0;0;0;0;0;0;;2081490;47018676000176.0;;0;0;3;6;;0;3;0;2977;HM35095001N202308.DTS;;;0.0;0.0;0.0;0.0;0.0;0;;;;;;;;;;0;0;0;0;0;0;0;0;0;;Câncer Colorretal;13501190;-22.41139;-47.56139;Vila Santo Antônio;Avenida 41;BrasilAPI;76;2023;5998.38
354390;2023;8;3;56384183000140.0;3523123138436;1;13503660;354390;19790516;3;0;0;0;0;0;0;0;0;0;0;1;304100021;304100021;317.7;70.48;0.0;0.0;0.0;0.0;0.0;0.0;0.0;0.0;0.0;388.18;0.0;77.63;20230828;20230828;C189;0;12;0;3999;1;0;0;354390;4;44;0;0;10;;1;0;;0;0;0;;0;0;1;0;0;0;0;0;7;1;8291227888;;2082888;;;0;0;2;6;;0;1;0;1258;HM35439001N202308.DTS;;;0.0;0.0;0.0;0.0;0.0;0;E149;I10;;;;;;;;1;1;0;0;0;0;0;0;0;;Câncer Colorretal;13503660;-22.41139;-47.56139;Novo Jardim Wenzel;Rua 1 JW;BrasilAPI;44;2023;388.18
354390;2023;8;1;56384183000140.0;3523123138997;1;13505083;354390;19621102;3;0;0;0;0;0;0;0;0;0;12;12;416040276;416040276;6661.1;1118.78;0.0;0.0;0.0;0.0;0.0;0.0;0.0;0.0;0.0;7779.88;0.0;1555.97;20230707;20230718;C189;0;27;0;3999;1;0;0;354390;4;60;11;0;10;;2;0;;0;0;0;;0;0;1;0;0;0;0;0;0;1;8291227888;;2082888;;;0;0;3;6;;0;2;0;922;HM35439001N202308.DTS;;;0.0;0.0;0.0;0.0;0.0;0;;;;;;;;;;0;0;0;0;0;0;0;0;0;;Câncer Colorretal;13505083;-22.41139;-47.56139;Jardim Floridiana;Rua M 5;BrasilAPI;60;2023;7779.88
354390;2023;8;1;56384183000140.0;3523123139019;1;13505083;354390;19621102;3;0;0;0;0;0;0;0;0;0;3;3;407020187;407020187;1027.7;189.34;0.0;0.0;0.0;0.0;0.0;0.0;0.0;0.0;0.0;1217.04;0.0;243.4;20230718;20230720;C189;0;27;0;3999;1;0;0;354390;4;60;2;0;10;;2;0;;0;0;0;;0;0;1;0;0;0;0;0;0;1;8291227888;;2082888;;;0;0;2;6;;0;2;0;923;HM35439001N202308.DTS;;;0.0;0.0;0.0;0.0;0.0;0;;;;;;;;;;0;0;0;0;0;0;0;0;0;;Câncer Colorretal;13505083;-22.41139;-47.56139;Jardim Floridiana;Rua M 5;BrasilAPI;60;2023;1217.04
354390;2023;8;3;56384183000140.0;3523119592311;1;13500350;354390;19340207;3;0;0;0;0;0;0;0;0;0;22;22;304100021;304100021;2326.92;134.32;0.0;0.0;0.0;0.0;0.0;0.0;0.0;0.0;0.0;2461.24;0.0;492.24;20230704;20230726;C20;0;12;0;3999;1;0;0;354390;4;89;22;0;10;;2;0;;0;0;0;;0;0;1;0;0;0;0;0;0;1;8291227888;;2082888;;;0;0;2;6;;0;1;0;1139;HM35439001N202308.DTS;;;0.0;0.0;0.0;0.0;0.0;0;I509;;;;;;;;;1;0;0;0;0;0;0;0;0;;Câncer Colorretal;13500350;-22.41139;-47.56139;Saúde;Avenida 11;BrasilAPI;89;2023;2461.24
354390;2023;8;1;56384183000140.0;3523119592300;1;13500350;354390;19340207;3;0;0;0;0;0;0;0;0;0;7;7;415020050;415020050;6469.72;1360.17;0.0;0.0;0.0;0.0;0.0;0.0;0.0;0.0;0.0;7829.89;0.0;1565.97;20230628;20230704;C20;0;27;0;3999;1;0;0;354390;4;89;6;0;10;;2;0;;0;0;0;;0;0;1;0;0;0;0;0;0;1;8291227888;;2082888;;;0;0;3;6;;0;1;0;791;HM35439001N202308.DTS;;;0.0;0.0;0.0;0.0;0.0;0;;;;;;;;;;0;0;0;0;0;0;0;0;0;;Câncer Colorretal;13500350;-22.41139;-47.56139;Saúde;Avenida 11;BrasilAPI;89;2023;7829.89
354390;2023;8;1;56384183000140.0;3523119589605;1;13500370;354390;19420503;3;0;0;0;0;0;0;0;0;0;9;9;416040276;416040276;6004.96;1103.78;0.0;0.0;0.0;0.0;0.0;0.0;0.0;0.0;0.0;7108.74;0.0;1421.74;20230723;20230801;C188;0;12;0;3999;1;0;0;354390;4;81;9;0;10;;2;0;;0;0;0;;0;0;1;0;0;0;0;0;0;0;0;;2082888;;;0;0;3;6;;0;1;0;735;HM35439001N202308.DTS;;;0.0;0.0;0.0;0.0;0.0;0;R54;;;;;;;;;1;0;0;0;0;0;0;0;0;;Câncer Colorretal;13500370;-22.41139;-47.56139;Centro;Avenida 7;BrasilAPI;81;2023;7108.74
354390;2023;8;1;56384183000140.0;3523119593928;1;13501698;354390;19760222;3;0;0;0;0;0;0;0;0;0;0;1;406020078;406020078;319.44;109.2;0.0;0.0;0.0;0.0;0.0;0.0;0.0;0.0;0.0;428.64;0.0;85.72;20230807;20230808;C20;0;12;0;3999;1;0;0;354390;4;47;1;0;10;;2;0;;0;0;0;;0;0;1;0;0;0;0;0;0;0;0;;2082888;;;0;0;3;6;;0;3;0;839;HM35439001N202308.DTS;;;0.0;0.0;0.0;0.0;0.0;0;W999;;;;;;;;;1;0;0;0;0;0;0;0;0;;Câncer Colorretal;13501698;-22.41139;-47.56139;Jardim Porto Fino;Avenida 4 PF;BrasilAPI;47;2023;428.64
354390;2023;8;1;56384183000140.0;3523119590210;1;13505005;354390;19581015;3;0;0;0;0;0;0;0;0;0;9;9;415010012;415010012;960.16;311.59;0.0;0.0;0.0;0.0;0.0;0.0;0.0;0.0;0.0;1271.75;0.0;254.35;20230725;20230803;C189;0;12;0;3999;1;0;0;354390;4;64;9;0;10;;1;0;;0;0;0;;0;0;1;0;0;0;0;0;0;0;0;;2082888;;;0;0;2;6;;0;3;0;745;HM35439001N202308.DTS;;;0.0;0.0;0.0;0.0;0.0;0;K388;;;;;;;;;1;0;0;0;0;0;0;0;0;;Câncer Colorretal;13505005;-22.41139;-47.56139;Jardim Floridiana;Avenida M 25;BrasilAPI;64;2023;1271.75
354390;2023;8;1;56384183000140.0;3523123139998;1;13501110;354390;19480411;3;0;0;0;1;75;0;0;0;0;3;3;416050026;416050026;4173.06;760.47;0.0;0.0;0.0;0.0;0.0;0.0;0.0;0.0;0.0;4933.53;600.0;986.7;20230808;20230811;C184;0;27;0;3999;1;0;0;354390;4;75;3;0;10;;2;0;;0;0;0;;0;0;1;0;0;0;0;0;0;1;8291227888;;2082888;;;0;0;3;6;;0;1;0;941;HM35439001N202308.DTS;;;0.0;0.0;0.0;0.0;0.0;0;;;;;;;;;;0;0;0;0;0;0;0;0;0;;Câncer Colorretal;13501110;-22.41139;-47.56139;Saúde;Avenida 25;BrasilAPI;75;2023;4933.53
354390;2023;8;3;56384183000140.0;3523123140009;1;13501110;354390;19480411;3;0;0;0;11;75;0;0;0;0;7;7;304100021;304100021;6536.14;1055.14;0.0;0.0;0.0;0.0;0.0;0.0;0.0;0.0;0.0;7591.28;6600.0;1518.25;20230811;20230829;C184;0;12;0;3999;1;0;0;354390;4;75;18;0;10;;2;0;;0;0;0;;0;0;1;0;0;0;0;0;0;1;8291227888;;2082888;;;0;0;2;6;;0;1;0;1302;HM35439001N202308.DTS;;;0.0;0.0;0.0;0.0;0.0;0;I694;D630;;;;;;;;1;1;0;0;0;0;0;0;0;;Câncer Colorretal;13501110;-22.41139;-47.56139;Saúde;Avenida 25;BrasilAPI;75;2023;7591.28
354390;2024;1;1;56384183000140.0;3524106164920;1;13503667;354390;19690821;3;0;0;0;0;0;0;0;0;0;0;1;406020078;406020078;319.44;109.2;0.0;0.0;0.0;0.0;0.0;0.0;0.0;0.0;0.0;428.64;0.0;86.59;20240102;20240102;C189;0;12;0;3999;1;0;0;354390;4;54;0;0;10;;2;0;;0;0;0;;0;0;1;0;0;0;0;0;0;0;0;;2082888;;;0;0;3;6;;0;2;0;78;HM35439001N202401.DTS;;;0.0;0.0;0.0;0.0;0.0;0;W999;;;;;;;;;1;0;0;0;0;0;0;0;0;;Câncer Colorretal;13503667;-22.41139;-47.56139;Novo Jardim Wenzel;Rua 8 JW;BrasilAPI;54;2024;428.64
354390;2024;1;1;56384183000140.0;3524106170189;1;13501698;354390;19760222;3;0;0;0;0;0;0;0;0;0;0;7;415020050;415020050;3260.05;844.79;0.0;0.0;0.0;0.0;0.0;0.0;0.0;0.0;0.0;4104.84;0.0;829.26;20240105;20240111;C184;0;41;0;3999;1;0;0;354390;4;47;6;1;10;;2;0;;0;0;0;;0;0;1;0;0;0;0;0;0;1;8291227888;;2082888;;;0;0;3;6;;0;3;0;206;HM35439001N202401.DTS;;;0.0;0.0;0.0;0.0;0.0;0;C20;D649;;;;;;;;1;1;0;0;0;0;0;0;0;;Câncer Colorretal;13501698;-22.41139;-47.56139;Jardim Porto Fino;Avenida 4 PF;BrasilAPI;47;2024;4104.84
354390;2024;1;3;56384183000140.0;3524106167550;1;13505350;354390;19570819;3;0;0;0;0;0;0;0;0;0;7;7;304100021;304100021;467.44;65.14;0.0;0.0;0.0;0.0;0.0;0.0;0.0;0.0;0.0;532.58;0.0;107.59;20240117;20240124;C20;0;12;0;3999;1;0;0;354390;4;66;7;0;10;;2;0;;0;0;0;;0;0;1;0;0;0;0;0;0;0;0;;2082888;;;0;0;2;6;;0;1;0;526;HM35439001N202401.DTS;;;0.0;0.0;0.0;0.0;0.0;0;N390;I10;D649;;;;;;;1;1;1;0;0;0;0;0;0;;Câncer Colorretal;13505350;-22.41139;-47.56139;Jardim Cherveson;Avenida M 19;BrasilAPI;66;2024;532.58
354390;2024;1;1;56384183000140.0;3523130839162;1;13500171;354390;19571219;3;0;0;0;0;0;0;0;0;0;14;14;416050026;416050026;3873.17;685.95;0.0;0.0;0.0;0.0;0.0;0.0;0.0;0.0;0.0;4559.12;0.0;921.03;20231226;20240109;C188;0;12;0;3999;1;0;0;354390;4;66;14;0;10;;2;0;;0;0;0;;0;0;1;0;0;0;0;0;0;0;0;;2082888;;;0;0;3;6;;0;3;0;33;HM35439001N202401.DTS;;;0.0;0.0;0.0;0.0;0.0;0;;;;;;;;;;0;0;0;0;0;0;0;0;0;;Câncer Colorretal;13500171;-22.41139;-47.56139;Zona Central;Rua 4;BrasilAPI;66;2023;4559.12
354390;2024;1;3;56384183000140.0;3524106170178;1;13501698;354390;19760222;3;0;0;0;0;0;0;0;0;0;0;3;304100021;304100021;387.24;65.14;0.0;0.0;0.0;0.0;0.0;0.0;0.0;0.0;0.0;452.38;0.0;91.38;20240103;20240105;C20;0;27;0;3999;1;0;0;354390;4;47;2;0;10;;2;0;;0;0;0;;0;0;1;0;0;0;0;0;0;1;8291227888;;2082888;;;0;0;2;6;;0;3;0;600;HM35439001N202401.DTS;;;0.0;0.0;0.0;0.0;0.0;0;D649;;;;;;;;;1;0;0;0;0;0;0;0;0;;Câncer Colorretal;13501698;-22.41139;-47.56139;Jardim Porto Fino;Avenida 4 PF;BrasilAPI;47;2024;452.38
354390;2024;11;3;56384183000140.0;3524128070397;1;13509656;354390;19540630;3;0;0;0;0;0;0;0;0;0;0;8;304100013;304100013;462.46;80.35;0.0;0.0;0.0;0.0;0.0;0.0;0.0;0.0;0.0;542.81;0.0;87.69;20241105;20241112;C20;0;27;0;3999;1;0;0;354390;4;70;7;0;10;;2;0;;0;0;0;;0;0;1;0;0;0;0;0;0;1;8291227888;;2082888;;;0;0;2;6;;0;1;0;486;HM35439001N202411.DTS;;;0.0;0.0;0.0;0.0;0.0;0;;;;;;;;;;0;0;0;0;0;0;0;0;0;;Câncer Colorretal;13509656;-22.41139;-47.56139;Recanto das Pedras (Assistência);Rua 3 Assistência;BrasilAPI;70;2024;542.81
354390;2024;11;3;56384183000140.0;3524128070408;1;13509656;354390;19540630;3;0;0;0;0;0;0;0;0;0;0;5;304100021;304100021;302.3;65.14;0.0;0.0;0.0;0.0;0.0;0.0;0.0;0.0;0.0;367.44;0.0;59.36;20241112;20241117;C20;0;12;0;3999;1;0;0;354390;4;70;5;0;10;;2;0;;0;0;0;;0;0;1;0;0;0;0;0;0;1;8291227888;;2082888;;;0;0;2;6;;0;1;0;487;HM35439001N202411.DTS;;;0.0;0.0;0.0;0.0;0.0;0;;;;;;;;;;0;0;0;0;0;0;0;0;0;;Câncer Colorretal;13509656;-22.41139;-47.56139;Recanto das Pedras (Assistência);Rua 3 Assistência;BrasilAPI;70;2024;367.44
354390;2024;11;1;56384183000140.0;3524128071750;1;13503667;354390;19690307;3;0;0;0;0;0;0;0;0;0;0;3;407020241;407020241;544.18;146.69;0.0;0.0;0.0;0.0;0.0;0.0;0.0;0.0;0.0;690.87;0.0;111.61;20241113;20241116;C20;0;12;0;3999;1;0;0;354390;4;55;3;0;10;;2;0;;0;0;0;;0;0;1;0;0;0;0;0;0;0;0;;2082888;;;0;0;2;6;;0;3;0;150;HM35439001N202411.DTS;;;0.0;0.0;0.0;0.0;0.0;0;W999;;;;;;;;;1;0;0;0;0;0;0;0;0;;Câncer Colorretal;13503667;-22.41139;-47.56139;Novo Jardim Wenzel;Rua 8 JW;BrasilAPI;55;2024;690.87
354390;2024;11;1;56384183000140.0;3524128073609;1;13505009;354390;19850519;3;0;0;0;0;0;0;0;0;0;0;1;406020078;406020078;319.44;109.2;0.0;0.0;0.0;0.0;0.0;0.0;0.0;0.0;0.0;428.64;0.0;69.24;20241125;20241125;C20;0;12;0;3999;1;0;0;354390;4;39;0;0;10;;1;0;;0;0;0;;0;0;1;0;0;0;0;0;0;0;0;;2082888;;;0;0;3;6;;0;1;0;194;HM35439001N202411.DTS;;;0.0;0.0;0.0;0.0;0.0;0;W999;;;;;;;;;1;0;0;0;0;0;0;0;0;;Câncer Colorretal;13505009;-22.41139;-47.56139;Jardim Floridiana;Avenida M 33;BrasilAPI;39;2024;428.64
354390;2024;11;3;56384183000140.0;3524128068110;1;13500970;354390;19610109;3;0;0;0;0;0;0;0;0;0;7;7;304100021;304100021;569.4;65.14;0.0;0.0;0.0;0.0;0.0;0.0;0.0;0.0;0.0;634.54;0.0;102.51;20241030;20241105;C20;0;41;0;3999;1;0;0;354390;4;63;6;1;10;;2;0;;0;0;0;;0;0;1;0;0;0;0;0;0;0;0;;2082888;;;0;0;2;6;;0;1;0;404;HM35439001N202411.DTS;;;0.0;0.0;0.0;0.0;0.0;0;;;;;;;;;;0;0;0;0;0;0;0;0;0;;Câncer Colorretal;13500970;-22.41139;-47.56139;Centro;Rua 1 1171;BrasilAPI;63;2024;634.54
354390;2024;9;1;56384183000140.0;3524123174143;1;13502100;354390;19730928;3;0;0;0;0;0;0;0;0;0;0;4;407020241;407020241;544.18;146.69;0.0;0.0;0.0;0.0;0.0;0.0;0.0;0.0;0.0;690.87;0.0;119.73;20240911;20240915;C187;0;12;0;3999;1;0;0;354390;4;50;4;0;10;;1;0;;0;0;0;;0;0;1;0;0;0;0;0;0;0;0;;2082888;;;0;0;2;6;;0;1;0;122;HM35439001N202409.DTS;;;0.0;0.0;0.0;0.0;0.0;0;;;;;;;;;;0;0;0;0;0;0;0;0;0;;Câncer Colorretal;13502100;-22.41139;-47.56139;Jardim Residencial das Palmeiras;Avenida dos Costas;BrasilAPI;50;2024;690.87
354390;2024;9;3;56384183000140.0;3524123171228;1;13506551;354390;19460519;3;0;0;0;1;75;0;0;0;0;0;8;304100021;304100021;942.02;170.29;0.0;0.0;0.0;0.0;0.0;0.0;0.0;0.0;0.0;1112.31;600.0;192.77;20240805;20240813;C189;0;27;0;3999;1;0;0;354390;4;78;8;0;10;;2;0;;0;0;0;;0;0;1;0;0;0;0;0;0;1;8291227888;;2082888;;;0;0;2;6;;0;3;0;442;HM35439001N202409.DTS;;;0.0;0.0;0.0;0.0;0.0;0;;;;;;;;;;0;0;0;0;0;0;0;0;0;;Câncer Colorretal;13506551;-22.41139;-47.56139;Vila Nova;Rua 10 A;BrasilAPI;78;2024;1112.31
354390;2024;9;1;56384183000140.0;3524123175353;1;13502485;354390;19590525;3;0;0;0;0;0;0;0;0;0;0;1;416050018;416050018;4479.79;1230.75;0.0;0.0;0.0;0.0;0.0;0.0;0.0;0.0;0.0;5710.54;0.0;989.69;20240731;20240731;C20;0;27;0;3999;1;0;0;354390;4;65;0;0;10;;1;0;;0;0;0;;0;0;1;0;0;0;0;0;0;1;8291227888;;2082888;;;0;0;3;6;;0;1;0;165;HM35439001N202409.DTS;;;0.0;0.0;0.0;0.0;0.0;0;;;;;;;;;;0;0;0;0;0;0;0;0;0;;Câncer Colorretal;13502485;-22.41139;-47.56139;Park Palmeira;Rua F;BrasilAPI;65;2024;5710.54
354390;2024;9;1;56384183000140.0;3524123175364;1;13502485;354390;19590525;3;0;0;0;0;0;0;0;0;0;5;5;415010012;415010012;1576.26;418.65;0.0;0.0;0.0;0.0;0.0;0.0;0.0;0.0;0.0;1994.91;0.0;345.73;20240731;20240804;C20;0;27;0;3999;1;0;0;354390;4;65;4;0;10;;2;0;;0;0;0;;0;0;1;0;0;0;0;0;0;1;8291227888;;2082888;;;0;0;2;6;;0;1;0;166;HM35439001N202409.DTS;;;0.0;0.0;0.0;0.0;0.0;0;W999;J960;K660;D259;;;;;;1;1;1;1;0;0;0;0;0;;Câncer Colorretal;13502485;-22.41139;-47.56139;Park Palmeira;Rua F;BrasilAPI;65;2024;1994.91
354390;2024;9;1;56384183000140.0;3524123175375;1;13502485;354390;19590525;3;0;0;0;0;0;0;0;0;0;0;7;407020179;407020179;2669.17;189.33;0.0;0.0;0.0;0.0;0.0;0.0;0.0;0.0;0.0;2858.5;0.0;495.4;20240804;20240810;C20;0;27;0;3999;1;0;0;354390;4;65;6;0;10;;2;0;;0;0;0;;0;0;1;0;0;0;0;0;0;1;8291227888;;2082888;;;0;0;2;6;;0;1;0;167;HM35439001N202409.DTS;;;0.0;0.0;0.0;0.0;0.0;0;;;;;;;;;;0;0;0;0;0;0;0;0;0;;Câncer Colorretal;13502485;-22.41139;-47.56139;Park Palmeira;Rua F;BrasilAPI;65;2024;2858.5
354390;2024;9;1;56384183000140.0;3524123178060;1;13506490;354390;19680802;3;0;0;0;0;0;0;0;0;0;0;4;415010012;415010012;1266.28;938.7;0.0;0.0;0.0;0.0;0.0;0.0;0.0;0.0;0.0;2204.98;0.0;382.14;20240923;20240927;C189;0;12;0;3999;1;0;0;354390;4;56;4;0;10;;2;0;;0;0;0;;0;0;1;0;0;0;0;0;0;0;0;;2082888;;;0;0;2;6;;0;1;0;255;HM35439001N202409.DTS;;;0.0;0.0;0.0;0.0;0.0;0;;;;;;;;;;0;0;0;0;0;0;0;0;0;;Câncer Colorretal;13506490;-22.41139;-47.56139;Vila Cristina;Avenida 62 A;BrasilAPI;56;2024;2204.98
354390;2024;9;1;56384183000140.0;3524123178114;1;13501380;354390;20050704;3;0;0;0;0;0;0;0;0;0;0;2;407020039;407020039;294.37;161.03;0.0;0.0;0.0;0.0;0.0;0.0;0.0;0.0;0.0;455.4;0.0;78.92;20240919;20240921;C181;0;12;0;3999;1;0;0;354390;4;19;2;0;10;;2;0;;0;0;0;;0;0;1;0;0;0;0;0;0;0;0;;2082888;;;0;0;2;6;;0;1;0;256;HM35439001N202409.DTS;;;0.0;0.0;0.0;0.0;0.0;0;;;;;;;;;;0;0;0;0;0;0;0;0;0;;Câncer Colorretal;13501380;-22.41139;-47.56139;Estádio;Rua 21 BE;BrasilAPI;19;2024;455.4
354390;2024;9;1;56384183000140.0;3524123171239;1;13506551;354390;19460519;3;0;0;0;2;75;0;0;0;0;0;1;415020050;415020050;7313.45;1481.98;0.0;0.0;0.0;0.0;0.0;0.0;0.0;0.0;0.0;8795.43;1200.0;1524.33;20240813;20240815;C188;0;41;0;3999;1;0;0;354390;4;78;2;1;10;;2;0;;0;0;0;;0;0;1;0;0;0;0;0;0;1;8291227888;;2082888;;;0;0;3;6;;0;3;0;46;HM35439001N202409.DTS;;;0.0;0.0;0.0;0.0;0.0;0;R579;;;;;;;;;2;0;0;0;0;0;0;0;0;;Câncer Colorretal;13506551;-22.41139;-47.56139;Vila Nova;Rua 10 A;BrasilAPI;78;2024;8795.43
354390;2024;4;1;56384183000140.0;3524111936202;1;13504099;354390;19540111;3;0;0;0;0;0;0;0;0;0;0;4;415010012;415010012;4103.55;810.46;0.0;0.0;0.0;0.0;0.0;0.0;0.0;0.0;0.0;4914.01;0.0;937.78;20240404;20240407;C189;0;41;0;3999;1;0;0;354390;4;70;3;1;10;;2;0;;0;0;0;;0;0;1;0;0;0;0;0;0;0;0;;2082888;;;0;0;2;6;;0;1;0;136;HM35439001N202404.DTS;;;0.0;0.0;0.0;0.0;0.0;0;C178;K566;K650;K359;K469;;;;;1;1;1;1;1;0;0;0;0;;Câncer Colorretal;13504099;-22.41139;-47.56139;Santana;Rua 6;BrasilAPI;70;2024;4914.01
354390;2024;4;1;56384183000140.0;3524111935454;1;13502114;354390;19681007;3;0;0;0;0;0;0;0;0;0;0;11;416050077;416050077;5832.59;1170.86;0.0;0.0;0.0;0.0;0.0;0.0;0.0;0.0;0.0;7003.45;0.0;1336.53;20240402;20240413;C187;0;12;0;3999;1;0;0;354390;4;55;11;0;10;;2;0;;0;0;0;;0;0;1;0;0;0;0;0;0;0;0;;2082888;;;0;0;3;6;;0;1;0;118;HM35439001N202404.DTS;;;0.0;0.0;0.0;0.0;0.0;0;I10;E149;E669;;;;;;;1;1;1;0;0;0;0;0;0;;Câncer Colorretal;13502114;-22.41139;-47.56139;Jardim Residencial das Palmeiras;Rua 5 JP;BrasilAPI;55;2024;7003.45
354390;2024;4;3;56384183000140.0;3524111934948;1;13505009;354390;19850519;3;0;0;0;0;0;0;0;0;0;0;1;304100021;304100021;317.7;70.48;0.0;0.0;0.0;0.0;0.0;0.0;0.0;0.0;0.0;388.18;0.0;74.08;20240409;20240409;C189;0;12;0;3999;1;0;0;354390;4;38;0;0;10;;1;0;;0;0;0;;0;0;1;0;0;0;0;0;7;1;8291227888;;2082888;;;0;0;2;6;;0;1;0;467;HM35439001N202404.DTS;;;0.0;0.0;0.0;0.0;0.0;0;;;;;;;;;;0;0;0;0;0;0;0;0;0;;Câncer Colorretal;13505009;-22.41139;-47.56139;Jardim Floridiana;Avenida M 33;BrasilAPI;38;2024;388.18
354390;2024;4;1;56384183000140.0;3524111934871;1;13502296;354390;19681025;3;0;0;0;0;0;0;0;0;0;0;1;406020078;406020078;319.44;109.2;0.0;0.0;0.0;0.0;0.0;0.0;0.0;0.0;0.0;428.64;0.0;81.8;20240408;20240408;C189;0;12;0;3999;1;0;0;354390;4;55;0;0;10;;1;0;;0;0;0;;0;0;1;0;0;0;0;0;0;0;0;;2082888;;;0;0;3;6;;0;1;0;103;HM35439001N202404.DTS;;;0.0;0.0;0.0;0.0;0.0;0;;;;;;;;;;0;0;0;0;0;0;0;0;0;;Câncer Colorretal;13502296;-22.41139;-47.56139;Parque Residencial Brasília;Avenida 30 BR;BrasilAPI;55;2024;428.64
354390;2024;7;1;56384183000140.0;3524117719694;1;13504191;354390;19670606;3;0;0;0;0;0;0;0;0;0;0;8;416050026;416050026;3142.76;655.47;0.0;0.0;0.0;0.0;0.0;0.0;0.0;0.0;0.0;3798.23;0.0;672.25;20240618;20240626;C188;0;12;0;3999;1;0;0;354390;4;57;8;0;10;;1;0;;0;0;0;;0;0;1;0;0;0;0;0;0;0;0;;2082888;;;0;0;3;6;;0;1;0;21;HM35439001N202407.DTS;;;0.0;0.0;0.0;0.0;0.0;0;W999;I10;Z720;;;;;;;1;1;1;0;0;0;0;0;0;;Câncer Colorretal;13504191;-22.41139;-47.56139;Alto do Santana;Rua 9;BrasilAPI;57;2024;3798.23
354390;2024;7;1;56384183000140.0;3524117719815;1;13504617;354390;19491020;3;0;0;0;0;0;0;0;0;0;0;9;416040209;416040209;4748.54;1025.4;0.0;0.0;0.0;0.0;0.0;0.0;0.0;0.0;0.0;5773.94;0.0;1021.93;20240601;20240610;C188;0;12;0;3999;1;0;0;354390;4;74;9;0;10;;2;0;;0;0;0;;0;0;1;0;0;0;0;0;0;0;0;;2082888;;;0;0;3;6;;0;1;0;22;HM35439001N202407.DTS;;;0.0;0.0;0.0;0.0;0.0;0;W999;I10;;;;;;;;1;1;0;0;0;0;0;0;0;;Câncer Colorretal;13504617;-22.41139;-47.56139;Jardim Residencial Santa Eliza;Avenida 42 SE;BrasilAPI;74;2024;5773.94
354390;2024;3;1;56384183000140.0;3524111925774;1;13501260;354390;19580806;3;0;0;0;0;0;0;0;0;0;0;5;415020050;415020050;7202.24;1792.99;0.0;0.0;0.0;0.0;0.0;0.0;0.0;0.0;0.0;8995.23;0.0;1739.88;20240306;20240311;C20;0;12;0;3999;1;0;0;354390;4;65;5;0;10;;2;0;;0;0;0;;0;0;1;0;0;0;0;0;0;0;0;;2082888;;;0;0;3;6;;0;1;0;108;HM35439001N202403.DTS;;;0.0;0.0;0.0;0.0;0.0;0;W999;C787;;;;;;;;1;1;0;0;0;0;0;0;0;;Câncer Colorretal;13501260;-22.4301473;-47.5556416;Jardim Residencial Copacabana;Avenida 1 JRC;BrasilAPI;65;2024;8995.23
354390;2024;3;1;56384183000140.0;3524106171949;1;13506185;354390;19810304;3;0;0;0;0;0;0;0;0;0;0;3;415020050;415020050;8062.37;1354.05;0.0;0.0;0.0;0.0;0.0;0.0;0.0;0.0;0.0;9416.42;0.0;1821.35;20240130;20240202;C187;0;12;0;3999;1;0;0;354390;4;42;3;0;10;;1;0;;0;0;0;;0;0;1;0;0;0;0;0;7;1;8291227888;;2082888;;;0;0;3;6;;0;1;0;9;HM35439001N202403.DTS;;;0.0;0.0;0.0;0.0;0.0;0;K913;;;;;;;;;1;0;0;0;0;0;0;0;0;;Câncer Colorretal;13506185;-22.41139;-47.56139;Parque Mãe Preta;Rua 15 MP;BrasilAPI;42;2024;9416.42
354390;2024;3;3;56384183000140.0;3524111924840;1;13504711;354390;19960328;3;0;0;0;0;0;0;0;0;0;0;4;304100021;304100021;791.43;80.14;0.0;0.0;0.0;0.0;0.0;0.0;0.0;0.0;0.0;871.57;0.0;168.58;20240228;20240302;C20;0;41;0;3999;1;0;0;354390;4;27;3;1;10;;2;0;;0;0;0;;0;0;1;0;0;0;0;0;0;0;0;;2082888;;;0;0;2;6;;0;1;0;451;HM35439001N202403.DTS;;;0.0;0.0;0.0;0.0;0.0;0;W999;;;;;;;;;1;0;0;0;0;0;0;0;0;;Câncer Colorretal;13504711;-22.41139;-47.56139;Jardim Santa Maria;Rua 15;BrasilAPI;27;2024;871.57
354390;2024;3;3;56384183000140.0;3524111927150;1;13500315;354390;19520418;3;0;0;0;0;0;0;0;0;0;5;5;304100021;304100021;661.09;65.14;0.0;0.0;0.0;0.0;0.0;0.0;0.0;0.0;0.0;726.23;0.0;140.47;20240306;20240311;C189;0;12;0;3999;1;0;0;354390;4;71;5;0;10;;2;0;;0;0;0;;0;0;1;0;0;0;0;0;0;0;0;;2082888;;;0;0;2;6;;0;1;0;531;HM35439001N202403.DTS;;;0.0;0.0;0.0;0.0;0.0;0;W999;N390;E149;;;;;;;1;1;1;0;0;0;0;0;0;;Câncer Colorretal;13500315;-22.413559;-47.5565119;Saúde;Rua 1;BrasilAPI;71;2024;726.23
354390;2024;5;1;56384183000140.0;3524117710872;1;13503150;354390;19800605;3;0;0;0;0;0;0;0;0;0;0;1;406020078;406020078;319.44;109.2;0.0;0.0;0.0;0.0;0.0;0.0;0.0;0.0;0.0;428.64;0.0;77.23;20240513;20240513;C180;0;12;0;3999;1;0;0;354390;4;43;0;0;10;;2;0;;0;0;0;;0;0;1;0;0;0;0;0;0;0;0;;2082888;;;0;0;3;6;;0;3;0;97;HM35439001N202405.DTS;;;0.0;0.0;0.0;0.0;0.0;0;;;;;;;;;;0;0;0;0;0;0;0;0;0;;Câncer Colorretal;13503150;-22.41139;-47.56139;Jardim São Paulo II;Rua 28;BrasilAPI;43;2024;428.64
354390;2024;5;1;56384183000140.0;3524117711466;1;13500315;354390;19481023;3;0;0;0;0;0;0;0;0;0;0;5;415020050;415020050;6380.33;1360.18;0.0;0.0;0.0;0.0;0.0;0.0;0.0;0.0;0.0;7740.51;0.0;1394.68;20240506;20240511;C188;0;12;0;3999;1;0;0;354390;4;75;5;0;10;;2;0;;0;0;0;;0;0;1;0;0;0;0;0;0;0;0;;2082888;;;0;0;3;6;;0;1;0;114;HM35439001N202405.DTS;;;0.0;0.0;0.0;0.0;0.0;0;W999;C20;;;;;;;;1;1;0;0;0;0;0;0;0;;Câncer Colorretal;13500315;-22.413559;-47.5565119;Saúde;Rua 1;BrasilAPI;75;2024;7740.51
354390;2024;5;1;56384183000140.0;3524117716328;1;13504115;354390;19580923;3;0;0;0;0;0;0;0;0;0;0;2;416050077;416050077;6642.18;1170.86;0.0;0.0;0.0;0.0;0.0;0.0;0.0;0.0;0.0;7813.04;0.0;1407.75;20240423;20240424;C189;0;27;0;3999;1;0;0;354390;4;65;1;0;10;;2;0;;0;0;0;;0;0;1;0;0;0;0;0;0;0;0;;2082888;;;0;0;3;6;;0;1;0;224;HM35439001N202405.DTS;;;0.0;0.0;0.0;0.0;0.0;0;W999;C20;;;;;;;;1;1;0;0;0;0;0;0;0;;Câncer Colorretal;13504115;-22.41139;-47.56139;Vila Operária;Avenida 42;BrasilAPI;65;2024;7813.04
350000;2024;10;3;49150352000112.0;3524117295171;1;13504266;354390;19530605;3;0;0;0;0;0;0;0;0;0;8;8;304100013;304100013;643.5;65.2;0.0;0.0;0.0;0.0;0.0;0.0;0.0;0.0;0.0;708.7;0.0;117.14;20241009;20241016;C20;0;26;0;3069;2;0;0;350550;4;71;7;0;10;;1;0;;0;0;0;;0;0;1;0;0;0;0;0;0;1;68196440782;;2090236;;;0;0;2;6;;0;1;0;4495;HE35000001N202410.DTS;;;0.0;0.0;0.0;0.0;0.0;0;R100;;;;;;;;;1;0;0;0;0;0;0;0;0;;Câncer Colorretal;13504266;-22.41139;-47.56139;Jardim Bela Vista;Avenida 36;BrasilAPI;71;2024;708.7
350000;2024;10;3;49150352000112.0;3524117297877;1;13504266;354390;19530605;3;0;0;0;0;0;0;0;0;0;11;12;304100021;304100021;455.06;80.62;0.0;0.0;0.0;0.0;0.0;0.0;0.0;0.0;0.0;535.68;0.0;88.54;20241016;20241027;C20;0;41;0;3069;2;0;0;350550;4;71;11;1;10;;1;0;;0;0;0;;0;0;1;0;0;0;0;0;7;1;68196440782;;2090236;;;0;0;2;6;;0;1;0;4545;HE35000001N202410.DTS;;;0.0;0.0;0.0;0.0;0.0;0;K590;;;;;;;;;1;0;0;0;0;0;0;0;0;;Câncer Colorretal;13504266;-22.41139;-47.56139;Jardim Bela Vista;Avenida 36;BrasilAPI;71;2024;535.68
354390;2024;10;3;56384183000140.0;3524123181535;1;13506490;354390;19680802;3;0;0;0;0;0;0;0;0;0;0;4;304100021;304100021;302.3;65.14;0.0;0.0;0.0;0.0;0.0;0.0;0.0;0.0;0.0;367.44;0.0;60.73;20241007;20241011;C188;0;12;0;3999;1;0;0;354390;4;56;4;0;10;;2;0;;0;0;0;;0;0;1;0;0;0;0;0;0;0;0;;2082888;;;0;0;2;6;;0;1;0;488;HM35439001N202410.DTS;;;0.0;0.0;0.0;0.0;0.0;0;;;;;;;;;;0;0;0;0;0;0;0;0;0;;Câncer Colorretal;13506490;-22.41139;-47.56139;Vila Cristina;Avenida 62 A;BrasilAPI;56;2024;367.44
354390;2024;10;1;56384183000140.0;3524123181513;1;13502296;354390;19561221;3;0;0;0;0;0;0;0;0;0;11;11;416050026;416050026;3361.09;659.34;0.0;0.0;0.0;0.0;0.0;0.0;0.0;0.0;0.0;4020.43;0.0;664.53;20240902;20240912;C188;0;27;0;3999;1;0;0;354390;4;67;10;0;10;;1;0;;0;0;0;;0;0;1;0;0;0;0;0;14;1;8291227888;;2082888;;;0;0;3;6;;0;3;0;56;HM35439001N202410.DTS;;;0.0;0.0;0.0;0.0;0.0;0;;;;;;;;;;0;0;0;0;0;0;0;0;0;;Câncer Colorretal;13502296;-22.41139;-47.56139;Parque Residencial Brasília;Avenida 30 BR;BrasilAPI;67;2024;4020.43
354390;2024;10;1;56384183000140.0;3524123182052;1;13504170;354390;19390325;3;0;0;0;0;0;0;0;0;0;0;9;415010012;415010012;3891.88;559.17;0.0;0.0;0.0;0.0;0.0;0.0;0.0;0.0;0.0;4451.05;0.0;735.71;20241002;20241011;C188;0;12;0;3999;1;0;0;354390;4;85;9;0;10;;1;0;;0;0;0;;0;0;1;0;0;0;0;0;0;0;0;;2082888;;;0;0;2;6;;0;1;0;82;HM35439001N202410.DTS;;;0.0;0.0;0.0;0.0;0.0;0;W999;D126;N736;R190;;;;;;1;1;1;1;0;0;0;0;0;;Câncer Colorretal;13504170;-22.41139;-47.56139;Jardim Olinda;Rua Jacutinga;BrasilAPI;85;2024;4451.05
354390;2024;10;3;56384183000140.0;3524123181117;1;13505147;354390;19870918;3;0;0;0;0;0;0;0;0;0;0;1;304100021;304100021;317.7;85.63;0.0;0.0;0.0;0.0;0.0;0.0;0.0;0.0;0.0;403.33;0.0;66.66;20241001;20241001;C189;0;12;0;3999;1;0;0;354390;4;37;0;0;10;;1;0;;0;0;0;;0;0;1;0;0;0;0;0;7;1;8291227888;;2082888;;;0;0;2;6;;0;1;0;469;HM35439001N202410.DTS;;;0.0;0.0;0.0;0.0;0.0;0;;;;;;;;;;0;0;0;0;0;0;0;0;0;;Câncer Colorretal;13505147;-22.41139;-47.56139;Vila Martins;Avenida M 15;BrasilAPI;37;2024;403.33
354390;2024;10;1;56384183000140.0;3524128063676;1;13506743;354390;19470507;3;0;0;0;0;0;0;0;0;0;2;2;415010012;415010012;1251.86;305.56;0.0;0.0;0.0;0.0;0.0;0.0;0.0;0.0;0.0;1557.42;0.0;257.42;20241015;20241017;C188;0;12;0;3999;1;0;0;354390;4;77;2;0;10;;2;0;;0;0;0;;0;0;1;0;0;0;0;0;7;1;8291227888;;2082888;;;0;0;2;6;;0;1;0;147;HM35439001N202410.DTS;;;0.0;0.0;0.0;0.0;0.0;0;;;;;;;;;;0;0;0;0;0;0;0;0;0;;Câncer Colorretal;13506743;-22.41139;-47.56139;Vila Indaiá;Rua 9 B;BrasilAPI;77;2024;1557.42
354390;2024;10;3;56384183000140.0;3524128064798;1;13500171;354390;19571219;3;0;0;0;0;0;0;0;0;0;0;2;304100021;304100021;350.46;80.29;0.0;0.0;0.0;0.0;0.0;0.0;0.0;0.0;0.0;430.75;0.0;71.19;20241023;20241025;C189;0;12;0;3999;1;0;0;354390;4;66;2;0;10;;2;0;;0;0;0;;0;0;1;0;0;0;0;0;0;0;0;;2082888;;;0;0;2;6;;0;3;0;595;HM35439001N202410.DTS;;;0.0;0.0;0.0;0.0;0.0;0;W999;K579;;;;;;;;1;1;0;0;0;0;0;0;0;;Câncer Colorretal;13500171;-22.41139;-47.56139;Zona Central;Rua 4;BrasilAPI;66;2024;430.75
354390;2024;10;3;56384183000140.0;3524128067163;1;13500310;354390;19361029;3;0;0;0;0;0;0;0;0;0;14;14;304100021;304100021;989.49;88.36;0.0;0.0;0.0;0.0;0.0;0.0;0.0;0.0;0.0;1077.85;0.0;178.15;20241018;20241031;C189;0;41;0;3999;1;0;0;354390;4;87;13;1;10;;1;0;;0;0;0;;0;0;1;0;0;0;0;0;0;0;0;;2082888;;;0;0;2;6;;0;1;0;685;HM35439001N202410.DTS;;;0.0;0.0;0.0;0.0;0.0;0;;;;;;;;;;0;0;0;0;0;0;0;0;0;;Câncer Colorretal;13500310;-22.41139;-47.56139;Saúde;Avenida 19;BrasilAPI;87;2024;1077.85
354390;2025;2;1;56384183000140.0;3525111293836;1;13505260;354390;19690513;3;0;0;0;1;75;0;0;0;0;0;2;415020050;415020050;8902.02;2392.16;0.0;0.0;0.0;0.0;0.0;0.0;0.0;0.0;0.0;11294.18;600.0;1967.62;20250121;20250124;C20;0;12;0;3999;1;0;0;354390;4;55;3;0;10;;1;0;;0;0;0;;0;0;1;0;0;0;0;0;7;1;8291227888;;2082888;;;0;0;3;6;;0;1;0;14;HM35439001N202502.DTS;;;0.0;0.0;0.0;0.0;0.0;0;;;;;;;;;;0;0;0;0;0;0;0;0;0;;Câncer Colorretal;13505260;-22.41139;-47.56139;Jardim Independência;Rua M 11;BrasilAPI;55;2025;11294.18
354390;2025;12;1;56384183000140.0;3525133577570;1;13500240;354390;19590604;3;0;0;0;0;0;0;0;0;0;0;6;416050026;416050026;3276.89;670.47;0.0;0.0;0.0;0.0;0.0;0.0;0.0;0.0;0.0;3947.36;0.0;756.19;20251118;20251123;C187;0;41;0;3999;1;0;0;354390;4;66;5;1;10;;2;0;;0;0;0;;0;0;1;0;0;0;0;0;0;1;8291227888;;2082888;;;0;0;3;6;;0;1;0;1102;HM35439001N202512.DTS;;;0.0;0.0;0.0;0.0;0.0;0;C500;I519;;;;;;;;1;1;0;0;0;0;0;0;0;0.0;Câncer Colorretal;13500240;-22.41139;-47.56139;Centro;Rua 11;BrasilAPI;66;2025;3947.36
354390;2025;12;1;56384183000140.0;3525133577174;1;13504140;354390;19470618;3;0;0;0;0;0;0;0;0;0;0;1;406020078;406020078;319.44;109.2;0.0;0.0;0.0;0.0;0.0;0.0;0.0;0.0;0.0;428.64;0.0;82.11;20251202;20251202;C188;0;12;0;3999;1;0;0;354390;4;78;0;0;10;;1;0;;0;0;0;;0;0;1;0;0;0;0;0;0;0;0;;2082888;;;0;0;3;6;;0;1;0;1095;HM35439001N202512.DTS;;;0.0;0.0;0.0;0.0;0.0;0;V877;I10;;;;;;;;1;1;0;0;0;0;0;0;0;0.0;Câncer Colorretal;13504140;-22.41139;-47.56139;Vila Operária;Avenida 40;BrasilAPI;78;2025;428.64
354390;2025;12;1;56384183000140.0;3525135058192;1;13504689;354390;19580618;3;0;0;0;0;0;0;0;0;0;0;2;416050018;416050018;5965.19;1215.75;0.0;0.0;0.0;0.0;0.0;0.0;0.0;0.0;0.0;7180.94;0.0;1375.65;20251202;20251203;C20;0;27;0;3999;1;0;0;354390;4;67;1;0;10;;1;0;;0;0;0;;0;0;1;0;0;0;0;0;0;1;8291227888;;2082888;;;0;0;3;6;;0;3;0;1273;HM35439001N202512.DTS;;;0.0;0.0;0.0;0.0;0.0;0;I10;;;;;;;;;1;0;0;0;0;0;0;0;0;0.0;Câncer Colorretal;13504689;-22.41139;-47.56139;Jardim Boa Vista;Avenida 96 BV;BrasilAPI;67;2025;7180.94
354390;2025;12;1;56384183000140.0;3525135050228;1;13505460;354390;19630715;3;0;0;0;0;0;0;0;0;0;0;11;415010012;415010012;1783.41;437.25;0.0;0.0;0.0;0.0;0.0;0.0;0.0;0.0;0.0;2220.66;0.0;425.41;20251201;20251212;C180;0;12;0;3999;1;0;0;354390;4;62;11;0;10;;1;0;;0;0;0;;0;0;1;0;0;0;0;0;0;0;0;;2082888;;;0;0;2;6;;0;3;0;1215;HM35439001N202512.DTS;;;0.0;0.0;0.0;0.0;0.0;0;I10;N736;C189;C187;;;;;;1;1;1;1;0;0;0;0;0;0.0;Câncer Colorretal;13505460;-22.41139;-47.56139;Parque São Jorge;Rua 9;BrasilAPI;62;2025;2220.66
354390;2025;12;1;56384183000140.0;3525135048776;1;13506050;354390;19440331;3;0;0;0;1;75;0;0;0;0;0;4;416050026;416050026;3662.45;760.47;0.0;0.0;0.0;0.0;0.0;0.0;0.0;0.0;0.0;4422.92;600.0;847.3;20251204;20251208;C188;0;27;0;3999;1;0;0;354390;4;81;4;0;10;;2;0;;0;0;0;;0;0;1;0;0;0;0;0;0;1;8291227888;;2082888;;;0;0;3;6;;0;1;0;1171;HM35439001N202512.DTS;;;0.0;0.0;0.0;0.0;0.0;0;;;;;;;;;;0;0;0;0;0;0;0;0;0;0.0;Câncer Colorretal;13506050;-22.41139;-47.56139;Jardim América;Avenida 50 A;BrasilAPI;81;2025;4422.92
354390;2025;12;3;56384183000140.0;3525135058214;1;13504689;354390;19580618;3;0;0;0;0;0;0;0;0;0;6;7;304100021;304100021;771.72;65.14;0.0;0.0;0.0;0.0;0.0;0.0;0.0;0.0;0.0;836.86;0.0;160.31;20251210;20251217;C20;0;12;0;3999;1;0;0;354390;4;67;7;0;10;;2;0;;0;0;0;;0;0;1;0;0;0;0;0;0;1;8291227888;;2082888;;;0;0;2;6;;0;3;0;1659;HM35439001N202512.DTS;;;0.0;0.0;0.0;0.0;0.0;0;;;;;;;;;;0;0;0;0;0;0;0;0;0;0.0;Câncer Colorretal;13504689;-22.41139;-47.56139;Jardim Boa Vista;Avenida 96 BV;BrasilAPI;67;2025;836.86
354390;2025;1;1;56384183000140.0;3524128080847;1;13505460;354390;19630715;3;0;0;0;0;0;0;0;0;0;0;4;415020050;415020050;6348.7;1308.1;0.0;0.0;0.0;0.0;0.0;0.0;0.0;0.0;0.0;7656.8;0.0;1311.09;20241230;20250103;C188;0;12;0;3999;1;0;0;354390;4;61;4;0;10;;2;0;;0;0;0;;0;0;1;0;0;0;0;0;14;1;8291227888;;2082888;;;0;0;3;6;;0;3;0;19;HM35439001N202501.DTS;;;0.0;0.0;0.0;0.0;0.0;0;;;;;;;;;;0;0;0;0;0;0;0;0;0;;Câncer Colorretal;13505460;-22.41139;-47.56139;Parque São Jorge;Rua 9;BrasilAPI;61;2024;7656.8
354390;2025;11;1;56384183000140.0;3525133570343;1;13504140;354390;19470618;3;0;0;0;0;0;0;0;0;0;5;5;415020050;415020050;4085.95;1088.28;0.0;0.0;0.0;0.0;0.0;0.0;0.0;0.0;0.0;5174.23;0.0;940.76;20251103;20251108;C188;0;12;0;3999;1;0;0;354390;4;78;5;0;10;;1;0;;0;0;0;;0;0;1;0;0;0;0;0;0;0;0;;2082888;;;0;0;3;6;;0;1;0;131;HM35439001N202511.DTS;;;0.0;0.0;0.0;0.0;0.0;0;;;;;;;;;;0;0;0;0;0;0;0;0;0;0.0;Câncer Colorretal;13504140;-22.41139;-47.56139;Vila Operária;Avenida 40;BrasilAPI;78;2025;5174.23
354390;2025;3;1;56384183000140.0;3525111309786;1;13502293;354390;19751225;3;0;0;0;0;0;0;0;0;0;0;4;415020050;415020050;7354.8;1375.17;0.0;0.0;0.0;0.0;0.0;0.0;0.0;0.0;0.0;8729.97;0.0;1542.39;20250325;20250329;C20;0;12;0;3999;1;0;0;354390;4;49;4;0;10;;2;0;;0;0;0;;0;0;1;0;0;0;0;0;0;0;0;;2082888;;;0;0;3;6;;0;3;0;213;HM35439001N202503.DTS;;;0.0;0.0;0.0;0.0;0.0;0;;;;;;;;;;0;0;0;0;0;0;0;0;0;0.0;Câncer Colorretal;13502293;-22.41139;-47.56139;Parque Residencial Brasília;Avenida 24 BR;BrasilAPI;49;2025;8729.97
354390;2025;3;1;56384183000140.0;3525111308653;1;13505226;354390;19580827;3;0;0;0;0;0;0;0;0;0;5;5;415020050;415020050;6226.2;1293.1;0.0;0.0;0.0;0.0;0.0;0.0;0.0;0.0;0.0;7519.3;0.0;1328.49;20250321;20250326;C187;0;12;0;3999;1;0;0;354390;4;66;5;0;10;;2;0;;0;0;0;;0;0;1;0;0;0;0;0;0;0;0;;2082888;;;0;0;3;6;;0;3;0;186;HM35439001N202503.DTS;;;0.0;0.0;0.0;0.0;0.0;0;;;;;;;;;;0;0;0;0;0;0;0;0;0;0.0;Câncer Colorretal;13505226;-22.41139;-47.56139;Jardim Dona Regina Picelli;Avenida 1 RP;BrasilAPI;66;2025;7519.3
354390;2025;3;1;56384183000140.0;3525111309192;1;13506666;354390;19240821;3;0;0;0;0;0;0;0;0;0;0;7;416050026;416050026;2840.64;655.47;0.0;0.0;0.0;0.0;0.0;0.0;0.0;0.0;0.0;3496.11;0.0;617.68;20250316;20250323;C188;0;12;0;3999;1;0;0;354390;5;0;7;0;10;;1;0;;0;0;0;;0;0;1;0;0;0;0;0;0;0;0;;2082888;;;0;0;3;6;;0;1;0;198;HM35439001N202503.DTS;;;0.0;0.0;0.0;0.0;0.0;0;W999;;;;;;;;;1;0;0;0;0;0;0;0;0;0.0;Câncer Colorretal;13506666;-22.41139;-47.56139;Vila Alemã;Rua 10 A;BrasilAPI;0;2025;3496.11
354390;2025;3;1;56384183000140.0;3525111304726;1;13504016;354390;19601130;3;0;0;0;0;0;0;0;0;0;10;10;415010012;415010012;3559.31;413.95;0.0;0.0;0.0;0.0;0.0;0.0;0.0;0.0;0.0;3973.26;0.0;701.98;20250225;20250307;C189;0;12;0;3999;1;0;0;354390;4;64;10;0;10;;1;0;;0;0;0;;0;0;1;0;0;0;0;0;0;0;0;;2082888;;;0;0;2;6;;0;1;0;81;HM35439001N202503.DTS;;;0.0;0.0;0.0;0.0;0.0;0;;;;;;;;;;0;0;0;0;0;0;0;0;0;0.0;Câncer Colorretal;13504016;-22.41139;-47.56139;Jardim Primavera;Rua 2 A;BrasilAPI;64;2025;3973.26
354390;2025;4;1;56384183000140.0;3525116110549;1;13502100;354390;19600902;3;0;0;0;0;0;0;0;0;0;0;2;415020050;415020050;7251.18;1375.18;0.0;0.0;0.0;0.0;0.0;0.0;0.0;0.0;0.0;8626.36;0.0;1513.39;20250413;20250414;C187;0;41;0;3999;1;0;0;354390;4;64;1;1;10;;2;0;;0;0;0;;0;0;1;0;0;0;0;0;0;0;0;;2082888;;;0;0;3;6;;0;1;0;134;HM35439001N202504.DTS;;;0.0;0.0;0.0;0.0;0.0;0;W999;C20;;;;;;;;1;1;0;0;0;0;0;0;0;0.0;Câncer Colorretal;13502100;-22.41139;-47.56139;Jardim Residencial das Palmeiras;Avenida dos Costas;BrasilAPI;64;2025;8626.36
354390;2025;4;1;56384183000140.0;3525111307872;1;13500171;354390;19500524;3;0;0;0;0;0;0;0;0;0;6;6;416050018;416050018;5631.83;1215.75;0.0;0.0;0.0;0.0;0.0;0.0;0.0;0.0;0.0;6847.58;0.0;1201.32;20250318;20250324;C20;0;12;0;3999;1;0;0;354390;4;74;6;0;10;;1;0;;0;0;0;;0;0;1;0;0;0;0;0;0;0;0;;2082888;;;0;0;3;6;;0;3;0;12;HM35439001N202504.DTS;;;0.0;0.0;0.0;0.0;0.0;0;;;;;;;;;;0;0;0;0;0;0;0;0;0;0.0;Câncer Colorretal;13500171;-22.41139;-47.56139;Zona Central;Rua 4;BrasilAPI;74;2025;6847.58
354390;2025;4;1;56384183000140.0;3525116106985;1;13504250;354390;19720314;3;0;0;0;0;0;0;0;0;0;0;8;416050026;416050026;3739.01;655.47;0.0;0.0;0.0;0.0;0.0;0.0;0.0;0.0;0.0;4394.48;0.0;770.96;20250324;20250401;C180;0;12;0;3999;1;0;0;354390;4;53;8;0;10;;2;0;;0;0;0;;0;0;1;0;0;0;0;0;0;0;0;;2082888;;;0;0;3;6;;0;1;0;31;HM35439001N202504.DTS;;;0.0;0.0;0.0;0.0;0.0;0;;;;;;;;;;0;0;0;0;0;0;0;0;0;0.0;Câncer Colorretal;13504250;-22.41139;-47.56139;Jardim Bela Vista;Rua Jacutinga;BrasilAPI;53;2025;4394.48
354390;2025;9;1;56384183000140.0;3525120720033;1;13502018;354390;19580605;3;0;0;0;0;0;0;0;0;0;0;5;416040276;416040276;6483.82;1103.79;0.0;0.0;0.0;0.0;0.0;0.0;0.0;0.0;0.0;7587.61;0.0;1410.33;20250818;20250823;C188;0;12;0;3999;1;0;0;354390;4;67;5;0;10;;1;0;;0;0;0;;0;0;1;0;0;0;0;0;0;0;0;;2082888;;;0;0;3;6;;0;3;0;12;HM35439001N202509.DTS;;;0.0;0.0;0.0;0.0;0.0;0;;;;;;;;;;0;0;0;0;0;0;0;0;0;0.0;Câncer Colorretal;13502018;-22.41139;-47.56139;Jardim INOCOOP;Avenida 1 JI;BrasilAPI;67;2025;7587.61
354390;2025;9;1;56384183000140.0;3525128496318;1;13504060;354390;19470902;3;0;0;0;0;0;0;0;0;0;0;1;406020078;406020078;319.44;109.2;0.0;0.0;0.0;0.0;0.0;0.0;0.0;0.0;0.0;428.64;0.0;79.67;20250922;20250922;C189;0;12;0;3999;1;0;0;354390;4;78;0;0;10;;1;0;;0;0;0;;0;0;1;0;0;0;0;0;0;0;0;;2082888;;;0;0;3;6;;0;1;0;155;HM35439001N202509.DTS;;;0.0;0.0;0.0;0.0;0.0;0;;;;;;;;;;0;0;0;0;0;0;0;0;0;0.0;Câncer Colorretal;13504060;-22.41139;-47.56139;Jardim Primavera;Avenida 50;BrasilAPI;78;2025;428.64
354390;2025;8;1;56384183000140.0;3525120718108;1;13504016;354390;19580326;3;0;0;0;0;0;0;0;0;0;0;5;415010012;415010012;3616.3;456.58;0.0;0.0;0.0;0.0;0.0;0.0;0.0;0.0;0.0;4072.88;0.0;767.02;20250805;20250810;C20;0;12;0;3999;1;0;0;354390;4;67;5;0;10;;2;0;;0;0;0;;0;0;1;0;0;0;0;0;0;0;0;;2082888;;;0;0;2;6;;0;1;0;230;HM35439001N202508.DTS;;;0.0;0.0;0.0;0.0;0.0;0;;;;;;;;;;0;0;0;0;0;0;0;0;0;0.0;Câncer Colorretal;13504016;-22.41139;-47.56139;Jardim Primavera;Rua 2 A;BrasilAPI;67;2025;4072.88
354390;2025;8;1;56384183000140.0;3525120720770;1;13506827;354390;19490228;3;0;0;0;0;0;0;0;0;0;0;1;406020078;406020078;319.44;109.2;0.0;0.0;0.0;0.0;0.0;0.0;0.0;0.0;0.0;428.64;0.0;80.72;20250825;20250825;C20;0;12;0;3999;1;0;0;354390;4;76;0;0;10;;1;0;;0;0;0;;0;0;1;0;0;0;0;0;0;0;0;;2082888;;;0;0;3;6;;0;1;0;320;HM35439001N202508.DTS;;;0.0;0.0;0.0;0.0;0.0;0;I10;;;;;;;;;1;0;0;0;0;0;0;0;0;0.0;Câncer Colorretal;13506827;-22.41139;-47.56139;Vila Paulista;Avenida P 17;BrasilAPI;76;2025;428.64
354390;2025;8;3;56384183000140.0;3525128487353;1;13501110;354390;19490816;3;0;0;0;0;0;0;0;0;0;0;2;304100021;304100021;317.99;65.14;0.0;0.0;0.0;0.0;0.0;0.0;0.0;0.0;0.0;383.13;0.0;72.15;20250825;20250826;C188;0;41;0;3999;1;0;0;354390;4;76;1;1;10;;2;0;;0;0;0;;0;0;1;0;0;0;0;0;0;0;0;;2082888;;;0;0;2;6;;0;1;0;758;HM35439001N202508.DTS;;;0.0;0.0;0.0;0.0;0.0;0;C762;;;;;;;;;2;0;0;0;0;0;0;0;0;0.0;Câncer Colorretal;13501110;-22.41139;-47.56139;Saúde;Avenida 25;BrasilAPI;76;2025;383.13
354390;2025;8;1;56384183000140.0;3525120720209;1;13505009;354390;19600321;3;0;0;0;0;0;0;0;0;0;4;5;416050026;416050026;3473.84;655.47;0.0;0.0;0.0;0.0;0.0;0.0;0.0;0.0;0.0;4129.31;0.0;777.64;20250804;20250808;C180;0;27;0;3999;1;0;0;354390;4;65;4;0;10;;2;0;;0;0;0;;0;0;1;0;0;0;0;0;0;1;8291227888;;2082888;;;0;0;3;6;;0;3;0;292;HM35439001N202508.DTS;;;0.0;0.0;0.0;0.0;0.0;0;Z720;I10;;;;;;;;1;1;0;0;0;0;0;0;0;0.0;Câncer Colorretal;13505009;-22.41139;-47.56139;Jardim Floridiana;Avenida M 33;BrasilAPI;65;2025;4129.31
354390;2025;8;1;56384183000140.0;3525120719087;1;13504130;354390;19650403;3;0;0;0;0;0;0;0;0;0;0;4;407020241;407020241;642.2;161.69;0.0;0.0;0.0;0.0;0.0;0.0;0.0;0.0;0.0;803.89;0.0;151.39;20250812;20250815;C189;0;27;0;3999;1;0;0;354390;4;60;3;0;10;;1;0;;0;0;0;;0;0;1;0;0;0;0;0;0;1;8291227888;;2082888;;;0;0;2;6;;0;3;0;259;HM35439001N202508.DTS;;;0.0;0.0;0.0;0.0;0.0;0;;;;;;;;;;0;0;0;0;0;0;0;0;0;0.0;Câncer Colorretal;13504130;-22.41139;-47.56139;Vila Operária;Avenida 38;BrasilAPI;60;2025;803.89
354390;2025;8;1;56384183000140.0;3525120716140;1;13506090;354390;19480402;3;0;0;0;2;75;0;0;0;0;0;1;415020050;415020050;9375.99;1945.4;0.0;0.0;0.0;0.0;0.0;0.0;0.0;0.0;0.0;11321.39;1200.0;2132.08;20250723;20250725;C180;0;27;0;3999;1;0;0;354390;4;77;2;0;10;;1;0;;0;0;0;;0;0;1;0;0;0;0;0;0;1;8291227888;;2082888;;;0;0;3;6;;0;1;0;155;HM35439001N202508.DTS;;;0.0;0.0;0.0;0.0;0.0;0;C187;D391;C188;;;;;;;1;1;1;0;0;0;0;0;0;0.0;Câncer Colorretal;13506090;-22.41139;-47.56139;Conjunto Habitacional Arco-Íris (Cecap);Avenida 76 AC;BrasilAPI;77;2025;11321.39
354390;2025;8;3;56384183000140.0;3525120720210;1;13505009;354390;19600321;3;0;0;0;0;0;0;0;0;0;11;11;304100021;304100021;390.3;65.14;0.0;0.0;0.0;0.0;0.0;0.0;0.0;0.0;0.0;455.44;0.0;85.77;20250808;20250819;C188;0;12;0;3999;1;0;0;354390;4;65;11;0;10;;2;0;;0;0;0;;0;0;1;0;0;0;0;0;0;1;8291227888;;2082888;;;0;0;2;6;;0;3;0;709;HM35439001N202508.DTS;;;0.0;0.0;0.0;0.0;0.0;0;I10;Z720;;;;;;;;1;1;0;0;0;0;0;0;0;0.0;Câncer Colorretal;13505009;-22.41139;-47.56139;Jardim Floridiana;Avenida M 33;BrasilAPI;65;2025;455.44
354390;2025;8;3;56384183000140.0;3525120717350;1;13500153;354390;19771215;3;0;0;0;0;0;0;0;0;0;0;1;304100021;304100021;414.96;65.14;0.0;0.0;0.0;0.0;0.0;0.0;0.0;0.0;0.0;480.1;0.0;90.41;20250807;20250808;C189;0;12;0;3999;1;0;0;354390;4;47;1;0;10;;2;0;;0;0;0;;0;0;1;0;0;0;0;0;7;1;8291227888;;2082888;;;0;0;2;6;;0;1;0;623;HM35439001N202508.DTS;;;0.0;0.0;0.0;0.0;0.0;0;K566;;;;;;;;;1;0;0;0;0;0;0;0;0;0.0;Câncer Colorretal;13500153;-22.41139;-47.56139;Centro;Rua 2;BrasilAPI;47;2025;480.1
354390;2025;7;1;56384183000140.0;3525120706206;1;13505260;354390;19550102;3;0;0;0;0;0;0;0;0;0;0;10;415020050;415020050;7232.77;1360.18;0.0;0.0;0.0;0.0;0.0;0.0;0.0;0.0;0.0;8592.95;0.0;1585.41;20250618;20250628;C187;0;12;0;3999;1;0;0;354390;4;70;10;0;10;;2;0;;0;0;0;;0;0;1;0;0;0;0;0;0;0;0;;2082888;;;0;0;3;6;;0;1;0;33;HM35439001N202507.DTS;;;0.0;0.0;0.0;0.0;0.0;0;;;;;;;;;;0;0;0;0;0;0;0;0;0;0.0;Câncer Colorretal;13505260;-22.41139;-47.56139;Jardim Independência;Rua M 11;BrasilAPI;70;2025;8592.95
354390;2025;7;1;56384183000140.0;3525120708164;1;13503420;354390;19590322;3;0;0;0;0;0;0;0;0;0;0;1;406020078;406020078;351.84;109.2;0.0;0.0;0.0;0.0;0.0;0.0;0.0;0.0;0.0;461.04;0.0;85.06;20250701;20250701;C180;0;12;0;3999;1;0;0;354390;4;66;0;0;10;;1;0;;0;0;0;;0;0;1;0;0;0;0;0;0;0;0;;2082888;;;0;0;3;6;;0;2;0;59;HM35439001N202507.DTS;;;0.0;0.0;0.0;0.0;0.0;0;;;;;;;;;;0;0;0;0;0;0;0;0;0;0.0;Câncer Colorretal;13503420;-22.41139;-47.56139;Consolação;Avenida 17 - de 1488/1489 ao fim;BrasilAPI;66;2025;461.04
354390;2025;7;1;56384183000140.0;3525120711520;1;13504016;354390;19580326;3;0;0;0;0;0;0;0;0;0;3;3;407020101;407020101;1126.14;189.32;0.0;0.0;0.0;0.0;0.0;0.0;0.0;0.0;0.0;1315.46;0.0;242.7;20250712;20250715;C20;0;12;0;3999;1;0;0;354390;4;67;3;0;10;;2;0;;0;0;0;;0;0;1;0;0;0;0;0;0;0;0;;2082888;;;0;0;2;6;;0;1;0;184;HM35439001N202507.DTS;;;0.0;0.0;0.0;0.0;0.0;0;;;;;;;;;;0;0;0;0;0;0;0;0;0;0.0;Câncer Colorretal;13504016;-22.41139;-47.56139;Jardim Primavera;Rua 2 A;BrasilAPI;67;2025;1315.46
354390;2025;7;3;56384183000140.0;3525120715810;1;13502210;354390;19470817;3;0;0;0;0;0;0;0;0;0;8;8;304100013;304100013;1342.16;65.2;0.0;0.0;0.0;0.0;0.0;0.0;0.0;0.0;0.0;1407.36;0.0;259.66;20250705;20250712;C189;0;27;0;3999;1;0;0;354390;4;77;7;0;10;;2;0;;0;0;0;;0;0;1;0;0;0;0;0;0;1;8291227888;;2082888;;;0;0;2;6;;0;1;0;675;HM35439001N202507.DTS;;;0.0;0.0;0.0;0.0;0.0;0;;;;;;;;;;0;0;0;0;0;0;0;0;0;0.0;Câncer Colorretal;13502210;-22.41139;-47.56139;Jardim Residencial das Palmeiras;Avenida 3 JP;BrasilAPI;77;2025;1407.36
354390;2025;7;3;56384183000140.0;3525120715820;1;13502210;354390;19470817;3;0;0;0;0;0;0;0;0;0;15;15;304100021;304100021;535.63;92.23;0.0;0.0;0.0;0.0;0.0;0.0;0.0;0.0;0.0;627.86;0.0;115.84;20250712;20250726;C189;0;41;0;3999;1;0;0;354390;4;77;14;1;10;;2;0;;0;0;0;;0;0;1;0;0;0;0;0;0;1;8291227888;;2082888;;;0;0;2;6;;0;1;0;676;HM35439001N202507.DTS;;;0.0;0.0;0.0;0.0;0.0;0;;;;;;;;;;0;0;0;0;0;0;0;0;0;0.0;Câncer Colorretal;13502210;-22.41139;-47.56139;Jardim Residencial das Palmeiras;Avenida 3 JP;BrasilAPI;77;2025;627.86
354390;2025;5;1;56384183000140.0;3525116114388;1;13506748;354390;19600708;3;0;0;0;0;0;0;0;0;0;0;10;416050026;416050026;3007.66;655.47;0.0;0.0;0.0;0.0;0.0;0.0;0.0;0.0;0.0;3663.13;0.0;672.13;20250426;20250506;C182;0;12;0;3999;1;0;0;354390;4;64;10;0;10;;2;0;;0;0;0;;0;0;1;0;0;0;0;0;0;0;0;;2082888;;;0;0;3;6;;0;1;0;45;HM35439001N202505.DTS;;;0.0;0.0;0.0;0.0;0.0;0;W999;;;;;;;;;1;0;0;0;0;0;0;0;0;0.0;Câncer Colorretal;13506748;-22.41139;-47.56139;Vila Bela Vista;Rua 13 B;BrasilAPI;64;2025;3663.13
354390;2025;5;1;56384183000140.0;3525116121846;1;13505491;354390;20080808;3;0;0;0;0;0;0;0;0;0;0;2;407020039;407020039;299.04;161.03;0.0;0.0;0.0;0.0;0.0;0.0;0.0;0.0;0.0;460.07;0.0;84.41;20250529;20250531;C181;0;12;0;3999;1;0;0;354390;4;16;2;0;10;;2;0;;0;0;0;;0;0;1;0;0;0;0;0;0;0;0;;2082888;;;0;0;2;6;;0;1;0;240;HM35439001N202505.DTS;;;0.0;0.0;0.0;0.0;0.0;0;;;;;;;;;;0;0;0;0;0;0;0;0;0;0.0;Câncer Colorretal;13505491;-22.41139;-47.56139;Jardim Residencial São José;Avenida M 45;BrasilAPI;16;2025;460.07
354390;2025;10;3;56384183000140.0;3525133563798;1;13506090;354390;19480402;3;0;0;0;0;0;0;0;0;0;0;6;304100021;304100021;588.9;65.14;0.0;0.0;0.0;0.0;0.0;0.0;0.0;0.0;0.0;654.04;0.0;122.7;20251013;20251019;C189;0;12;0;3999;1;0;0;354390;4;77;6;0;10;;1;0;;0;0;0;;0;0;1;0;0;0;0;0;14;1;8291227888;;2082888;;;0;0;2;6;;0;1;0;632;HM35439001N202510.DTS;;;0.0;0.0;0.0;0.0;0.0;0;V877;I694;K566;;;;;;;1;1;1;0;0;0;0;0;0;0.0;Câncer Colorretal;13506090;-22.41139;-47.56139;Conjunto Habitacional Arco-Íris (Cecap);Avenida 76 AC;BrasilAPI;77;2025;654.04
354390;2025;10;1;56384183000140.0;3525128499244;1;13503751;354390;19751001;3;0;0;0;0;0;0;0;0;0;0;4;415020050;415020050;10566.58;2431.59;0.0;0.0;0.0;0.0;0.0;0.0;0.0;0.0;0.0;12998.17;0.0;2438.68;20250929;20251003;C19;0;12;0;3999;1;0;0;354390;4;49;4;0;10;;2;0;;0;0;0;;0;0;1;0;0;0;0;0;0;0;0;;2082888;;;0;0;3;6;;0;1;0;79;HM35439001N202510.DTS;;;0.0;0.0;0.0;0.0;0.0;0;C187;C786;C56;;;;;;;1;1;1;0;0;0;0;0;0;0.0;Câncer Colorretal;13503751;-22.41139;-47.56139;Jardim Rio Claro;Rua 21;BrasilAPI;49;2025;12998.17
354390;2025;10;1;56384183000140.0;3525133567065;1;13506121;354390;19611128;3;0;0;0;0;0;0;0;0;0;1;1;407020225;407020225;286.69;97.44;0.0;0.0;0.0;0.0;0.0;0.0;0.0;0.0;0.0;384.13;0.0;72.06;20251028;20251029;C20;0;12;0;3999;1;0;0;354390;4;63;1;0;10;;1;0;;0;0;0;;0;0;1;0;0;0;0;0;0;0;0;;2082888;;;0;0;2;6;;0;1;0;311;HM35439001N202510.DTS;;;0.0;0.0;0.0;0.0;0.0;0;C020;;;;;;;;;1;0;0;0;0;0;0;0;0;0.0;Câncer Colorretal;13506121;-22.41139;-47.56139;Jardim Parque Residencial;Avenida 84 A;BrasilAPI;63;2025;384.13
354390;2025;10;1;56384183000140.0;3525133565602;1;13506193;354390;19571016;3;0;0;0;0;0;0;0;0;0;0;8;415020050;415020050;6927.93;1375.17;0.0;0.0;0.0;0.0;0.0;0.0;0.0;0.0;0.0;8303.1;0.0;1557.8;20250825;20250901;C189;0;27;0;3999;1;0;0;354390;4;67;7;0;10;;2;0;;0;0;0;;0;0;1;0;0;0;0;0;0;1;8291227888;;2082888;;;0;0;3;6;;0;3;0;261;HM35439001N202510.DTS;;;0.0;0.0;0.0;0.0;0.0;0;;;;;;;;;;0;0;0;0;0;0;0;0;0;0.0;Câncer Colorretal;13506193;-22.41139;-47.56139;Parque Mãe Preta;Rua 23 MP;BrasilAPI;67;2025;8303.1
354390;2025;10;1;56384183000140.0;3525133559662;1;13504825;354390;19790223;3;0;0;0;0;0;0;0;0;0;0;1;415020050;415020050;8523.53;1759.28;0.0;0.0;0.0;0.0;0.0;0.0;0.0;0.0;0.0;10282.81;0.0;1929.23;20250906;20250906;C187;0;27;0;3999;1;0;0;354390;4;46;0;0;10;;2;0;;0;0;0;;0;0;1;0;0;0;0;0;0;1;8291227888;;2082888;;;0;0;3;6;;0;1;0;85;HM35439001N202510.DTS;;;0.0;0.0;0.0;0.0;0.0;0;C798;;;;;;;;;1;0;0;0;0;0;0;0;0;0.0;Câncer Colorretal;13504825;-22.3941609;-47.5689227;Jardim Araucária;Rua 6;BrasilAPI;46;2025;10282.81
354390;2025;10;3;56384183000140.0;3525133564612;1;13500143;354390;19470723;3;0;0;0;0;0;0;0;0;0;0;1;304100021;304100021;414.96;65.14;0.0;0.0;0.0;0.0;0.0;0.0;0.0;0.0;0.0;480.1;0.0;90.07;20251019;20251020;C188;0;12;0;3999;1;0;0;354390;4;78;1;0;10;;2;0;;0;0;0;;0;0;1;0;0;0;0;0;7;1;8291227888;;2082888;;;0;0;2;6;;0;1;0;657;HM35439001N202510.DTS;;;0.0;0.0;0.0;0.0;0.0;0;I10;E148;;;;;;;;1;1;0;0;0;0;0;0;0;0.0;Câncer Colorretal;13500143;-22.41139;-47.56139;Zona Central;Rua 7;BrasilAPI;78;2025;480.1
354390;2025;10;1;56384183000140.0;3525133560730;1;13502295;354390;19651205;3;0;0;0;0;0;0;0;0;0;0;1;406020078;406020078;319.44;109.2;0.0;0.0;0.0;0.0;0.0;0.0;0.0;0.0;0.0;428.64;0.0;80.42;20251006;20251007;C188;0;12;0;3999;1;0;0;354390;4;59;1;0;10;;1;0;;0;0;0;;0;0;1;0;0;0;0;0;0;0;0;;2082888;;;0;0;3;6;;0;1;0;98;HM35439001N202510.DTS;;;0.0;0.0;0.0;0.0;0.0;0;I10;E148;;;;;;;;1;1;0;0;0;0;0;0;0;0.0;Câncer Colorretal;13502295;-22.41139;-47.56139;Parque Residencial Brasília;Avenida 28 BR;BrasilAPI;59;2025;428.64
354390;2025;10;1;56384183000140.0;3525133568440;1;13502430;354390;19680515;3;0;0;0;0;0;0;0;0;0;0;8;415020050;415020050;6108.05;1360.17;0.0;0.0;0.0;0.0;0.0;0.0;0.0;0.0;0.0;7468.22;0.0;1401.16;20250903;20250911;C20;0;12;0;3999;1;0;0;354390;4;57;8;0;10;;2;0;;0;0;0;;0;0;1;0;0;0;0;0;0;0;0;;2082888;;;0;0;3;6;;0;1;0;340;HM35439001N202510.DTS;;;0.0;0.0;0.0;0.0;0.0;0;V877;;;;;;;;;1;0;0;0;0;0;0;0;0;0.0;Câncer Colorretal;13502430;-22.41139;-47.56139;Jardim Guanabara;Avenida 1 JG;BrasilAPI;57;2025;7468.22
354390;2025;10;3;56384183000140.0;3525133565701;1;13502430;354390;19680515;3;0;0;0;0;0;0;0;0;0;0;1;304100021;304100021;579.56;65.14;0.0;0.0;0.0;0.0;0.0;0.0;0.0;0.0;0.0;644.7;0.0;120.95;20251016;20251017;C188;0;12;0;3999;1;0;0;354390;4;57;1;0;10;;2;0;;0;0;0;;0;0;1;0;0;0;0;0;7;1;8291227888;;2082888;;;0;0;2;6;;0;1;0;697;HM35439001N202510.DTS;;;0.0;0.0;0.0;0.0;0.0;0;K564;I10;T784;;;;;;;1;1;1;0;0;0;0;0;0;0.0;Câncer Colorretal;13502430;-22.41139;-47.56139;Jardim Guanabara;Avenida 1 JG;BrasilAPI;57;2025;644.7
354390;2021;4;1;56384183000140.0;3521111863050;1;13503300;354390;19561202;3;0;0;0;0;0;0;0;0;0;0;3;415020050;415020050;5341.22;1593.4;0.0;0.0;0.0;0.0;0.0;0.0;0.0;0.0;0.0;6934.62;0.0;1325.93;20210419;20210422;C56;0;12;0;3999;1;0;0;354390;4;64;3;0;10;;2;0;;0;0;0;;0;0;1;0;0;0;0;0;0;0;0;;2082888;;;0;0;3;6;;0;1;0;319;HM35439001N202104.DTS;;;0.0;0.0;0.0;0.0;0.0;0;;;;;;;;;;0;0;0;0;0;0;0;0;0;;Câncer de Ovário;13503300;-22.41139;-47.56139;Consolação;Rua 19;BrasilAPI;64;2021;6934.62
354390;2021;2;1;56384183000140.0;3521109147721;1;13500181;354390;19840308;3;0;0;0;0;0;0;0;0;0;0;2;409060216;409060216;398.78;151.86;0.0;0.0;0.0;0.0;0.0;0.0;0.0;0.0;0.0;550.64;0.0;96.77;20210206;20210208;C56;0;12;0;3999;1;0;0;354390;4;36;2;0;10;;2;0;;0;0;0;;0;0;1;0;0;0;0;0;0;1;8291227888;;2082888;;;0;0;2;6;;0;1;0;72;HM35439001N202102.DTS;;;0.0;0.0;0.0;0.0;0.0;0;;;;;;;;;;0;0;0;0;0;0;0;0;0;;Câncer de Ovário;13500181;-22.41139;-47.56139;Centro;Rua 5;BrasilAPI;36;2021;550.64
354390;2021;2;1;56384183000140.0;3521109144993;1;13506513;354390;19460710;3;0;0;0;0;0;0;0;0;0;3;3;415020050;415020050;3252.77;1022.84;0.0;0.0;0.0;0.0;0.0;0.0;0.0;0.0;0.0;4275.61;0.0;751.42;20210126;20210129;C56;0;12;0;3999;1;0;0;354390;4;74;3;0;10;;1;0;;0;0;0;;0;0;1;0;0;0;0;0;0;0;0;;2082888;;;0;0;3;6;;0;1;0;10;HM35439001N202102.DTS;;;0.0;0.0;0.0;0.0;0.0;0;;;;;;;;;;0;0;0;0;0;0;0;0;0;;Câncer de Ovário;13506513;-22.41139;-47.56139;Jardim Bandeirante (COHAB);Rua 14 JB;BrasilAPI;74;2021;4275.61
354390;2021;3;3;56384183000140.0;3521109542225;1;13500181;354390;19650330;3;0;0;0;0;0;0;0;0;0;0;3;304100021;304100021;302.3;65.14;0.0;0.0;0.0;0.0;0.0;0.0;0.0;0.0;0.0;367.44;0.0;68.04;20210310;20210312;C56;0;41;0;3999;1;0;0;354390;4;55;2;1;10;;2;0;;0;0;0;;0;0;1;0;0;0;0;0;0;0;0;;2082888;;;0;0;2;6;;0;1;0;349;HM35439001N202103.DTS;;;0.0;0.0;0.0;0.0;0.0;0;N179;;;;;;;;;1;0;0;0;0;0;0;0;0;;Câncer de Ovário;13500181;-22.41139;-47.56139;Centro;Rua 5;BrasilAPI;55;2021;367.44
354390;2021;3;1;56384183000140.0;3521109537242;1;13500970;354390;19610109;3;0;0;0;1;75;0;0;0;0;8;8;416060021;416060021;1847.02;473.03;0.0;0.0;0.0;0.0;0.0;0.0;0.0;0.0;0.0;2320.05;478.72;429.63;20210223;20210304;C56;0;12;0;3999;1;0;0;354390;4;60;9;0;10;;2;0;;0;0;0;;0;0;1;0;0;0;0;0;0;0;0;;2082888;;;0;0;3;6;;0;1;0;20;HM35439001N202103.DTS;;;0.0;0.0;0.0;0.0;0.0;0;;;;;;;;;;0;0;0;0;0;0;0;0;0;;Câncer de Ovário;13500970;-22.41139;-47.56139;Centro;Rua 1 1171;BrasilAPI;60;2021;2320.05
354390;2021;7;1;56384183000140.0;3521115646642;1;13502870;354390;19700503;3;0;0;0;0;0;0;0;0;0;0;2;415020050;415020050;4982.13;1593.4;0.0;0.0;0.0;0.0;0.0;0.0;0.0;0.0;0.0;6575.53;0.0;1279.28;20210621;20210623;C56;0;12;0;3999;1;0;0;354390;4;51;2;0;10;;2;0;;0;0;0;;0;0;1;0;0;0;0;0;0;0;0;;2082888;;;0;0;3;6;;0;3;0;26;HM35439001N202107.DTS;;;0.0;0.0;0.0;0.0;0.0;0;;;;;;;;;;0;0;0;0;0;0;0;0;0;;Câncer de Ovário;13502870;-22.41139;-47.56139;Benjamim de Castro;Rua 5 VLA;BrasilAPI;51;2021;6575.53
354390;2021;12;1;56384183000140.0;3521127389813;1;13504475;354390;19801117;3;0;0;0;0;0;0;0;0;0;0;1;415010012;415010012;673.82;239.86;0.0;0.0;0.0;0.0;0.0;0.0;0.0;0.0;0.0;913.68;0.0;170.78;20211125;20211126;C56;0;12;0;3999;1;0;0;354390;4;41;1;0;10;;2;0;;0;0;0;;0;0;1;0;0;0;0;0;0;0;0;;2082888;;;0;0;2;6;;0;1;0;662;HM35439001N202112.DTS;;;0.0;0.0;0.0;0.0;0.0;0;T191;W999;N201;Z988;Z433;;;;;1;1;1;1;1;0;0;0;0;;Câncer de Ovário;13504475;-22.41139;-47.56139;Recanto Paraíso;Avenida 68;BrasilAPI;41;2021;913.68
354390;2022;1;1;56384183000140.0;3521127393124;1;13502100;354390;19920517;3;0;0;0;0;0;0;0;0;0;0;2;416060021;416060021;2010.55;405.23;0.0;0.0;0.0;0.0;0.0;0.0;0.0;0.0;0.0;2415.78;0.0;470.91;20211217;20211219;C56;0;12;0;3999;1;0;0;354390;4;29;2;0;10;;2;0;;0;0;0;;0;0;1;0;0;0;0;0;0;0;0;;2082888;;;0;0;3;6;;0;1;0;505;HM35439001N202201.DTS;;;0.0;0.0;0.0;0.0;0.0;0;N701;;;;;;;;;1;0;0;0;0;0;0;0;0;;Câncer de Ovário;13502100;-22.41139;-47.56139;Jardim Residencial das Palmeiras;Avenida dos Costas;BrasilAPI;29;2021;2415.78
350000;2022;4;3;;3522102793715;1;13502013;354390;19601009;3;0;0;0;0;0;0;0;0;0;0;2;304100013;304100013;37.78;8.15;0.0;0.0;0.0;0.0;0.0;0.0;0.0;0.0;0.0;45.93;0.0;9.73;20220404;20220406;C56;0;15;0;1112;2;0;0;350950;4;61;2;0;10;;1;0;;0;0;0;;0;0;1;0;0;0;0;0;0;0;0;;2079798;46068425000133.0;;0;0;2;6;;7102;1;0;9192;HE35000001N202204.DTS;;;0.0;0.0;0.0;0.0;0.0;0;;;;;;;;;;0;0;0;0;0;0;0;0;0;;Câncer de Ovário;13502013;-22.41139;-47.56139;Jardim INOCOOP;Rua 4 JI;BrasilAPI;61;2022;45.93
354390;2022;6;1;56384183000140.0;3522111536702;1;13506109;354390;19660709;3;0;0;0;0;0;0;0;0;0;0;1;416060129;416060129;4560.2;1025.4;0.0;0.0;0.0;0.0;0.0;0.0;0.0;0.0;0.0;5585.6;0.0;1078.3;20220503;20220504;C56;0;12;0;3999;1;0;0;354390;4;55;1;0;10;;1;0;;0;0;0;;0;0;1;0;0;0;0;0;7;1;8291227888;;2082888;;;0;0;3;6;;0;1;0;65;HM35439001N202206.DTS;;;0.0;0.0;0.0;0.0;0.0;0;E038;;;;;;;;;1;0;0;0;0;0;0;0;0;;Câncer de Ovário;13506109;-22.41139;-47.56139;Jardim Vilage;Rua 7 JV;BrasilAPI;55;2022;5585.6
354390;2022;6;1;56384183000140.0;3522117373962;1;13500411;354390;19621020;3;0;0;0;0;0;0;0;0;0;0;2;416060110;416060110;1955.92;568.0;0.0;0.0;0.0;0.0;0.0;0.0;0.0;0.0;0.0;2523.92;0.0;487.24;20220606;20220608;C56;0;12;0;3999;1;0;0;354390;4;59;2;0;10;;2;0;;0;0;0;;0;0;1;0;0;0;0;0;0;0;0;;2082888;;;0;0;3;6;;0;1;0;112;HM35439001N202206.DTS;;;0.0;0.0;0.0;0.0;0.0;0;;;;;;;;;;0;0;0;0;0;0;0;0;0;;Câncer de Ovário;13500411;-22.41139;-47.56139;Zona Central;Avenida 2;BrasilAPI;59;2022;2523.92
354390;2022;11;3;56384183000140.0;3522127753210;1;13500411;354390;19410215;3;0;0;0;0;0;0;0;0;0;0;1;304100021;304100021;302.3;65.14;0.0;0.0;0.0;0.0;0.0;0.0;0.0;0.0;0.0;367.44;0.0;70.52;20221118;20221118;C56;0;12;0;3999;1;0;0;354390;4;81;0;0;10;;2;0;;0;0;0;;0;0;1;0;0;0;0;0;7;1;8291227888;;2082888;;;0;0;2;6;;0;1;0;470;HM35439001N202211.DTS;;;0.0;0.0;0.0;0.0;0.0;0;I10;;;;;;;;;1;0;0;0;0;0;0;0;0;;Câncer de Ovário;13500411;-22.41139;-47.56139;Zona Central;Avenida 2;BrasilAPI;81;2022;367.44
354390;2022;12;1;56384183000140.0;3522131795457;1;13500411;354390;19410215;3;0;0;0;0;0;0;0;0;0;1;1;416060129;416060129;4486.64;1025.4;0.0;0.0;0.0;0.0;0.0;0.0;0.0;0.0;0.0;5512.04;0.0;1082.91;20221214;20221215;C56;0;12;0;3999;1;0;0;354390;4;81;1;0;10;;2;0;;0;0;0;;0;0;1;0;0;0;0;0;7;1;8291227888;;2082888;;;0;0;3;6;;0;1;0;209;HM35439001N202212.DTS;;;0.0;0.0;0.0;0.0;0.0;0;I10;R18;;;;;;;;1;1;0;0;0;0;0;0;0;;Câncer de Ovário;13500411;-22.41139;-47.56139;Zona Central;Avenida 2;BrasilAPI;81;2022;5512.04
354390;2022;12;3;56384183000140.0;3522130720890;1;13500411;354390;19410215;3;0;0;0;0;0;0;0;0;0;9;9;304100021;304100021;402.76;69.01;0.0;0.0;0.0;0.0;0.0;0.0;0.0;0.0;0.0;471.77;0.0;92.68;20221206;20221214;C56;0;27;0;3999;1;0;0;354390;4;81;8;0;10;;2;0;;0;0;0;;0;0;1;0;0;0;0;0;0;1;8291227888;;2082888;;;0;0;2;6;;0;1;0;482;HM35439001N202212.DTS;;;0.0;0.0;0.0;0.0;0.0;0;R54;I10;;;;;;;;1;1;0;0;0;0;0;0;0;;Câncer de Ovário;13500411;-22.41139;-47.56139;Zona Central;Avenida 2;BrasilAPI;81;2022;471.77
354390;2022;3;3;56384183000140.0;3522106339488;1;13504380;354390;19731009;3;0;0;0;0;0;0;0;0;0;0;7;304100021;304100021;302.3;65.14;0.0;0.0;0.0;0.0;0.0;0.0;0.0;0.0;0.0;367.44;0.0;74.83;20220212;20220218;C56;0;27;0;3999;1;0;0;354390;4;48;6;0;10;;2;0;;0;0;0;;0;0;1;0;0;0;0;0;0;1;8291227888;;2082888;;;0;0;2;6;;0;1;0;1062;HM35439001N202203.DTS;;;0.0;0.0;0.0;0.0;0.0;0;;;;;;;;;;0;0;0;0;0;0;0;0;0;;Câncer de Ovário;13504380;-22.41139;-47.56139;Parque Universitário;Avenida 48;BrasilAPI;48;2022;367.44
354390;2022;3;1;56384183000140.0;3522106342414;1;13504380;354390;19731009;3;0;0;0;0;0;0;0;0;0;0;1;416060129;416060129;4224.78;1025.4;0.0;0.0;0.0;0.0;0.0;0.0;0.0;0.0;0.0;5250.18;0.0;1069.28;20220218;20220219;C56;0;12;0;3999;1;0;0;354390;4;48;1;0;10;;2;0;;0;0;0;;0;0;1;0;0;0;0;0;7;1;8291227888;;2082888;;;0;0;3;6;;0;1;0;711;HM35439001N202203.DTS;;;0.0;0.0;0.0;0.0;0.0;0;;;;;;;;;;0;0;0;0;0;0;0;0;0;;Câncer de Ovário;13504380;-22.41139;-47.56139;Parque Universitário;Avenida 48;BrasilAPI;48;2022;5250.18
354390;2022;3;1;56384183000140.0;3522106330050;1;13500210;354390;19460430;3;0;0;0;0;0;0;0;0;0;2;2;416060129;416060129;3837.04;1025.4;0.0;0.0;0.0;0.0;0.0;0.0;0.0;0.0;0.0;4862.44;0.0;990.31;20220110;20220112;C56;0;12;0;3999;1;0;0;354390;4;75;2;0;10;;1;0;;0;0;0;;0;0;1;0;0;0;0;0;0;0;0;;2082888;;;0;0;3;6;;0;1;0;645;HM35439001N202203.DTS;;;0.0;0.0;0.0;0.0;0.0;0;D067;I10;;;;;;;;1;1;0;0;0;0;0;0;0;;Câncer de Ovário;13500210;-22.41139;-47.56139;Zona Central;Rua 8;BrasilAPI;75;2022;4862.44
350000;2022;9;3;;3522103135090;1;13502013;354390;19601009;3;0;0;0;0;0;0;0;0;0;0;5;304100013;304100013;188.9;40.75;0.0;0.0;0.0;0.0;0.0;0.0;0.0;0.0;0.0;229.65;0.0;43.74;20220826;20220831;C56;0;15;0;1112;2;0;0;350950;4;61;5;0;10;;1;0;;0;0;0;;0;0;1;0;0;0;0;0;0;0;0;;2079798;46068425000133.0;;0;0;2;6;;7102;1;0;11573;HE35000001N202209.DTS;;;0.0;0.0;0.0;0.0;0.0;0;;;;;;;;;;0;0;0;0;0;0;0;0;0;;Câncer de Ovário;13502013;-22.41139;-47.56139;Jardim INOCOOP;Rua 4 JI;BrasilAPI;61;2022;229.65
354390;2022;9;3;56384183000140.0;3522122289532;1;13500310;354390;19660523;3;0;0;0;0;0;0;0;0;0;0;11;304100021;304100021;537.5;76.75;0.0;0.0;0.0;0.0;0.0;0.0;0.0;0.0;0.0;614.25;0.0;117.0;20220830;20220909;C56;0;41;0;3999;1;0;0;354390;4;56;10;1;10;;2;0;;0;0;0;;0;0;1;0;0;0;0;0;0;0;0;;2082888;;;0;0;2;6;;0;1;0;1065;HM35439001N202209.DTS;;;0.0;0.0;0.0;0.0;0.0;0;I10;Z722;Z721;;;;;;;1;1;1;0;0;0;0;0;0;;Câncer de Ovário;13500310;-22.41139;-47.56139;Saúde;Avenida 19;BrasilAPI;56;2022;614.25
354390;2022;10;1;56384183000140.0;3522127750240;1;13504715;354390;19490619;3;0;0;0;0;0;0;0;0;0;2;2;415010012;415010012;1100.68;464.18;0.0;0.0;0.0;0.0;0.0;0.0;0.0;0.0;0.0;1564.86;0.0;295.81;20221003;20221005;C56;0;12;0;3999;1;0;0;354390;4;73;2;0;10;;1;0;;0;0;0;;0;0;1;0;0;0;0;0;0;0;0;;2082888;;;0;0;2;6;;0;1;0;210;HM35439001N202210.DTS;;;0.0;0.0;0.0;0.0;0.0;0;R190;;;;;;;;;1;0;0;0;0;0;0;0;0;;Câncer de Ovário;13504715;-22.41139;-47.56139;Jardim Boa Vista;Rua 18 BV;BrasilAPI;73;2022;1564.86
354390;2023;2;1;56384183000140.0;3523106182156;1;13506040;354390;19741107;3;0;0;0;0;0;0;0;0;0;0;2;415020050;415020050;5481.71;1430.63;0.0;0.0;0.0;0.0;0.0;0.0;0.0;0.0;0.0;6912.34;0.0;1363.38;20230123;20230125;C56;0;12;0;3999;1;0;0;354390;4;48;2;0;10;;1;0;;0;0;0;;0;0;1;0;0;0;0;0;0;0;0;;2082888;;;0;0;3;6;;0;1;0;19;HM35439001N202302.DTS;;;0.0;0.0;0.0;0.0;0.0;0;;;;;;;;;;0;0;0;0;0;0;0;0;0;;Câncer de Ovário;13506040;-22.41139;-47.56139;Jardim América;Rua José Felício Castellano;BrasilAPI;48;2023;6912.34
354390;2023;12;1;56384183000140.0;3523130834620;1;13503420;354390;19620421;3;0;0;0;0;0;0;0;0;0;1;1;416060129;416060129;3575.18;1025.4;0.0;0.0;0.0;0.0;0.0;0.0;0.0;0.0;0.0;4600.58;0.0;929.41;20231219;20231220;C56;0;12;0;3999;1;0;0;354390;4;61;1;0;10;;1;0;;0;0;0;;0;0;1;0;0;0;0;0;7;1;8291227888;;2082888;;;0;0;3;6;;0;1;0;125;HM35439001N202312.DTS;;;0.0;0.0;0.0;0.0;0.0;0;;;;;;;;;;0;0;0;0;0;0;0;0;0;;Câncer de Ovário;13503420;-22.41139;-47.56139;Consolação;Avenida 17 - de 1488/1489 ao fim;BrasilAPI;61;2023;4600.58
354390;2023;12;1;56384183000140.0;3523127844401;1;13506120;354390;19690622;3;0;0;0;0;0;0;0;0;0;0;3;415020050;415020050;6534.47;2048.24;0.0;0.0;0.0;0.0;0.0;0.0;0.0;0.0;0.0;8582.71;0.0;1733.88;20231107;20231110;C56;0;12;0;3999;1;0;0;354390;4;54;3;0;10;;1;0;;0;0;0;;0;0;1;0;0;0;0;0;0;0;0;;2082888;;;0;0;3;6;;0;1;0;6;HM35439001N202312.DTS;;;0.0;0.0;0.0;0.0;0.0;0;C55;C775;;;;;;;;1;1;0;0;0;0;0;0;0;;Câncer de Ovário;13506120;-22.41139;-47.56139;Jardim Parque Residencial;Avenida 82 A;BrasilAPI;54;2023;8582.71
354390;2023;11;1;56384183000140.0;3523127844357;1;13506843;354390;19540818;3;0;0;0;0;0;0;0;0;0;2;2;416060129;416060129;3868.64;1025.4;0.0;0.0;0.0;0.0;0.0;0.0;0.0;0.0;0.0;4894.04;0.0;1011.16;20231114;20231116;C56;0;12;0;3999;1;0;0;354390;4;69;2;0;10;;1;0;;0;0;0;;0;0;1;0;0;0;0;0;0;0;0;;2082888;;;0;0;3;6;;0;1;0;784;HM35439001N202311.DTS;;;0.0;0.0;0.0;0.0;0.0;0;I10;E149;;;;;;;;1;1;0;0;0;0;0;0;0;;Câncer de Ovário;13506843;-22.41139;-47.56139;Vila Paulista;Rua P 2;BrasilAPI;69;2023;4894.04
354390;2023;11;1;56384183000140.0;3523127841057;1;13500330;354390;19521201;3;0;0;0;0;0;0;0;0;0;2;2;416060129;416060129;3705.52;1025.4;0.0;0.0;0.0;0.0;0.0;0.0;0.0;0.0;0.0;4730.92;0.0;977.46;20231031;20231102;C56;0;12;0;3999;1;0;0;354390;4;70;2;0;10;;1;0;;0;0;0;;0;0;1;0;0;0;0;0;0;0;0;;2082888;;;0;0;3;6;;0;1;0;669;HM35439001N202311.DTS;;;0.0;0.0;0.0;0.0;0.0;0;;;;;;;;;;0;0;0;0;0;0;0;0;0;;Câncer de Ovário;13500330;-22.41139;-47.56139;Saúde;Avenida 15;BrasilAPI;70;2023;4730.92
354390;2023;9;1;56384183000140.0;3523123138777;1;13502744;354390;19580716;3;0;0;0;0;0;0;0;0;0;1;1;415020050;415020050;5382.32;1430.63;0.0;0.0;0.0;0.0;0.0;0.0;0.0;0.0;0.0;6812.95;0.0;1349.09;20230821;20230822;C56;0;12;0;3999;1;0;0;354390;4;65;1;0;10;;1;0;;0;0;0;;0;0;1;0;0;0;0;0;7;1;8291227888;;2082888;;;0;0;3;6;;0;1;0;740;HM35439001N202309.DTS;;;0.0;0.0;0.0;0.0;0.0;0;;;;;;;;;;0;0;0;0;0;0;0;0;0;;Câncer de Ovário;13502744;-22.41139;-47.56139;Jardim Novo;Rua 4 JN;BrasilAPI;65;2023;6812.95
350000;2023;7;3;;3523102824098;1;13502013;354390;19601009;3;0;0;0;0;0;0;0;0;0;0;3;304100013;304100013;113.34;24.45;0.0;0.0;0.0;0.0;0.0;0.0;0.0;0.0;0.0;137.79;0.0;28.0;20230719;20230722;C56;0;15;0;1112;2;0;0;350950;4;62;3;0;10;;1;0;;0;0;0;;0;0;1;0;0;0;0;0;0;0;0;;2079798;46068425000133.0;;0;0;2;6;;7102;1;0;9856;HE35000001N202307.DTS;;;0.0;0.0;0.0;0.0;0.0;0;;;;;;;;;;0;0;0;0;0;0;0;0;0;;Câncer de Ovário;13502013;-22.41139;-47.56139;Jardim INOCOOP;Rua 4 JI;BrasilAPI;62;2023;137.79
354390;2023;6;3;56384183000140.0;3523115869922;1;13506560;354390;19540813;3;0;0;0;0;0;0;0;0;0;4;4;304100021;304100021;334.3;65.14;0.0;0.0;0.0;0.0;0.0;0.0;0.0;0.0;0.0;399.44;0.0;84.27;20230602;20230606;C56;0;12;0;3999;1;0;0;354390;4;68;4;0;10;;2;0;;0;0;0;;0;0;1;0;0;0;0;0;0;0;0;;2082888;;;0;0;2;6;;0;2;0;462;HM35439001N202306.DTS;;;0.0;0.0;0.0;0.0;0.0;0;G20;;;;;;;;;1;0;0;0;0;0;0;0;0;;Câncer de Ovário;13506560;-22.41139;-47.56139;Vila Nova;Rua 16 A;BrasilAPI;68;2023;399.44
354390;2023;3;1;56384183000140.0;3523110960490;1;13504602;354390;19550726;3;0;0;0;0;0;0;0;0;0;3;3;415020050;415020050;3764.52;1022.84;0.0;0.0;0.0;0.0;0.0;0.0;0.0;0.0;0.0;4787.36;0.0;957.47;20230228;20230303;C56;0;12;0;3999;1;0;0;354390;4;67;3;0;10;;1;0;;0;0;0;;0;0;1;0;0;0;0;0;0;0;0;;2082888;;;0;0;3;6;;0;3;0;50;HM35439001N202303.DTS;;;0.0;0.0;0.0;0.0;0.0;0;C775;;;;;;;;;1;0;0;0;0;0;0;0;0;;Câncer de Ovário;13504602;-22.41139;-47.56139;Jardim Matheus Maniero;Avenida 38;BrasilAPI;67;2023;4787.36
354390;2023;8;1;56384183000140.0;3523119594170;1;13505130;354390;19501215;3;0;0;0;0;0;0;0;0;0;2;2;415020050;415020050;4519.64;1430.63;0.0;0.0;0.0;0.0;0.0;0.0;0.0;0.0;0.0;5950.27;0.0;1190.05;20230801;20230803;C56;0;12;0;3999;1;0;0;354390;4;72;2;0;10;;1;0;;0;0;0;;0;0;1;0;0;0;0;0;0;0;0;;2082888;;;0;0;3;6;;0;3;0;849;HM35439001N202308.DTS;;;0.0;0.0;0.0;0.0;0.0;0;C798;;;;;;;;;1;0;0;0;0;0;0;0;0;;Câncer de Ovário;13505130;-22.41139;-47.56139;Parque das Indústrias;Rua M 9;BrasilAPI;72;2023;5950.27
354390;2023;8;1;56384183000140.0;3523119595237;1;13506195;354390;19821025;3;0;0;0;0;0;0;0;0;0;0;2;416060021;416060021;1369.6;405.23;0.0;0.0;0.0;0.0;0.0;0.0;0.0;0.0;0.0;1774.83;0.0;354.96;20230807;20230809;C56;0;12;0;3999;1;0;0;354390;4;40;2;0;10;;1;0;;0;0;0;;0;0;1;0;0;0;0;0;0;0;0;;2082888;;;0;0;3;6;;0;1;0;883;HM35439001N202308.DTS;;;0.0;0.0;0.0;0.0;0.0;0;;;;;;;;;;0;0;0;0;0;0;0;0;0;;Câncer de Ovário;13506195;-22.41139;-47.56139;Parque Mãe Preta;Rua 25 MP;BrasilAPI;40;2023;1774.83
354390;2024;1;1;56384183000140.0;3524106167329;1;13500181;354390;19990922;3;0;0;0;0;0;0;0;0;0;0;2;416060021;416060021;1245.63;405.23;0.0;0.0;0.0;0.0;0.0;0.0;0.0;0.0;0.0;1650.86;0.0;333.5;20240113;20240115;C56;0;12;0;3999;1;0;0;354390;4;24;2;0;10;;2;0;;0;0;0;;0;0;1;0;0;0;0;0;0;1;8291227888;;2082888;;;0;0;3;6;;0;1;0;137;HM35439001N202401.DTS;;;0.0;0.0;0.0;0.0;0.0;0;W999;R100;;;;;;;;1;1;0;0;0;0;0;0;0;;Câncer de Ovário;13500181;-22.41139;-47.56139;Centro;Rua 5;BrasilAPI;24;2024;1650.86
354390;2024;11;3;56384183000140.0;3524128066943;1;13504602;354390;19570330;3;0;0;0;0;0;0;0;0;0;4;4;304100021;304100021;454.3;65.14;0.0;0.0;0.0;0.0;0.0;0.0;0.0;0.0;0.0;519.44;0.0;83.91;20241028;20241101;C56;0;12;0;3999;1;0;0;354390;4;67;4;0;10;;2;0;;0;0;0;;0;0;1;0;0;0;0;0;0;0;0;;2082888;;;0;0;2;6;;0;1;0;378;HM35439001N202411.DTS;;;0.0;0.0;0.0;0.0;0.0;0;;;;;;;;;;0;0;0;0;0;0;0;0;0;;Câncer de Ovário;13504602;-22.41139;-47.56139;Jardim Matheus Maniero;Avenida 38;BrasilAPI;67;2024;519.44
354390;2024;11;3;56384183000140.0;3524128071882;1;13504602;354390;19570330;3;0;0;0;0;0;0;0;0;0;0;2;304100021;304100021;344.77;65.14;0.0;0.0;0.0;0.0;0.0;0.0;0.0;0.0;0.0;409.91;0.0;66.22;20241118;20241120;C56;0;12;0;3999;1;0;0;354390;4;67;2;0;10;;2;0;;0;0;0;;0;0;1;0;0;0;0;0;0;0;0;;2082888;;;0;0;2;6;;0;1;0;528;HM35439001N202411.DTS;;;0.0;0.0;0.0;0.0;0.0;0;W999;;;;;;;;;1;0;0;0;0;0;0;0;0;;Câncer de Ovário;13504602;-22.41139;-47.56139;Jardim Matheus Maniero;Avenida 38;BrasilAPI;67;2024;409.91
354390;2024;11;1;56384183000140.0;3524128069968;1;13505009;354390;19850519;3;0;0;0;3;75;0;0;0;0;0;1;415020050;416060110;3633.97;838.0;0.0;0.0;0.0;0.0;0.0;0.0;0.0;0.0;0.0;4471.97;1800.0;722.45;20241008;20241012;C56;0;12;0;3999;1;0;0;354390;4;39;4;0;10;;1;0;;0;0;0;;0;0;1;0;0;0;0;0;0;0;0;;2082888;;;0;0;3;6;;0;1;0;94;HM35439001N202411.DTS;;;0.0;0.0;0.0;0.0;0.0;0;W999;;;;;;;;;1;0;0;0;0;0;0;0;0;;Câncer de Ovário;13505009;-22.41139;-47.56139;Jardim Floridiana;Avenida M 33;BrasilAPI;39;2024;4471.97
354390;2024;9;3;56384183000140.0;3524123175144;1;13504602;354390;19570330;3;0;0;0;0;0;0;0;0;0;5;6;304100021;304100021;342.3;65.14;0.0;0.0;0.0;0.0;0.0;0.0;0.0;0.0;0.0;407.44;0.0;70.61;20240830;20240905;C56;0;12;0;3999;1;0;0;354390;4;67;6;0;10;;2;0;;0;0;0;;0;0;1;0;0;0;0;0;0;1;8291227888;;2082888;;;0;0;2;6;;0;1;0;561;HM35439001N202409.DTS;;;0.0;0.0;0.0;0.0;0.0;0;W999;E148;E039;;;;;;;1;1;1;0;0;0;0;0;0;;Câncer de Ovário;13504602;-22.41139;-47.56139;Jardim Matheus Maniero;Avenida 38;BrasilAPI;67;2024;407.44
354390;2024;9;3;56384183000140.0;3524123175155;1;13504602;354390;19570330;3;0;0;0;0;0;0;0;0;0;0;8;304100013;304100013;332.72;8.15;0.0;0.0;0.0;0.0;0.0;0.0;0.0;0.0;0.0;340.87;0.0;59.07;20240823;20240830;C56;0;27;0;3999;1;0;0;354390;4;67;7;0;10;;2;0;;0;0;0;;0;0;1;0;0;0;0;0;0;1;8291227888;;2082888;;;0;0;2;6;;0;1;0;562;HM35439001N202409.DTS;;;0.0;0.0;0.0;0.0;0.0;0;W999;E148;E039;;;;;;;1;1;1;0;0;0;0;0;0;;Câncer de Ovário;13504602;-22.41139;-47.56139;Jardim Matheus Maniero;Avenida 38;BrasilAPI;67;2024;340.87
350000;2024;7;3;50753755000135.0;3524119366713;1;13506480;354390;19650827;3;0;0;0;0;0;0;0;0;0;0;5;304100013;304100013;221.96;40.75;0.0;0.0;0.0;0.0;0.0;0.0;0.0;0.0;0.0;262.71;0.0;46.49;20240723;20240728;C56;0;12;0;3069;2;0;0;352530;4;58;5;0;10;;2;0;;0;0;0;;0;0;1;0;0;0;0;0;0;0;0;;2083086;;;0;0;2;6;;0;1;0;111653;HE35000001N202407.DTS;;;0.0;0.0;0.0;0.0;0.0;0;;;;;;;;;;0;0;0;0;0;0;0;0;0;;Câncer de Ovário;13506480;-22.41139;-47.56139;Vila Cristina;Avenida 64 A;BrasilAPI;58;2024;262.71
354390;2024;3;3;56384183000140.0;3524111926082;1;13506843;354390;19540818;3;0;0;0;0;0;0;0;0;0;5;5;304100021;304100021;444.61;65.14;0.0;0.0;0.0;0.0;0.0;0.0;0.0;0.0;0.0;509.75;0.0;98.59;20240307;20240312;C56;0;12;0;3999;1;0;0;354390;4;69;5;0;10;;2;0;;0;0;0;;0;0;1;0;0;0;0;0;0;0;0;;2082888;;;0;0;2;6;;0;1;0;497;HM35439001N202403.DTS;;;0.0;0.0;0.0;0.0;0.0;0;E148;I10;D696;;;;;;;1;1;1;0;0;0;0;0;0;;Câncer de Ovário;13506843;-22.41139;-47.56139;Vila Paulista;Rua P 2;BrasilAPI;69;2024;509.75
354390;2024;5;3;56384183000140.0;3524111942417;1;13505100;354390;19730912;3;0;0;0;0;0;0;0;0;0;0;6;304100021;304100021;610.73;65.14;0.0;0.0;0.0;0.0;0.0;0.0;0.0;0.0;0.0;675.87;0.0;121.77;20240427;20240503;C56;0;12;0;3999;1;0;0;354390;4;50;6;0;10;;2;0;;0;0;0;;0;0;1;0;0;0;0;0;0;0;0;;2082888;;;0;0;2;6;;0;3;0;371;HM35439001N202405.DTS;;;0.0;0.0;0.0;0.0;0.0;0;J90;I743;;;;;;;;1;1;0;0;0;0;0;0;0;;Câncer de Ovário;13505100;-22.41139;-47.56139;Jardim Hipódromo;Rua M 7;BrasilAPI;50;2024;675.87
354390;2024;5;3;56384183000140.0;3524111931362;1;13505100;354390;19730912;3;0;0;0;0;0;0;0;0;0;0;22;304100021;304100021;738.07;161.32;0.0;0.0;0.0;0.0;0.0;0.0;0.0;0.0;0.0;899.39;0.0;162.05;20240405;20240427;C56;0;51;0;3999;1;0;0;354390;4;50;22;0;10;;2;0;;0;0;0;;0;0;1;0;0;0;0;0;0;0;0;;2082888;;;0;0;2;6;;0;3;0;356;HM35439001N202405.DTS;;;0.0;0.0;0.0;0.0;0.0;0;;;;;;;;;;0;0;0;0;0;0;0;0;0;;Câncer de Ovário;13505100;-22.41139;-47.56139;Jardim Hipódromo;Rua M 7;BrasilAPI;50;2024;899.39
354390;2024;5;3;56384183000140.0;3524111942934;1;13505100;354390;19730912;3;0;0;0;0;0;0;0;0;0;0;8;304100013;304100013;402.2;107.2;0.0;0.0;0.0;0.0;0.0;0.0;0.0;0.0;0.0;509.4;0.0;91.78;20240328;20240405;C56;0;51;0;3999;1;0;0;354390;4;50;8;0;10;;2;0;;0;0;0;;0;0;1;0;0;0;0;0;0;0;0;;2082888;;;0;0;2;6;;0;3;0;386;HM35439001N202405.DTS;;;0.0;0.0;0.0;0.0;0.0;0;;;;;;;;;;0;0;0;0;0;0;0;0;0;;Câncer de Ovário;13505100;-22.41139;-47.56139;Jardim Hipódromo;Rua M 7;BrasilAPI;50;2024;509.4
354390;2024;5;1;56384183000140.0;3524117711972;1;13506365;354390;19980805;3;0;0;0;0;0;0;0;0;0;0;2;415020050;415020050;5292.76;1430.63;0.0;0.0;0.0;0.0;0.0;0.0;0.0;0.0;0.0;6723.39;0.0;1211.42;20240520;20240522;C56;0;12;0;3999;1;0;0;354390;4;25;2;0;10;;2;0;;0;0;0;;0;0;1;0;0;0;0;0;0;0;0;;2082888;;;0;0;3;6;;0;3;0;127;HM35439001N202405.DTS;;;0.0;0.0;0.0;0.0;0.0;0;W999;;;;;;;;;1;0;0;0;0;0;0;0;0;;Câncer de Ovário;13506365;-22.41139;-47.56139;Vila Industrial;Avenida 2 VI;BrasilAPI;25;2024;6723.39
354390;2024;10;1;56384183000140.0;3524128064061;1;13502753;354390;19840824;3;0;0;0;0;0;0;0;0;0;0;6;416060129;416060129;3730.01;1025.4;0.0;0.0;0.0;0.0;0.0;0.0;0.0;0.0;0.0;4755.41;0.0;786.01;20241017;20241023;C56;0;12;0;3999;1;0;0;354390;4;40;6;0;10;;2;0;;0;0;0;;0;0;1;0;0;0;0;0;0;0;0;;2082888;;;0;0;3;6;;0;1;0;154;HM35439001N202410.DTS;;;0.0;0.0;0.0;0.0;0.0;0;W999;;;;;;;;;1;0;0;0;0;0;0;0;0;;Câncer de Ovário;13502753;-22.41139;-47.56139;Jardim Novo;Rua 12 JN;BrasilAPI;40;2024;4755.41
354390;2024;10;1;56384183000140.0;3524128063490;1;13504250;354390;19961023;3;0;0;0;0;0;0;0;0;0;0;1;416060129;416060129;3771.08;1025.4;0.0;0.0;0.0;0.0;0.0;0.0;0.0;0.0;0.0;4796.48;0.0;792.8;20241021;20241022;C56;0;12;0;3999;1;0;0;354390;4;27;1;0;10;;2;0;;0;0;0;;0;0;1;0;0;0;0;0;7;1;8291227888;;2082888;;;0;0;3;6;;0;1;0;138;HM35439001N202410.DTS;;;0.0;0.0;0.0;0.0;0.0;0;;;;;;;;;;0;0;0;0;0;0;0;0;0;;Câncer de Ovário;13504250;-22.41139;-47.56139;Jardim Bela Vista;Rua Jacutinga;BrasilAPI;27;2024;4796.48
354390;2025;12;3;;3525128492919;1;13505090;354390;19851010;3;0;0;0;0;0;0;0;0;0;2;4;304100021;304100021;336.98;65.14;0.0;0.0;0.0;0.0;0.0;0.0;0.0;0.0;0.0;402.12;0.0;77.03;20250912;20250915;C56;0;31;0;1155;1;0;0;354390;4;39;3;0;10;;1;0;;0;0;0;;0;0;1;0;0;0;0;0;0;0;0;;5550874;955107000193.0;;0;0;2;6;;0;3;0;1842;HM35439001N202512.DTS;;;0.0;0.0;0.0;0.0;0.0;0;E669;E871;N179;R104;R600;Z888;Z922;;;1;2;1;2;1;1;1;0;0;0.0;Câncer de Ovário;13505090;-22.41139;-47.56139;Jardim Floridiana;Rua M 6;BrasilAPI;39;2025;402.12
354390;2025;1;1;56384183000140.0;3525111292670;1;13506365;354390;19980805;3;0;0;0;0;0;0;0;0;0;0;3;415020050;415020050;7019.84;2200.07;0.0;0.0;0.0;0.0;0.0;0.0;0.0;0.0;0.0;9219.91;0.0;1578.75;20250113;20250116;C56;0;12;0;3999;1;0;0;354390;4;26;3;0;10;;1;0;;0;0;0;;0;0;1;0;0;0;0;0;0;0;0;;2082888;;;0;0;3;6;;0;3;0;137;HM35439001N202501.DTS;;;0.0;0.0;0.0;0.0;0.0;0;W999;C775;C786;;;;;;;1;1;1;0;0;0;0;0;0;;Câncer de Ovário;13506365;-22.41139;-47.56139;Vila Industrial;Avenida 2 VI;BrasilAPI;26;2025;9219.91
354390;2025;11;3;56384183000140.0;3525133572642;1;13508630;354390;20010817;3;0;0;0;0;0;0;0;0;0;0;23;304100021;304100021;302.3;65.14;0.0;0.0;0.0;0.0;0.0;0.0;0.0;0.0;0.0;367.44;0.0;66.8;20251016;20251108;C56;0;12;0;3999;1;0;0;354390;4;24;23;0;10;;2;0;;0;0;0;;0;0;1;0;0;0;0;0;0;1;8291227888;;2082888;;;0;0;2;6;;0;3;0;566;HM35439001N202511.DTS;;;0.0;0.0;0.0;0.0;0.0;0;V877;J969;R18;Z720;I10;;;;;1;1;1;1;1;0;0;0;0;0.0;Câncer de Ovário;13508630;-22.41139;-47.56139;Jardim Terras de Ajapi (Ajapi);Rua 6 JTA;BrasilAPI;24;2025;367.44
354390;2025;11;3;56384183000140.0;3525133572653;1;13508630;354390;20010817;3;0;0;0;0;0;0;0;0;0;0;8;304100013;304100013;200.47;8.15;0.0;0.0;0.0;0.0;0.0;0.0;0.0;0.0;0.0;208.62;0.0;37.93;20251009;20251016;C56;0;27;0;3999;1;0;0;354390;4;24;7;0;10;;2;0;;0;0;0;;0;0;1;0;0;0;0;0;0;1;8291227888;;2082888;;;0;0;2;6;;0;3;0;567;HM35439001N202511.DTS;;;0.0;0.0;0.0;0.0;0.0;0;V877;J969;Z720;;;;;;;1;1;1;0;0;0;0;0;0;0.0;Câncer de Ovário;13508630;-22.41139;-47.56139;Jardim Terras de Ajapi (Ajapi);Rua 6 JTA;BrasilAPI;24;2025;208.62
354390;2025;3;3;56384183000140.0;3525111306640;1;13500240;354390;19580110;3;0;0;0;0;0;0;0;0;0;0;8;304100021;304100021;758.05;65.14;0.0;0.0;0.0;0.0;0.0;0.0;0.0;0.0;0.0;823.19;0.0;145.43;20250309;20250317;C56;0;12;0;3999;1;0;0;354390;4;67;8;0;10;;2;0;;0;0;0;;0;0;1;0;0;0;0;0;14;1;8291227888;;2082888;;;0;0;2;6;;0;1;0;486;HM35439001N202503.DTS;;;0.0;0.0;0.0;0.0;0.0;0;;;;;;;;;;0;0;0;0;0;0;0;0;0;0.0;Câncer de Ovário;13500240;-22.41139;-47.56139;Centro;Rua 11;BrasilAPI;67;2025;823.19
354390;2025;3;1;56384183000140.0;3525111293033;1;13504693;354390;19590830;3;0;0;0;0;0;0;0;0;0;4;4;416060129;416060129;4843.64;1025.4;0.0;0.0;0.0;0.0;0.0;0.0;0.0;0.0;0.0;5869.04;0.0;1036.93;20250120;20250124;C56;0;12;0;3999;1;0;0;354390;4;65;4;0;10;;1;0;;0;0;0;;0;0;1;0;0;0;0;0;0;0;0;;2082888;;;0;0;3;6;;0;3;0;2;HM35439001N202503.DTS;;;0.0;0.0;0.0;0.0;0.0;0;W999;I10;E148;;;;;;;1;1;1;0;0;0;0;0;0;0.0;Câncer de Ovário;13504693;-22.41139;-47.56139;Jardim Boa Vista;Avenida 104 BV;BrasilAPI;65;2025;5869.04
354390;2025;3;1;56384183000140.0;3525111298654;1;13503667;354390;19760906;3;0;0;0;0;0;0;0;0;0;0;1;409060216;409060216;398.78;151.86;0.0;0.0;0.0;0.0;0.0;0.0;0.0;0.0;0.0;550.64;0.0;97.28;20250212;20250213;C56;0;12;0;3999;1;0;0;354390;4;48;1;0;10;;2;0;;0;0;0;;0;0;1;0;0;0;0;0;0;0;0;;2082888;;;0;0;2;6;;0;1;0;9;HM35439001N202503.DTS;;;0.0;0.0;0.0;0.0;0.0;0;;;;;;;;;;0;0;0;0;0;0;0;0;0;0.0;Câncer de Ovário;13503667;-22.41139;-47.56139;Novo Jardim Wenzel;Rua 8 JW;BrasilAPI;48;2025;550.64
350000;2025;6;1;50046887000127.0;3525117359918;1;13503420;354390;20100206;3;0;0;0;0;0;0;0;0;0;2;2;416060129;416060129;3784.3;1025.4;0.0;0.0;0.0;0.0;0.0;0.0;0.0;0.0;0.0;4809.7;0.0;858.87;20250608;20250610;C56;0;12;0;3999;2;0;0;350950;4;15;2;0;10;;2;0;;0;0;0;;0;0;1;0;0;0;0;0;0;0;0;;2081482;;;0;0;3;6;;0;1;0;5801;HE35000001N202506.DTS;;;0.0;0.0;0.0;0.0;0.0;0;;;;;;;;;;0;0;0;0;0;0;0;0;0;0.0;Câncer de Ovário;13503420;-22.41139;-47.56139;Consolação;Avenida 17 - de 1488/1489 ao fim;BrasilAPI;15;2025;4809.7
354390;2025;4;1;56384183000140.0;3525116108921;1;13500460;354390;19451221;3;0;0;0;0;0;0;0;0;0;1;1;416060129;416060129;3575.18;1025.4;0.0;0.0;0.0;0.0;0.0;0.0;0.0;0.0;0.0;4600.58;0.0;807.11;20250407;20250408;C56;0;12;0;3999;1;0;0;354390;4;79;1;0;10;;2;0;;0;0;0;;0;0;1;0;0;0;0;0;7;1;8291227888;;2082888;;;0;0;3;6;;0;1;0;86;HM35439001N202504.DTS;;;0.0;0.0;0.0;0.0;0.0;0;W999;;;;;;;;;1;0;0;0;0;0;0;0;0;0.0;Câncer de Ovário;13500460;-22.41139;-47.56139;Zona Central;Avenida 12;BrasilAPI;79;2025;4600.58
354390;2025;9;3;56384183000140.0;3525128498298;1;13506899;354390;19770322;3;0;0;0;0;0;0;0;0;0;0;4;304100021;304100021;302.3;65.14;0.0;0.0;0.0;0.0;0.0;0.0;0.0;0.0;0.0;367.44;0.0;68.29;20250912;20250916;C56;0;12;0;3999;1;0;0;354390;4;48;4;0;10;;2;0;;0;0;0;;0;0;1;0;0;0;0;0;0;0;0;;2082888;;;0;0;2;6;;0;3;0;644;HM35439001N202509.DTS;;;0.0;0.0;0.0;0.0;0.0;0;A419;J189;;;;;;;;1;1;0;0;0;0;0;0;0;0.0;Câncer de Ovário;13506899;-22.41139;-47.56139;Jardim do Horto;Rodovia Constantine Peruchi;BrasilAPI;48;2025;367.44
350000;2025;8;1;50046887000127.0;3525122117836;1;13505120;354390;20110429;3;0;0;0;0;0;0;0;0;0;2;2;416060129;416060129;3889.6;1025.4;0.0;0.0;0.0;0.0;0.0;0.0;0.0;0.0;0.0;4915.0;0.0;925.61;20250813;20250815;C56;0;12;0;3999;2;0;0;350950;4;14;2;0;10;;2;0;;0;0;0;;0;0;1;0;0;0;0;0;0;0;0;;2081482;;;0;0;3;6;;0;1;0;6399;HE35000001N202508.DTS;;;0.0;0.0;0.0;0.0;0.0;0;;;;;;;;;;0;0;0;0;0;0;0;0;0;0.0;Câncer de Ovário;13505120;-22.41139;-47.56139;Parque das Indústrias;Rua M 8;BrasilAPI;14;2025;4915.0
354390;2025;8;1;56384183000140.0;3525120717712;1;13506899;354390;19770322;3;0;0;0;0;0;0;0;0;0;0;2;416060129;416060129;3715.35;1025.4;0.0;0.0;0.0;0.0;0.0;0.0;0.0;0.0;0.0;4740.75;0.0;892.79;20250812;20250814;C56;0;12;0;3999;1;0;0;354390;4;48;2;0;10;;2;0;;0;0;0;;0;0;1;0;0;0;0;0;0;0;0;;2082888;;;0;0;3;6;;0;3;0;207;HM35439001N202508.DTS;;;0.0;0.0;0.0;0.0;0.0;0;C482;;;;;;;;;1;0;0;0;0;0;0;0;0;0.0;Câncer de Ovário;13506899;-22.41139;-47.56139;Jardim do Horto;Rodovia Constantine Peruchi;BrasilAPI;48;2025;4740.75
354390;2025;8;3;56384183000140.0;3525120721749;1;13506899;354390;19770322;3;0;0;0;0;0;0;0;0;0;0;1;304100021;304100021;302.3;65.14;0.0;0.0;0.0;0.0;0.0;0.0;0.0;0.0;0.0;367.44;0.0;69.19;20250818;20250818;C56;0;12;0;3999;1;0;0;354390;4;48;0;0;10;;2;0;;0;0;0;;0;0;1;0;0;0;0;0;7;1;8291227888;;2082888;;;0;0;2;6;;0;3;0;752;HM35439001N202508.DTS;;;0.0;0.0;0.0;0.0;0.0;0;R104;;;;;;;;;1;0;0;0;0;0;0;0;0;0.0;Câncer de Ovário;13506899;-22.41139;-47.56139;Jardim do Horto;Rodovia Constantine Peruchi;BrasilAPI;48;2025;367.44
354390;2025;7;1;56384183000140.0;3525120710640;1;13502600;354390;19601216;3;0;0;0;0;0;0;0;0;0;0;3;416060129;416060129;3756.13;1025.4;0.0;0.0;0.0;0.0;0.0;0.0;0.0;0.0;0.0;4781.53;0.0;882.2;20250714;20250717;C56;0;12;0;3999;1;0;0;354390;4;64;3;0;10;;1;0;;0;0;0;;0;0;1;0;0;0;0;0;0;0;0;;2082888;;;0;0;3;6;;0;3;0;161;HM35439001N202507.DTS;;;0.0;0.0;0.0;0.0;0.0;0;I10;;;;;;;;;1;0;0;0;0;0;0;0;0;0.0;Câncer de Ovário;13502600;-22.41139;-47.56139;Jardim Novo II;Rua 6 JN;BrasilAPI;64;2025;4781.53
354390;2025;7;1;56384183000140.0;3525116125575;1;13502460;354390;19670919;3;0;0;0;0;0;0;0;0;0;0;3;416060129;416060129;4641.76;1025.4;0.0;0.0;0.0;0.0;0.0;0.0;0.0;0.0;0.0;5667.16;0.0;1045.6;20250610;20250613;C56;0;12;0;3999;1;0;0;354390;4;57;3;0;10;;2;0;;0;0;0;;0;0;1;0;0;0;0;0;0;0;0;;2082888;;;0;0;3;6;;0;3;0;14;HM35439001N202507.DTS;;;0.0;0.0;0.0;0.0;0.0;0;;;;;;;;;;0;0;0;0;0;0;0;0;0;0.0;Câncer de Ovário;13502460;-22.41139;-47.56139;Jardim Guanabara II;Avenida 7 JG;BrasilAPI;57;2025;5667.16
354390;2025;5;1;56384183000140.0;3525116119998;1;13502771;354390;19980713;3;0;0;0;0;0;0;0;0;0;0;3;409060216;409060216;504.54;151.86;0.0;0.0;0.0;0.0;0.0;0.0;0.0;0.0;0.0;656.4;0.0;120.44;20250519;20250522;C56;0;12;0;3999;1;0;0;354390;4;26;3;0;10;;2;0;;0;0;0;;0;0;1;0;0;0;0;0;0;1;8291227888;;2082888;;;0;0;2;6;;0;1;0;199;HM35439001N202505.DTS;;;0.0;0.0;0.0;0.0;0.0;0;;;;;;;;;;0;0;0;0;0;0;0;0;0;0.0;Câncer de Ovário;13502771;-22.41139;-47.56139;Jardim das Nações I;Rua 1;BrasilAPI;26;2025;656.4
350000;2021;4;9;46374500022597.0;3521103841475;1;13504617;354390;19510326;3;0;0;0;0;0;0;0;0;0;0;0;401020053;401020053;250.26;106.55;0.0;0.0;0.0;0.0;0.0;0.0;0.0;0.0;0.0;356.81;0.0;68.22;20210412;20210412;C448;0;12;0;1023;2;0;0;353870;4;70;0;0;10;;1;0;;0;0;0;;0;0;1;0;0;0;0;0;0;0;0;;6284582;46374500000194.0;;0;0;2;6;;0;1;0;11588;HE35000001N202104.DTS;;;0.0;0.0;0.0;0.0;0.0;0;;;;;;;;;;0;0;0;0;0;0;0;0;0;;Câncer de Pele (Não Melanoma);13504617;-22.41139;-47.56139;Jardim Residencial Santa Eliza;Avenida 42 SE;BrasilAPI;70;2021;356.81
354390;2021;4;1;56384183000140.0;3521111860002;1;13505006;354390;19361210;3;0;0;0;0;0;0;0;0;0;0;1;416080120;416080120;1418.82;140.06;0.0;0.0;0.0;0.0;0.0;0.0;0.0;0.0;0.0;1558.88;0.0;298.06;20210329;20210329;C448;0;12;0;3999;1;0;0;354390;4;84;0;0;10;;2;0;;0;0;0;;0;0;1;0;0;0;0;0;0;0;0;;2082888;;;0;0;3;6;;0;1;0;268;HM35439001N202104.DTS;;;0.0;0.0;0.0;0.0;0.0;0;;;;;;;;;;0;0;0;0;0;0;0;0;0;;Câncer de Pele (Não Melanoma);13505006;-22.41139;-47.56139;Jardim Floridiana;Avenida M 27;BrasilAPI;84;2021;1558.88
350000;2021;2;9;46374500022597.0;3521103837504;1;13502760;354390;19580728;3;0;0;0;0;0;0;0;0;0;0;0;401020053;401020053;250.26;106.55;0.0;0.0;0.0;0.0;0.0;0.0;0.0;0.0;0.0;356.81;0.0;62.7;20210203;20210203;C448;0;12;0;1023;2;0;0;353870;4;62;0;0;10;;1;0;;0;0;0;;0;0;1;0;0;0;0;0;0;0;0;;6284582;46374500000194.0;;0;0;2;6;;0;1;0;11739;HE35000001N202102.DTS;;;0.0;0.0;0.0;0.0;0.0;0;;;;;;;;;;0;0;0;0;0;0;0;0;0;;Câncer de Pele (Não Melanoma);13502760;-22.41139;-47.56139;Jardim Novo;Avenida 5 JN;BrasilAPI;62;2021;356.81
350000;2021;2;9;46374500022597.0;3521103838571;1;13500370;354390;19540319;3;0;0;0;0;0;0;0;0;0;0;0;401020053;401020053;250.26;106.55;0.0;0.0;0.0;0.0;0.0;0.0;0.0;0.0;0.0;356.81;0.0;62.7;20210222;20210222;C448;0;12;0;1023;2;0;0;353870;4;66;0;0;10;;1;0;;0;0;0;;0;0;1;0;0;0;0;0;0;0;0;;6284582;46374500000194.0;;0;0;2;6;;0;1;0;11811;HE35000001N202102.DTS;;;0.0;0.0;0.0;0.0;0.0;0;;;;;;;;;;0;0;0;0;0;0;0;0;0;;Câncer de Pele (Não Melanoma);13500370;-22.41139;-47.56139;Centro;Avenida 7;BrasilAPI;66;2021;356.81
354390;2021;2;1;56384183000140.0;3521109535713;1;13502850;354390;19470225;3;0;0;0;0;0;0;0;0;0;0;1;416080081;416080081;2435.92;963.9;0.0;0.0;0.0;0.0;0.0;0.0;0.0;0.0;0.0;3399.82;0.0;597.5;20210201;20210201;C443;0;12;0;3999;1;0;0;354390;4;73;0;0;10;;2;0;;0;0;0;;0;0;1;0;0;0;0;0;7;1;8291227888;;2082888;;;0;0;3;6;;0;1;0;89;HM35439001N202102.DTS;;;0.0;0.0;0.0;0.0;0.0;0;;;;;;;;;;0;0;0;0;0;0;0;0;0;;Câncer de Pele (Não Melanoma);13502850;-22.41139;-47.56139;Jardim Brasília II;Avenida 12 BR;BrasilAPI;73;2021;3399.82
354390;2021;2;1;56384183000140.0;3521109536219;1;13508528;354390;19531123;3;0;0;0;0;0;0;0;0;0;0;1;416080120;416080120;466.58;140.06;0.0;0.0;0.0;0.0;0.0;0.0;0.0;0.0;0.0;606.64;0.0;106.61;20210222;20210222;C448;0;12;0;3999;1;0;0;354390;4;67;0;0;10;;2;0;;0;0;0;;0;0;1;0;0;0;0;0;0;0;0;;2082888;;;0;0;3;6;;0;1;0;103;HM35439001N202102.DTS;;;0.0;0.0;0.0;0.0;0.0;0;;;;;;;;;;0;0;0;0;0;0;0;0;0;;Câncer de Pele (Não Melanoma);13508528;-22.41139;-47.56139;Nova Ajapi (Ajapi);Avenida 11 Ajapi;BrasilAPI;67;2021;606.64
354390;2021;2;1;56384183000140.0;3521109147325;1;13506720;354390;19480112;3;0;0;0;0;0;0;0;0;0;0;1;416080120;416080120;1255.7;140.06;0.0;0.0;0.0;0.0;0.0;0.0;0.0;0.0;0.0;1395.76;0.0;245.3;20210202;20210202;C448;0;12;0;3999;1;0;0;354390;4;73;0;0;10;;2;0;;0;0;0;;0;0;1;0;0;0;0;0;0;0;0;;2082888;;;0;0;3;6;;0;1;0;56;HM35439001N202102.DTS;;;0.0;0.0;0.0;0.0;0.0;0;;;;;;;;;;0;0;0;0;0;0;0;0;0;;Câncer de Pele (Não Melanoma);13506720;-22.41139;-47.56139;Vila Indaiá;Avenida 16 A;BrasilAPI;73;2021;1395.76
354390;2021;3;1;56384183000140.0;3521109543941;1;13501389;354390;19460101;3;0;0;0;0;0;0;0;0;0;0;1;416080120;416080120;507.36;140.06;0.0;0.0;0.0;0.0;0.0;0.0;0.0;0.0;0.0;647.42;0.0;119.89;20210315;20210315;C448;0;12;0;3999;1;0;0;354390;4;75;0;0;10;;1;0;;0;0;0;;0;0;1;0;0;0;0;0;0;0;0;;2082888;;;0;0;3;6;;0;1;0;110;HM35439001N202103.DTS;;;0.0;0.0;0.0;0.0;0.0;0;I10;;;;;;;;;1;0;0;0;0;0;0;0;0;;Câncer de Pele (Não Melanoma);13501389;-22.41139;-47.56139;Estádio;Rua 23 BE;BrasilAPI;75;2021;647.42
350000;2021;11;9;46374500022597.0;3521103852365;1;13505544;354390;19540808;3;0;0;0;0;0;0;0;0;0;0;0;401020045;401020045;250.26;106.55;0.0;0.0;0.0;0.0;0.0;0.0;0.0;0.0;0.0;356.81;0.0;64.05;20211118;20211118;C448;0;12;0;1023;2;0;0;353870;4;67;0;0;10;;1;0;;0;0;0;;0;0;1;0;0;0;0;0;0;1;8405621873;;6284582;46374500000194.0;;0;0;2;6;;0;1;0;12156;HE35000001N202111.DTS;;;0.0;0.0;0.0;0.0;0.0;0;;;;;;;;;;0;0;0;0;0;0;0;0;0;;Câncer de Pele (Não Melanoma);13505544;-22.41139;-47.56139;Jardim Progresso;Avenida M 55;BrasilAPI;67;2021;356.81
354390;2021;11;1;56384183000140.0;3521127390869;1;13506855;354390;19370629;3;0;0;0;0;0;0;0;0;0;1;1;416080081;416080081;2443.92;963.9;0.0;0.0;0.0;0.0;0.0;0.0;0.0;0.0;0.0;3407.82;0.0;611.81;20211125;20211126;C443;0;12;0;3999;1;0;0;354390;4;84;1;0;10;;2;0;;0;0;0;;0;0;1;0;0;0;0;0;7;1;8291227888;;2082888;;;0;0;3;6;;0;1;0;708;HM35439001N202111.DTS;;;0.0;0.0;0.0;0.0;0.0;0;;;;;;;;;;0;0;0;0;0;0;0;0;0;;Câncer de Pele (Não Melanoma);13506855;-22.41139;-47.56139;Vila Paulista;Rua P 4;BrasilAPI;84;2021;3407.82
350000;2021;10;9;46374500022597.0;3521103851518;1;13502294;354390;19700913;3;0;0;0;0;0;0;0;0;0;0;0;401020045;401020045;250.26;106.55;0.0;0.0;0.0;0.0;0.0;0.0;0.0;0.0;0.0;356.81;0.0;63.6;20211027;20211027;C448;0;12;0;1023;2;0;0;353870;4;51;0;0;10;;1;0;;0;0;0;;0;0;1;0;0;0;0;0;0;0;0;;6284582;46374500000194.0;;0;0;2;6;;0;1;0;10410;HE35000001N202110.DTS;;;0.0;0.0;0.0;0.0;0.0;0;;;;;;;;;;0;0;0;0;0;0;0;0;0;;Câncer de Pele (Não Melanoma);13502294;-22.41139;-47.56139;Parque Residencial Brasília;Avenida 26 BR;BrasilAPI;51;2021;356.81
350000;2021;10;9;46374500022597.0;3521103851364;1;13502852;354390;19730430;3;0;0;0;0;0;0;0;0;0;0;0;401020053;401020053;250.26;106.55;0.0;0.0;0.0;0.0;0.0;0.0;0.0;0.0;0.0;356.81;0.0;63.6;20211011;20211011;C448;0;12;0;1023;2;0;0;353870;4;48;0;0;10;;1;0;;0;0;0;;0;0;1;0;0;0;0;0;0;0;0;;6284582;46374500000194.0;;0;0;2;6;;0;3;0;10395;HE35000001N202110.DTS;;;0.0;0.0;0.0;0.0;0.0;0;;;;;;;;;;0;0;0;0;0;0;0;0;0;;Câncer de Pele (Não Melanoma);13502852;-22.41139;-47.56139;Jardim Brasília II;Avenida 16 BR;BrasilAPI;48;2021;356.81
354390;2021;10;3;56384183000140.0;3521126314398;1;13500336;354390;19490428;3;0;0;0;0;0;0;0;0;0;0;1;301060070;301060070;30.47;9.91;0.0;0.0;0.0;0.0;0.0;0.0;0.0;0.0;0.0;40.38;0.0;7.19;20211025;20211025;C448;0;12;0;3999;1;0;0;354390;4;72;0;0;10;;2;0;;0;0;0;;0;0;1;0;0;0;0;0;0;0;0;;2082888;;;0;0;2;6;;0;1;0;469;HM35439001N202110.DTS;;;0.0;0.0;0.0;0.0;0.0;0;;;;;;;;;;0;0;0;0;0;0;0;0;0;;Câncer de Pele (Não Melanoma);13500336;-22.41139;-47.56139;Saúde;Rua Particular 2;BrasilAPI;72;2021;40.38
350000;2021;6;9;;3521102694021;1;13504624;354390;19720401;3;0;0;0;0;0;0;0;0;0;0;0;416080014;416080014;349.41;126.0;0.0;0.0;0.0;0.0;0.0;0.0;0.0;0.0;0.0;475.41;0.0;92.85;20210525;20210525;C441;0;15;0;1112;2;0;0;350950;4;49;0;0;10;;1;0;;0;0;0;;0;0;1;0;0;0;0;0;7;1;7377224878;;2079798;46068425000133.0;;0;0;3;6;;7104;1;0;9249;HE35000001N202106.DTS;;;0.0;0.0;0.0;0.0;0.0;0;;;;;;;;;;0;0;0;0;0;0;0;0;0;;Câncer de Pele (Não Melanoma);13504624;-22.41139;-47.56139;Jardim Residencial Santa Eliza;Avenida 52 SE;BrasilAPI;49;2021;475.41
350000;2021;5;1;50753755000135.0;3521110949840;1;13506838;354390;19410412;3;0;0;0;0;0;0;0;0;0;0;1;416080120;416080120;674.08;168.07;0.0;0.0;0.0;0.0;0.0;0.0;0.0;0.0;0.0;842.15;0.0;168.43;20210510;20210510;C448;0;12;0;3069;2;0;0;352530;4;80;0;0;10;;1;0;;0;0;0;;0;0;1;0;0;0;0;0;0;0;0;;2083086;;;0;0;3;6;;7104;1;0;36834;HE35000001N202105.DTS;;;0.0;0.0;0.0;0.0;0.0;0;;;;;;;;;;0;0;0;0;0;0;0;0;0;;Câncer de Pele (Não Melanoma);13506838;-22.41139;-47.56139;Vila Paulista;Avenida P 39;BrasilAPI;80;2021;842.15
350000;2021;5;9;46374500022597.0;3521103844522;1;13506123;354390;19460105;3;0;0;0;0;0;0;0;0;0;0;0;401020100;401020100;97.28;60.83;0.0;0.0;0.0;0.0;0.0;0.0;0.0;0.0;0.0;158.11;0.0;31.62;20210524;20210524;C448;0;12;0;1023;2;0;0;353870;4;75;0;0;10;;1;0;;0;0;0;;0;0;1;0;0;0;0;0;0;0;0;;6284582;46374500000194.0;;0;0;2;6;;0;1;0;11893;HE35000001N202105.DTS;;;0.0;0.0;0.0;0.0;0.0;0;;;;;;;;;;0;0;0;0;0;0;0;0;0;;Câncer de Pele (Não Melanoma);13506123;-22.41139;-47.56139;Jardim Parque Residencial;Avenida 88 A;BrasilAPI;75;2021;158.11
350000;2021;9;9;46374500022597.0;3521103850627;1;13506082;354390;19501011;3;0;0;0;0;0;0;0;0;0;0;0;401020045;401020045;250.26;106.55;0.0;0.0;0.0;0.0;0.0;0.0;0.0;0.0;0.0;356.81;0.0;63.26;20210927;20210927;C448;0;12;0;1023;2;0;0;353870;4;70;0;0;10;;1;0;;0;0;0;;0;0;1;0;0;0;0;0;0;0;0;;6284582;46374500000194.0;;0;0;2;6;;0;1;0;8785;HE35000001N202109.DTS;;;0.0;0.0;0.0;0.0;0.0;0;;;;;;;;;;0;0;0;0;0;0;0;0;0;;Câncer de Pele (Não Melanoma);13506082;-22.41139;-47.56139;Conjunto Habitacional Arco-Íris (Cecap);Rua 16 C;BrasilAPI;70;2021;356.81
350000;2021;9;1;50753755000135.0;3521120372968;1;13506838;354390;19410412;3;0;0;0;0;0;0;0;0;0;0;1;416080120;416080120;650.34;168.07;0.0;0.0;0.0;0.0;0.0;0.0;0.0;0.0;0.0;818.41;0.0;145.1;20210920;20210921;C447;0;12;0;3069;2;0;0;352530;4;80;1;0;10;;1;0;;0;0;0;;0;0;1;0;0;0;0;0;0;0;0;;2083086;;;0;0;3;6;;7104;1;0;30338;HE35000001N202109.DTS;;;0.0;0.0;0.0;0.0;0.0;0;;;;;;;;;;0;0;0;0;0;0;0;0;0;;Câncer de Pele (Não Melanoma);13506838;-22.41139;-47.56139;Vila Paulista;Avenida P 39;BrasilAPI;80;2021;818.41
354390;2021;9;1;56384183000140.0;3521118026063;1;13501400;354390;19650428;3;0;0;0;0;0;0;0;0;0;0;1;416080014;416080014;331.96;105.0;0.0;0.0;0.0;0.0;0.0;0.0;0.0;0.0;0.0;436.96;0.0;77.47;20210913;20210913;C448;0;12;0;3999;1;0;0;354390;4;56;0;0;10;;2;0;;0;0;0;;0;0;1;0;0;0;0;0;0;0;0;;2082888;;;0;0;3;6;;0;1;0;91;HM35439001N202109.DTS;;;0.0;0.0;0.0;0.0;0.0;0;;;;;;;;;;0;0;0;0;0;0;0;0;0;;Câncer de Pele (Não Melanoma);13501400;-22.41139;-47.56139;Estádio;Avenida 25;BrasilAPI;56;2021;436.96
350000;2021;8;9;46374500022597.0;3521103848537;1;13503140;354390;19570824;3;0;0;0;0;0;0;0;0;0;0;0;401020053;401020053;250.26;106.55;0.0;0.0;0.0;0.0;0.0;0.0;0.0;0.0;0.0;356.81;0.0;65.71;20210818;20210818;C448;0;12;0;1023;2;0;0;353870;4;63;0;0;10;;1;0;;0;0;0;;0;0;1;0;0;0;0;0;0;0;0;;6284582;46374500000194.0;;0;0;2;6;;0;1;0;12204;HE35000001N202108.DTS;;;0.0;0.0;0.0;0.0;0.0;0;;;;;;;;;;0;0;0;0;0;0;0;0;0;;Câncer de Pele (Não Melanoma);13503140;-22.41139;-47.56139;Jardim Mirassol;Rua 27;BrasilAPI;63;2021;356.81
354390;2021;8;1;56384183000140.0;3521118024127;1;13500576;354390;19470610;3;0;0;0;0;0;0;0;0;0;0;1;401020053;401020053;291.04;106.55;0.0;0.0;0.0;0.0;0.0;0.0;0.0;0.0;0.0;397.59;0.0;73.22;20210830;20210830;C448;0;12;0;3999;1;0;0;354390;4;74;0;0;10;;2;0;;0;0;0;;0;0;1;0;0;0;0;0;0;0;0;;2082888;;;0;0;2;6;;0;1;0;158;HM35439001N202108.DTS;;;0.0;0.0;0.0;0.0;0.0;0;;;;;;;;;;0;0;0;0;0;0;0;0;0;;Câncer de Pele (Não Melanoma);13500576;-22.41139;-47.56139;Santana;Avenida 28;BrasilAPI;74;2021;397.59
350000;2021;12;9;46374500022597.0;3521103853322;1;13502852;354390;19730430;3;0;0;0;0;0;0;0;0;0;0;0;401020053;401020053;250.26;106.55;0.0;0.0;0.0;0.0;0.0;0.0;0.0;0.0;0.0;356.81;0.0;66.69;20211215;20211215;C448;0;12;0;1023;2;0;0;353870;4;48;0;0;10;;1;0;;0;0;0;;0;0;1;0;0;0;0;0;0;0;0;;6284582;46374500000194.0;;0;0;2;6;;0;3;0;12021;HE35000001N202112.DTS;;;0.0;0.0;0.0;0.0;0.0;0;;;;;;;;;;0;0;0;0;0;0;0;0;0;;Câncer de Pele (Não Melanoma);13502852;-22.41139;-47.56139;Jardim Brasília II;Avenida 16 BR;BrasilAPI;48;2021;356.81
350000;2021;12;9;46374500022597.0;3521103853333;1;13506010;354390;19580722;3;0;0;0;0;0;0;0;0;0;0;0;401020045;401020045;250.26;106.55;0.0;0.0;0.0;0.0;0.0;0.0;0.0;0.0;0.0;356.81;0.0;66.69;20211213;20211213;C448;0;12;0;1023;2;0;0;353870;4;63;0;0;10;;1;0;;0;0;0;;0;0;1;0;0;0;0;0;0;0;0;;6284582;46374500000194.0;;0;0;2;6;;0;1;0;12022;HE35000001N202112.DTS;;;0.0;0.0;0.0;0.0;0.0;0;;;;;;;;;;0;0;0;0;0;0;0;0;0;;Câncer de Pele (Não Melanoma);13506010;-22.41139;-47.56139;Jardim América;Rua 4 JA;BrasilAPI;63;2021;356.81
354390;2021;12;3;56384183000140.0;3521127391793;1;13506494;354390;19990217;3;0;0;0;0;0;0;0;0;0;0;5;304100021;304100021;302.3;65.14;0.0;0.0;0.0;0.0;0.0;0.0;0.0;0.0;0.0;367.44;0.0;68.68;20211212;20211217;C449;0;12;0;3999;1;0;0;354390;4;22;5;0;10;;2;0;;0;0;0;;0;0;1;0;0;0;0;0;0;0;0;;2082888;;;0;0;2;6;;0;1;0;1083;HM35439001N202112.DTS;;;0.0;0.0;0.0;0.0;0.0;0;R18;;;;;;;;;1;0;0;0;0;0;0;0;0;;Câncer de Pele (Não Melanoma);13506494;-22.41139;-47.56139;Vila Cristina;Rua 8 A.;BrasilAPI;22;2021;367.44
350000;2022;2;9;46374500022597.0;3522103644510;1;13506493;354390;19570811;3;0;0;0;0;0;0;0;0;0;0;0;401020053;401020053;250.26;106.55;0.0;0.0;0.0;0.0;0.0;0.0;0.0;0.0;0.0;356.81;0.0;75.43;20220207;20220207;C448;0;12;0;1023;2;0;0;353870;4;64;0;0;10;;1;0;;0;0;0;;0;0;1;0;0;0;0;0;0;0;0;;6284582;46374500000194.0;;0;0;2;6;;0;1;0;11443;HE35000001N202202.DTS;;;0.0;0.0;0.0;0.0;0.0;0;;;;;;;;;;0;0;0;0;0;0;0;0;0;;Câncer de Pele (Não Melanoma);13506493;-22.41139;-47.56139;Vila Cristina;Rua 7 A;BrasilAPI;64;2022;356.81
350000;2022;2;9;46374500022597.0;3522103645170;1;13504210;354390;19491001;3;0;0;0;0;0;0;0;0;0;0;0;401020053;401020053;250.26;106.55;0.0;0.0;0.0;0.0;0.0;0.0;0.0;0.0;0.0;356.81;0.0;75.43;20220215;20220215;C448;0;12;0;1023;2;0;0;353870;4;72;0;0;10;;1;0;;0;0;0;;0;0;1;0;0;0;0;0;0;0;0;;6284582;46374500000194.0;;0;0;2;6;;0;1;0;11487;HE35000001N202202.DTS;;;0.0;0.0;0.0;0.0;0.0;0;;;;;;;;;;0;0;0;0;0;0;0;0;0;;Câncer de Pele (Não Melanoma);13504210;-22.41139;-47.56139;Jardim Olinda;Avenida 62;BrasilAPI;72;2022;356.81
354390;2022;2;1;56384183000140.0;3522106341809;1;13506828;354390;19330713;3;0;0;0;0;0;0;0;0;0;1;1;416090133;416090133;3069.75;1032.8;0.0;0.0;0.0;0.0;0.0;0.0;0.0;0.0;0.0;4102.55;0.0;867.34;20220221;20220222;C448;0;12;0;3999;1;0;0;354390;4;88;1;0;10;;1;0;;0;0;0;;0;0;1;0;0;0;0;0;7;1;8291227888;;2082888;;;0;0;3;6;;0;3;0;184;HM35439001N202202.DTS;;;0.0;0.0;0.0;0.0;0.0;0;I10;E149;;;;;;;;1;1;0;0;0;0;0;0;0;;Câncer de Pele (Não Melanoma);13506828;-22.41139;-47.56139;Vila Paulista;Avenida P 19;BrasilAPI;88;2022;4102.55
354390;2022;2;1;56384183000140.0;3522106339356;1;13504075;354390;19420823;3;0;0;0;0;0;0;0;0;0;0;1;416080014;416080014;331.96;105.0;0.0;0.0;0.0;0.0;0.0;0.0;0.0;0.0;0.0;436.96;0.0;92.38;20220221;20220221;C448;0;12;0;3999;1;0;0;354390;4;79;0;0;10;;2;0;;0;0;0;;0;0;1;0;0;0;0;0;0;0;0;;2082888;;;0;0;3;6;;0;1;0;113;HM35439001N202202.DTS;;;0.0;0.0;0.0;0.0;0.0;0;I10;;;;;;;;;1;0;0;0;0;0;0;0;0;;Câncer de Pele (Não Melanoma);13504075;-22.41139;-47.56139;Jardim Portugal;Avenida 52 Particular;BrasilAPI;79;2022;436.96
350000;2022;1;9;46374500022597.0;3522103643201;1;13502761;354390;19690829;3;0;0;0;0;0;0;0;0;0;0;0;401020053;401020053;250.26;106.55;0.0;0.0;0.0;0.0;0.0;0.0;0.0;0.0;0.0;356.81;0.0;69.55;20220103;20220103;C448;0;12;0;1023;2;0;0;353870;4;52;0;0;10;;1;0;;0;0;0;;0;0;1;0;0;0;0;0;0;0;0;;6284582;46374500000194.0;;0;0;2;6;;0;1;0;12053;HE35000001N202201.DTS;;;0.0;0.0;0.0;0.0;0.0;0;;;;;;;;;;0;0;0;0;0;0;0;0;0;;Câncer de Pele (Não Melanoma);13502761;-22.41139;-47.56139;Jardim Novo;Rua 17 JN;BrasilAPI;52;2022;356.81
354390;2022;1;1;56384183000140.0;3522106333911;1;13503050;354390;19500228;3;0;0;0;0;0;0;0;0;0;4;4;416080014;416080014;363.96;105.0;0.0;0.0;0.0;0.0;0.0;0.0;0.0;0.0;0.0;468.96;0.0;91.41;20220117;20220121;C443;0;12;0;3999;1;0;0;354390;4;71;4;0;10;;1;0;;0;0;0;;0;0;1;0;0;0;0;0;0;0;0;;2082888;;;0;0;3;6;;0;1;0;616;HM35439001N202201.DTS;;;0.0;0.0;0.0;0.0;0.0;0;;;;;;;;;;0;0;0;0;0;0;0;0;0;;Câncer de Pele (Não Melanoma);13503050;-22.41139;-47.56139;Jardim São Paulo;Avenida 22;BrasilAPI;71;2022;468.96
354390;2022;4;1;56384183000140.0;3522111531202;1;13500310;354390;19310309;3;0;0;0;0;0;0;0;0;0;1;1;416080081;416080081;2525.48;963.9;0.0;0.0;0.0;0.0;0.0;0.0;0.0;0.0;0.0;3489.38;0.0;739.27;20220411;20220412;C448;0;12;0;3999;1;0;0;354390;4;91;1;0;10;;1;0;;0;0;0;;0;0;1;0;0;0;0;0;7;1;8291227888;;2082888;;;0;0;3;6;;0;1;0;653;HM35439001N202204.DTS;;;0.0;0.0;0.0;0.0;0.0;0;;;;;;;;;;0;0;0;0;0;0;0;0;0;;Câncer de Pele (Não Melanoma);13500310;-22.41139;-47.56139;Saúde;Avenida 19;BrasilAPI;91;2022;3489.38
350000;2022;5;9;46374500022597.0;3522103649724;1;13502852;354390;19730430;3;0;0;0;0;0;0;0;0;0;0;0;401020053;401020053;250.26;106.55;0.0;0.0;0.0;0.0;0.0;0.0;0.0;0.0;0.0;356.81;0.0;68.22;20220509;20220509;C448;0;12;0;1023;2;0;0;353870;4;49;0;0;10;;1;0;;0;0;0;;0;0;1;0;0;0;0;0;0;0;0;;6284582;46374500000194.0;;0;0;2;6;;0;3;0;33601;HE35000001N202205.DTS;;;0.0;0.0;0.0;0.0;0.0;0;;;;;;;;;;0;0;0;0;0;0;0;0;0;;Câncer de Pele (Não Melanoma);13502852;-22.41139;-47.56139;Jardim Brasília II;Avenida 16 BR;BrasilAPI;49;2022;356.81
354390;2022;5;1;56384183000140.0;3522111539056;1;13505229;354390;19440317;3;0;0;0;0;0;0;0;0;0;0;1;401020053;401020053;291.04;106.55;0.0;0.0;0.0;0.0;0.0;0.0;0.0;0.0;0.0;397.59;0.0;76.02;20220523;20220523;C448;0;12;0;3999;1;0;0;354390;4;78;0;0;10;;1;0;;0;0;0;;0;0;1;0;0;0;0;0;0;0;0;;2082888;;;0;0;2;6;;0;1;0;779;HM35439001N202205.DTS;;;0.0;0.0;0.0;0.0;0.0;0;;;;;;;;;;0;0;0;0;0;0;0;0;0;;Câncer de Pele (Não Melanoma);13505229;-22.41139;-47.56139;Jardim Dona Regina Picelli;Rua 4 RP;BrasilAPI;78;2022;397.59
350000;2022;6;9;46374500022597.0;3522103653464;1;13505060;354390;19591111;3;0;0;0;0;0;0;0;0;0;0;0;401020053;401020053;250.26;106.55;0.0;0.0;0.0;0.0;0.0;0.0;0.0;0.0;0.0;356.81;0.0;68.88;20220623;20220623;C448;0;12;0;1023;2;0;0;353870;4;62;0;0;10;;1;0;;0;0;0;;0;0;1;0;0;0;0;0;0;0;0;;6284582;46374500000194.0;;0;0;2;6;;0;1;0;13388;HE35000001N202206.DTS;;;0.0;0.0;0.0;0.0;0.0;0;;;;;;;;;;0;0;0;0;0;0;0;0;0;;Câncer de Pele (Não Melanoma);13505060;-22.41139;-47.56139;Jardim Floridiana;Rua M 3;BrasilAPI;62;2022;356.81
350000;2022;6;9;46374500022597.0;3522103653673;1;13502480;354390;19380103;3;0;0;0;0;0;0;0;0;0;0;0;401020053;401020053;250.26;106.55;0.0;0.0;0.0;0.0;0.0;0.0;0.0;0.0;0.0;356.81;0.0;68.88;20220627;20220627;C448;0;12;0;1023;2;0;0;353870;4;84;0;0;10;;1;0;;0;0;0;;0;0;1;0;0;0;0;0;0;0;0;;6284582;46374500000194.0;;0;0;2;6;;0;1;0;13409;HE35000001N202206.DTS;;;0.0;0.0;0.0;0.0;0.0;0;;;;;;;;;;0;0;0;0;0;0;0;0;0;;Câncer de Pele (Não Melanoma);13502480;-22.41139;-47.56139;Jardim Guanabara II;Avenida 11 JG;BrasilAPI;84;2022;356.81
354390;2022;6;1;56384183000140.0;3522117375898;1;13503290;354390;19500904;3;0;0;0;0;0;0;0;0;0;0;1;416080120;416080120;752.04;140.06;0.0;0.0;0.0;0.0;0.0;0.0;0.0;0.0;0.0;892.1;0.0;172.22;20220620;20220620;C448;0;12;0;3999;1;0;0;354390;4;71;0;0;10;;1;0;;0;0;0;;0;0;1;0;0;0;0;0;0;0;0;;2082888;;;0;0;3;6;;0;1;0;185;HM35439001N202206.DTS;;;0.0;0.0;0.0;0.0;0.0;0;R54;;;;;;;;;1;0;0;0;0;0;0;0;0;;Câncer de Pele (Não Melanoma);13503290;-22.41139;-47.56139;Consolação;Rua 18;BrasilAPI;71;2022;892.1
350000;2022;11;9;46374500022597.0;3522103664651;1;13503420;354390;19450616;3;0;0;0;0;0;0;0;0;0;0;0;401020045;401020045;250.26;106.55;0.0;0.0;0.0;0.0;0.0;0.0;0.0;0.0;0.0;356.81;0.0;68.48;20221128;20221128;C448;0;12;0;1023;2;0;0;353870;4;77;0;0;10;;1;0;;0;0;0;;0;0;1;0;0;0;0;0;0;0;0;;6284582;46374500000194.0;;0;0;2;6;;0;1;0;13954;HE35000001N202211.DTS;;;0.0;0.0;0.0;0.0;0.0;0;;;;;;;;;;0;0;0;0;0;0;0;0;0;;Câncer de Pele (Não Melanoma);13503420;-22.41139;-47.56139;Consolação;Avenida 17 - de 1488/1489 ao fim;BrasilAPI;77;2022;356.81
350000;2022;11;9;46374500022597.0;3522103664618;1;13505300;354390;19630205;3;0;0;0;0;0;0;0;0;0;0;0;401020053;401020053;250.26;106.55;0.0;0.0;0.0;0.0;0.0;0.0;0.0;0.0;0.0;356.81;0.0;68.48;20221128;20221128;C448;0;12;0;1023;2;0;0;353870;4;59;0;0;10;;1;0;;0;0;0;;0;0;1;0;0;0;0;0;0;0;0;;6284582;46374500000194.0;;0;0;2;6;;0;1;0;13950;HE35000001N202211.DTS;;;0.0;0.0;0.0;0.0;0.0;0;;;;;;;;;;0;0;0;0;0;0;0;0;0;;Câncer de Pele (Não Melanoma);13505300;-22.3830334;-47.5715026;Jardim Cherveson;Rua M 19;BrasilAPI;59;2022;356.81
350000;2022;11;9;46374500026584.0;3522103228875;1;13506516;354390;19590425;3;0;0;0;0;0;0;0;0;0;0;0;401020053;401020053;250.26;106.55;0.0;0.0;0.0;0.0;0.0;0.0;0.0;0.0;0.0;356.81;0.0;68.48;20221109;20221109;C449;0;12;0;1023;2;0;0;354580;4;63;0;0;10;;1;0;;0;0;0;;0;0;1;0;0;0;0;0;0;0;0;;6212581;46374500000194.0;;0;0;2;6;;0;1;0;5740;HE35000001N202211.DTS;;;0.0;0.0;0.0;0.0;0.0;0;;;;;;;;;;0;0;0;0;0;0;0;0;0;;Câncer de Pele (Não Melanoma);13506516;-22.41139;-47.56139;Jardim Bandeirante (COHAB);Rua 17 JB;BrasilAPI;63;2022;356.81
350000;2022;12;9;46374500022597.0;3522103665993;1;13505460;354390;19490823;3;0;0;0;0;0;0;0;0;0;0;0;401020053;401020053;250.26;106.55;0.0;0.0;0.0;0.0;0.0;0.0;0.0;0.0;0.0;356.81;0.0;70.1;20221216;20221216;C448;0;12;0;1023;2;0;0;353870;4;73;0;0;10;;1;0;;0;0;0;;0;0;1;0;0;0;0;0;0;0;0;;6284582;46374500000194.0;;0;0;2;6;;0;1;0;12702;HE35000001N202212.DTS;;;0.0;0.0;0.0;0.0;0.0;0;;;;;;;;;;0;0;0;0;0;0;0;0;0;;Câncer de Pele (Não Melanoma);13505460;-22.41139;-47.56139;Parque São Jorge;Rua 9;BrasilAPI;73;2022;356.81
354390;2022;12;1;56384183000140.0;3522131795743;1;13502700;354390;19700219;3;0;0;0;0;0;0;0;0;0;0;1;416080014;416080014;372.74;105.0;0.0;0.0;0.0;0.0;0.0;0.0;0.0;0.0;0.0;477.74;0.0;93.85;20221219;20221219;C444;0;12;0;3999;1;0;0;354390;4;52;0;0;10;;1;0;;0;0;0;;0;0;1;0;0;0;0;0;0;0;0;;2082888;;;0;0;3;6;;0;3;0;218;HM35439001N202212.DTS;;;0.0;0.0;0.0;0.0;0.0;0;E148;;;;;;;;;1;0;0;0;0;0;0;0;0;;Câncer de Pele (Não Melanoma);13502700;-22.41139;-47.56139;Jardim Novo II;Avenida 14 JN;BrasilAPI;52;2022;477.74
354390;2022;3;1;56384183000140.0;3522111528969;1;13503050;354390;19500228;3;0;0;0;0;0;0;0;0;0;1;1;415010012;415010012;516.44;451.11;0.0;0.0;0.0;0.0;0.0;0.0;0.0;0.0;0.0;967.55;0.0;197.05;20220322;20220323;C448;0;12;0;3999;1;0;0;354390;4;72;1;0;10;;1;0;;0;0;0;;0;0;1;0;0;0;0;0;0;0;0;;2082888;;;0;0;3;6;;0;1;0;878;HM35439001N202203.DTS;;;0.0;0.0;0.0;0.0;0.0;0;C009;C443;L989;;;;;;;1;1;1;0;0;0;0;0;0;;Câncer de Pele (Não Melanoma);13503050;-22.41139;-47.56139;Jardim São Paulo;Avenida 22;BrasilAPI;72;2022;967.55
350000;2022;9;9;46374500022597.0;3522103659536;1;13504093;354390;19460327;3;0;0;0;0;0;0;0;0;0;0;0;401020045;401020045;250.26;106.55;0.0;0.0;0.0;0.0;0.0;0.0;0.0;0.0;0.0;356.81;0.0;67.96;20220927;20220927;C448;0;12;0;1023;2;0;0;353870;4;76;0;0;10;;1;0;;0;0;0;;0;0;1;0;0;0;0;0;0;0;0;;6284582;46374500000194.0;;0;0;2;6;;0;1;0;14610;HE35000001N202209.DTS;;;0.0;0.0;0.0;0.0;0.0;0;;;;;;;;;;0;0;0;0;0;0;0;0;0;;Câncer de Pele (Não Melanoma);13504093;-22.41139;-47.56139;Vila Operária;Rua 5;BrasilAPI;76;2022;356.81
350000;2022;9;9;46374500022597.0;3522103659680;1;13506490;354390;19660501;3;0;0;0;0;0;0;0;0;0;0;0;401020053;401020053;250.26;106.55;0.0;0.0;0.0;0.0;0.0;0.0;0.0;0.0;0.0;356.81;0.0;67.96;20220927;20220927;C448;0;12;0;1023;2;0;0;353870;4;56;0;0;10;;1;0;;0;0;0;;0;0;1;0;0;0;0;0;0;0;0;;6284582;46374500000194.0;;0;0;2;6;;0;1;0;14625;HE35000001N202209.DTS;;;0.0;0.0;0.0;0.0;0.0;0;;;;;;;;;;0;0;0;0;0;0;0;0;0;;Câncer de Pele (Não Melanoma);13506490;-22.41139;-47.56139;Vila Cristina;Avenida 62 A;BrasilAPI;56;2022;356.81
354390;2022;9;1;56384183000140.0;3522122294295;1;13500500;354390;19540722;3;0;0;0;0;0;0;0;0;0;0;1;416090133;416090133;3061.75;1032.8;0.0;0.0;0.0;0.0;0.0;0.0;0.0;0.0;0.0;4094.55;0.0;779.91;20220919;20220919;C448;0;12;0;3999;1;0;0;354390;4;68;0;0;10;;1;0;;0;0;0;;0;0;1;0;0;0;0;0;7;1;8291227888;;2082888;;;0;0;3;6;;0;1;0;834;HM35439001N202209.DTS;;;0.0;0.0;0.0;0.0;0.0;0;C449;;;;;;;;;1;0;0;0;0;0;0;0;0;;Câncer de Pele (Não Melanoma);13500500;-22.41139;-47.56139;Centro;Avenida 20;BrasilAPI;68;2022;4094.55
350000;2022;10;9;46374500022597.0;3522103661219;1;13505060;354390;19591111;3;0;0;0;0;0;0;0;0;0;0;0;401020053;401020053;250.26;106.55;0.0;0.0;0.0;0.0;0.0;0.0;0.0;0.0;0.0;356.81;0.0;67.44;20221017;20221017;C448;0;12;0;1023;2;0;0;353870;4;62;0;0;10;;1;0;;0;0;0;;0;0;1;0;0;0;0;0;0;0;0;;6284582;46374500000194.0;;0;0;2;6;;0;1;0;12147;HE35000001N202210.DTS;;;0.0;0.0;0.0;0.0;0.0;0;;;;;;;;;;0;0;0;0;0;0;0;0;0;;Câncer de Pele (Não Melanoma);13505060;-22.41139;-47.56139;Jardim Floridiana;Rua M 3;BrasilAPI;62;2022;356.81
350000;2023;2;9;46374500022597.0;3523104711490;1;13503420;354390;19450616;3;0;0;0;0;0;0;0;0;0;0;0;401020053;401020053;250.26;106.55;0.0;0.0;0.0;0.0;0.0;0.0;0.0;0.0;0.0;356.81;0.0;70.37;20230227;20230227;C448;0;12;0;1023;2;0;0;353870;4;77;0;0;10;;1;0;;0;0;0;;0;0;1;0;0;0;0;0;0;0;0;;6284582;46374500000194.0;;0;0;2;6;;0;1;0;12424;HE35000001N202302.DTS;;;0.0;0.0;0.0;0.0;0.0;0;;;;;;;;;;0;0;0;0;0;0;0;0;0;;Câncer de Pele (Não Melanoma);13503420;-22.41139;-47.56139;Consolação;Avenida 17 - de 1488/1489 ao fim;BrasilAPI;77;2023;356.81
350000;2023;2;1;50753755000135.0;3523100209079;1;13500460;354390;19521231;3;0;0;0;0;0;0;0;0;0;0;1;416080014;416080014;390.19;126.0;0.0;0.0;0.0;0.0;0.0;0.0;0.0;0.0;0.0;516.19;0.0;101.81;20230203;20230203;C448;0;12;0;3069;2;0;0;352530;4;70;0;0;10;;1;0;;0;0;0;;0;0;1;0;0;0;0;0;0;0;0;;2083086;;;0;0;3;6;;0;1;0;90205;HE35000001N202302.DTS;;;0.0;0.0;0.0;0.0;0.0;0;;;;;;;;;;0;0;0;0;0;0;0;0;0;;Câncer de Pele (Não Melanoma);13500460;-22.41139;-47.56139;Zona Central;Avenida 12;BrasilAPI;70;2023;516.19
350000;2023;1;9;46374500022597.0;3523104708629;1;13505250;354390;19480618;3;0;0;0;0;0;0;0;0;0;0;0;401020053;401020053;250.26;106.55;0.0;0.0;0.0;0.0;0.0;0.0;0.0;0.0;0.0;356.81;0.0;68.61;20230109;20230109;C448;0;12;0;1023;2;0;0;353870;4;74;0;0;10;;1;0;;0;0;0;;0;0;1;0;0;0;0;0;0;0;0;;6284582;46374500000194.0;;0;0;2;6;;0;1;0;13105;HE35000001N202301.DTS;;;0.0;0.0;0.0;0.0;0.0;0;;;;;;;;;;0;0;0;0;0;0;0;0;0;;Câncer de Pele (Não Melanoma);13505250;-22.41139;-47.56139;Jardim Independência;Rua M 10;BrasilAPI;74;2023;356.81
350000;2023;1;9;46374500022597.0;3523104708651;1;13506806;354390;19551107;3;0;0;0;0;0;0;0;0;0;0;0;401020053;401020053;250.26;106.55;0.0;0.0;0.0;0.0;0.0;0.0;0.0;0.0;0.0;356.81;0.0;68.61;20230109;20230109;C448;0;12;0;1023;2;0;0;353870;4;67;0;0;10;;1;0;;0;0;0;;0;0;1;0;0;0;0;0;0;0;0;;6284582;46374500000194.0;;0;0;2;6;;0;1;0;13108;HE35000001N202301.DTS;;;0.0;0.0;0.0;0.0;0.0;0;;;;;;;;;;0;0;0;0;0;0;0;0;0;;Câncer de Pele (Não Melanoma);13506806;-22.41139;-47.56139;Cidade Nova;Rua 6 B;BrasilAPI;67;2023;356.81
350000;2023;12;9;46374500022597.0;3523124715792;1;13504710;354390;19541203;3;0;0;0;0;0;0;0;0;0;0;0;401020053;401020053;250.26;106.55;0.0;0.0;0.0;0.0;0.0;0.0;0.0;0.0;0.0;356.81;0.0;72.08;20231227;20231227;C448;0;12;0;1023;2;0;0;353870;4;69;0;0;10;;1;0;;0;0;0;;0;0;1;0;0;0;0;0;0;0;0;;6284582;46374500000194.0;;0;0;2;6;;0;1;0;13824;HE35000001N202312.DTS;;;0.0;0.0;0.0;0.0;0.0;0;;;;;;;;;;0;0;0;0;0;0;0;0;0;;Câncer de Pele (Não Melanoma);13504710;-22.41139;-47.56139;Jardim Santa Maria;Rua 14;BrasilAPI;69;2023;356.81
354390;2023;12;1;56384183000140.0;3523127848141;1;13505250;354390;19550420;3;0;0;0;0;0;0;0;0;0;0;1;416080014;416080014;331.96;105.0;0.0;0.0;0.0;0.0;0.0;0.0;0.0;0.0;0.0;436.96;0.0;88.27;20231201;20231201;C441;0;12;0;3999;1;0;0;354390;4;68;0;0;10;;2;0;;0;0;0;;0;0;1;0;0;0;0;0;0;0;0;;2082888;;;0;0;3;6;;0;1;0;44;HM35439001N202312.DTS;;;0.0;0.0;0.0;0.0;0.0;0;C443;I10;E149;;;;;;;1;1;1;0;0;0;0;0;0;;Câncer de Pele (Não Melanoma);13505250;-22.41139;-47.56139;Jardim Independência;Rua M 10;BrasilAPI;68;2023;436.96
354390;2023;12;1;56384183000140.0;3523127848174;1;13502744;354390;19850528;3;0;0;0;0;0;0;0;0;0;0;1;416080081;416080081;2435.92;963.9;0.0;0.0;0.0;0.0;0.0;0.0;0.0;0.0;0.0;3399.82;0.0;686.83;20231201;20231201;C443;0;12;0;3999;1;0;0;354390;4;38;0;0;10;;1;0;;0;0;0;;0;0;1;0;0;0;0;0;7;1;8291227888;;2082888;;;0;0;3;6;;0;3;0;45;HM35439001N202312.DTS;;;0.0;0.0;0.0;0.0;0.0;0;;;;;;;;;;0;0;0;0;0;0;0;0;0;;Câncer de Pele (Não Melanoma);13502744;-22.41139;-47.56139;Jardim Novo;Rua 4 JN;BrasilAPI;38;2023;3399.82
354390;2023;12;1;56384183000140.0;3523130833662;1;13504120;354390;19540201;3;0;0;0;0;0;0;0;0;0;0;1;416080120;416080120;466.58;140.06;0.0;0.0;0.0;0.0;0.0;0.0;0.0;0.0;0.0;606.64;0.0;122.55;20231218;20231218;C448;0;12;0;3999;1;0;0;354390;4;69;0;0;10;;1;0;;0;0;0;;0;0;1;0;0;0;0;0;0;0;0;;2082888;;;0;0;3;6;;0;1;0;101;HM35439001N202312.DTS;;;0.0;0.0;0.0;0.0;0.0;0;;;;;;;;;;0;0;0;0;0;0;0;0;0;;Câncer de Pele (Não Melanoma);13504120;-22.41139;-47.56139;Vila Operária;Avenida 36;BrasilAPI;69;2023;606.64
350000;2023;11;9;46374500022597.0;3523124712305;1;13502140;354390;19660306;3;0;0;0;0;0;0;0;0;0;0;0;401020053;401020053;250.26;106.55;0.0;0.0;0.0;0.0;0.0;0.0;0.0;0.0;0.0;356.81;0.0;73.72;20231113;20231113;C448;0;12;0;1023;2;0;0;353870;4;57;0;0;10;;1;0;;0;0;0;;0;0;1;0;0;0;0;0;0;0;0;;6284582;46374500000194.0;;0;0;2;6;;0;1;0;13352;HE35000001N202311.DTS;;;0.0;0.0;0.0;0.0;0.0;0;;;;;;;;;;0;0;0;0;0;0;0;0;0;;Câncer de Pele (Não Melanoma);13502140;-22.41139;-47.56139;Jardim Residencial das Palmeiras;Rua 9 JP;BrasilAPI;57;2023;356.81
354390;2023;11;1;56384183000140.0;3523127845534;1;13506056;354390;19520313;3;0;0;0;0;0;0;0;0;0;0;1;416080014;416080014;331.96;105.0;0.0;0.0;0.0;0.0;0.0;0.0;0.0;0.0;0.0;436.96;0.0;90.28;20231124;20231124;C443;0;12;0;3999;1;0;0;354390;4;71;0;0;10;;2;0;;0;0;0;;0;0;1;0;0;0;0;0;0;0;0;;2082888;;;0;0;3;6;;0;1;0;823;HM35439001N202311.DTS;;;0.0;0.0;0.0;0.0;0.0;0;W999;;;;;;;;;1;0;0;0;0;0;0;0;0;;Câncer de Pele (Não Melanoma);13506056;-22.41139;-47.56139;Jardim América;Avenida 62 A;BrasilAPI;71;2023;436.96
354390;2023;11;3;56384183000140.0;3523127843631;1;13505090;354390;19430102;3;0;0;0;0;0;0;0;0;0;0;1;301060088;301060088;33.34;10.88;0.0;0.0;0.0;0.0;0.0;0.0;0.0;0.0;0.0;44.22;0.0;9.13;20231118;20231118;C448;0;12;0;3999;1;0;0;354390;4;80;0;0;10;;2;0;;0;0;0;;0;0;1;0;0;0;0;0;0;0;0;;2082888;;;0;0;2;6;;0;1;0;1102;HM35439001N202311.DTS;;;0.0;0.0;0.0;0.0;0.0;0;I10;E148;;;;;;;;1;1;0;0;0;0;0;0;0;;Câncer de Pele (Não Melanoma);13505090;-22.41139;-47.56139;Jardim Floridiana;Rua M 6;BrasilAPI;80;2023;44.22
350000;2023;9;9;46374500022597.0;3523104725371;1;13504475;354390;19651226;3;0;0;0;0;0;0;0;0;0;0;0;401020045;401020045;250.26;106.55;0.0;0.0;0.0;0.0;0.0;0.0;0.0;0.0;0.0;356.81;0.0;70.65;20230904;20230904;C448;0;12;0;1023;2;0;0;353870;4;57;0;0;10;;1;0;;0;0;0;;0;0;1;0;0;0;0;0;0;0;0;;6284582;46374500000194.0;;0;0;2;6;;0;2;0;12073;HE35000001N202309.DTS;;;0.0;0.0;0.0;0.0;0.0;0;;;;;;;;;;0;0;0;0;0;0;0;0;0;;Câncer de Pele (Não Melanoma);13504475;-22.41139;-47.56139;Recanto Paraíso;Avenida 68;BrasilAPI;57;2023;356.81
350000;2023;9;9;46374500022597.0;3523104725822;1;13505491;354390;19560507;3;0;0;0;0;0;0;0;0;0;0;0;401020045;401020045;250.26;106.55;0.0;0.0;0.0;0.0;0.0;0.0;0.0;0.0;0.0;356.81;0.0;70.65;20230918;20230918;C448;0;12;0;1023;2;0;0;353870;4;67;0;0;10;;1;0;;0;0;0;;0;0;1;0;0;0;0;0;0;0;0;;6284582;46374500000194.0;;0;0;2;6;;0;1;0;12118;HE35000001N202309.DTS;;;0.0;0.0;0.0;0.0;0.0;0;;;;;;;;;;0;0;0;0;0;0;0;0;0;;Câncer de Pele (Não Melanoma);13505491;-22.41139;-47.56139;Jardim Residencial São José;Avenida M 45;BrasilAPI;67;2023;356.81
350000;2023;7;9;46374500026584.0;3523103371139;1;13504230;354390;19750303;3;0;0;0;0;0;0;0;0;0;0;0;401020053;401020053;331.82;106.55;0.0;0.0;0.0;0.0;0.0;0.0;0.0;0.0;0.0;438.37;0.0;89.09;20230719;20230719;C449;0;12;0;1023;2;0;0;354580;4;48;0;0;10;;1;0;;0;0;0;;0;0;1;0;0;0;0;0;0;0;0;;6212581;46374500000194.0;;0;0;2;6;;0;3;0;8273;HE35000001N202307.DTS;;;0.0;0.0;0.0;0.0;0.0;0;;;;;;;;;;0;0;0;0;0;0;0;0;0;;Câncer de Pele (Não Melanoma);13504230;-22.41139;-47.56139;Jardim Azul;Rua 5 JZ;BrasilAPI;48;2023;438.37
350000;2023;7;9;46374500026584.0;3523103402841;1;13502744;354390;19670212;3;0;0;0;0;0;0;0;0;0;0;0;401020053;401020053;291.04;106.55;0.0;0.0;0.0;0.0;0.0;0.0;0.0;0.0;0.0;397.59;0.0;80.81;20230731;20230731;C449;0;12;0;1023;2;0;0;354580;4;56;0;0;10;;1;0;;0;0;0;;0;0;1;0;0;0;0;0;0;0;0;;6212581;46374500000194.0;;0;0;2;6;;0;3;0;8344;HE35000001N202307.DTS;;;0.0;0.0;0.0;0.0;0.0;0;;;;;;;;;;0;0;0;0;0;0;0;0;0;;Câncer de Pele (Não Melanoma);13502744;-22.41139;-47.56139;Jardim Novo;Rua 4 JN;BrasilAPI;56;2023;397.59
350000;2023;7;9;46374500026584.0;3523103402930;1;13506873;354390;19740516;3;0;0;0;0;0;0;0;0;0;0;0;401020053;401020053;291.04;106.55;0.0;0.0;0.0;0.0;0.0;0.0;0.0;0.0;0.0;397.59;0.0;80.81;20230726;20230726;C449;0;12;0;1023;2;0;0;354580;4;49;0;0;10;;1;0;;0;0;0;;0;0;1;0;0;0;0;0;0;0;0;;6212581;46374500000194.0;;0;0;2;6;;0;1;0;8348;HE35000001N202307.DTS;;;0.0;0.0;0.0;0.0;0.0;0;;;;;;;;;;0;0;0;0;0;0;0;0;0;;Câncer de Pele (Não Melanoma);13506873;-22.41139;-47.56139;Jardim Conduta;Rua P 3A;BrasilAPI;49;2023;397.59
350000;2023;7;9;46374500026584.0;3523103402951;1;13504693;354390;19530404;3;0;0;0;0;0;0;0;0;0;0;0;401020053;401020053;291.04;106.55;0.0;0.0;0.0;0.0;0.0;0.0;0.0;0.0;0.0;397.59;0.0;80.81;20230731;20230731;C449;0;12;0;1023;2;0;0;354580;4;70;0;0;10;;1;0;;0;0;0;;0;0;1;0;0;0;0;0;0;0;0;;6212581;46374500000194.0;;0;0;2;6;;0;1;0;8349;HE35000001N202307.DTS;;;0.0;0.0;0.0;0.0;0.0;0;;;;;;;;;;0;0;0;0;0;0;0;0;0;;Câncer de Pele (Não Melanoma);13504693;-22.41139;-47.56139;Jardim Boa Vista;Avenida 104 BV;BrasilAPI;70;2023;397.59
350000;2023;7;9;46374500022597.0;3523104720861;1;13504505;354390;19551225;3;0;0;0;0;0;0;0;0;0;0;0;401020053;401020053;250.26;106.55;0.0;0.0;0.0;0.0;0.0;0.0;0.0;0.0;0.0;356.81;0.0;72.52;20230710;20230710;C448;0;12;0;1023;2;0;0;353870;4;67;0;0;10;;1;0;;0;0;0;;0;0;1;0;0;0;0;0;0;0;0;;6284582;46374500000194.0;;0;0;2;6;;0;1;0;15286;HE35000001N202307.DTS;;;0.0;0.0;0.0;0.0;0.0;0;;;;;;;;;;0;0;0;0;0;0;0;0;0;;Câncer de Pele (Não Melanoma);13504505;-22.41139;-47.56139;Jardim Matheus Maniero;Avenida Saburo Akamine;BrasilAPI;67;2023;356.81
354390;2023;7;1;56384183000140.0;3523119584875;1;13502580;354390;19570223;3;0;0;0;0;0;0;0;0;0;0;1;416080120;416080120;425.8;140.06;0.0;0.0;0.0;0.0;0.0;0.0;0.0;0.0;0.0;565.86;0.0;115.01;20230707;20230707;C443;0;12;0;3999;1;0;0;354390;4;66;0;0;10;;1;0;;0;0;0;;0;0;1;0;0;0;0;0;0;0;0;;2082888;;;0;0;3;6;;0;1;0;841;HM35439001N202307.DTS;;;0.0;0.0;0.0;0.0;0.0;0;;;;;;;;;;0;0;0;0;0;0;0;0;0;;Câncer de Pele (Não Melanoma);13502580;-22.41139;-47.56139;Jardim Novo II;Rua 4 JN;BrasilAPI;66;2023;565.86
350000;2023;5;9;46374500022597.0;3523104716758;1;13504710;354390;19541203;3;0;0;0;0;0;0;0;0;0;0;0;401020053;401020053;250.26;106.55;0.0;0.0;0.0;0.0;0.0;0.0;0.0;0.0;0.0;356.81;0.0;74.18;20230524;20230524;C448;0;12;0;1023;2;0;0;353870;4;68;0;0;10;;1;0;;0;0;0;;0;0;1;0;0;0;0;0;0;0;0;;6284582;46374500000194.0;;0;0;2;6;;0;1;0;14350;HE35000001N202305.DTS;;;0.0;0.0;0.0;0.0;0.0;0;;;;;;;;;;0;0;0;0;0;0;0;0;0;;Câncer de Pele (Não Melanoma);13504710;-22.41139;-47.56139;Jardim Santa Maria;Rua 14;BrasilAPI;68;2023;356.81
350000;2023;5;9;46374500022597.0;3523104716428;1;13502150;354390;19271121;3;0;0;0;0;0;0;0;0;0;0;0;401020053;401020053;250.26;106.55;0.0;0.0;0.0;0.0;0.0;0.0;0.0;0.0;0.0;356.81;0.0;74.18;20230510;20230510;C448;0;12;0;1023;2;0;0;353870;4;95;0;0;10;;1;0;;0;0;0;;0;0;1;0;0;0;0;0;0;0;0;;6284582;46374500000194.0;;0;0;2;6;;0;1;0;14317;HE35000001N202305.DTS;;;0.0;0.0;0.0;0.0;0.0;0;;;;;;;;;;0;0;0;0;0;0;0;0;0;;Câncer de Pele (Não Melanoma);13502150;-22.41139;-47.56139;Jardim Residencial das Palmeiras;Rua 10 JP;BrasilAPI;95;2023;356.81
350000;2023;5;9;46374500022597.0;3523104717286;1;13504450;354390;19630528;3;0;0;0;0;0;0;0;0;0;0;0;401020053;401020053;250.26;106.55;0.0;0.0;0.0;0.0;0.0;0.0;0.0;0.0;0.0;356.81;0.0;74.18;20230530;20230530;C448;0;12;0;1023;2;0;0;353870;4;60;0;0;10;;1;0;;0;0;0;;0;0;1;0;0;0;0;0;0;0;0;;6284582;46374500000194.0;;0;0;2;6;;0;1;0;14403;HE35000001N202305.DTS;;;0.0;0.0;0.0;0.0;0.0;0;;;;;;;;;;0;0;0;0;0;0;0;0;0;;Câncer de Pele (Não Melanoma);13504450;-22.41139;-47.56139;Parque Universitário;Avenida 62;BrasilAPI;60;2023;356.81
350000;2023;5;9;46374500022597.0;3523104717187;1;13504252;354390;19360808;3;0;0;0;0;0;0;0;0;0;0;0;401020053;401020053;250.26;106.55;0.0;0.0;0.0;0.0;0.0;0.0;0.0;0.0;0.0;356.81;0.0;74.18;20230517;20230517;C448;0;12;0;1023;2;0;0;353870;4;86;0;0;10;;1;0;;0;0;0;;0;0;1;0;0;0;0;0;0;0;0;;6284582;46374500000194.0;;0;0;2;6;;0;1;0;14393;HE35000001N202305.DTS;;;0.0;0.0;0.0;0.0;0.0;0;;;;;;;;;;0;0;0;0;0;0;0;0;0;;Câncer de Pele (Não Melanoma);13504252;-22.41139;-47.56139;Jardim Bela Vista;Avenida 30;BrasilAPI;86;2023;356.81
354390;2023;5;1;56384183000140.0;3523114090771;1;13505229;354390;19440317;3;0;0;0;0;0;0;0;0;0;0;1;416080120;416080120;507.36;140.06;0.0;0.0;0.0;0.0;0.0;0.0;0.0;0.0;0.0;647.42;0.0;134.59;20230512;20230512;C443;0;12;0;3999;1;0;0;354390;4;79;0;0;10;;1;0;;0;0;0;;0;0;1;0;0;0;0;0;0;0;0;;2082888;;;0;0;3;6;;0;1;0;55;HM35439001N202305.DTS;;;0.0;0.0;0.0;0.0;0.0;0;I10;E148;;;;;;;;1;1;0;0;0;0;0;0;0;;Câncer de Pele (Não Melanoma);13505229;-22.41139;-47.56139;Jardim Dona Regina Picelli;Rua 4 RP;BrasilAPI;79;2023;647.42
354390;2023;5;1;56384183000140.0;3523115864796;1;13501150;354390;19320430;3;0;0;0;0;0;0;0;0;0;0;1;416080081;416080081;2435.92;963.9;0.0;0.0;0.0;0.0;0.0;0.0;0.0;0.0;0.0;3399.82;0.0;706.82;20230519;20230519;C443;0;12;0;3999;1;0;0;354390;4;91;0;0;10;;1;0;;0;0;0;;0;0;1;0;0;0;0;0;7;1;8291227888;;2082888;;;0;0;3;6;;0;1;0;144;HM35439001N202305.DTS;;;0.0;0.0;0.0;0.0;0.0;0;G309;I10;;;;;;;;1;1;0;0;0;0;0;0;0;;Câncer de Pele (Não Melanoma);13501150;-22.4222588;-47.5525649;Vila Santo Antônio;Avenida 33;BrasilAPI;91;2023;3399.82
350000;2023;6;9;46374500022597.0;3523104718859;1;13508638;354390;19651207;3;0;0;0;0;0;0;0;0;0;0;0;401020053;401020053;250.26;106.55;0.0;0.0;0.0;0.0;0.0;0.0;0.0;0.0;0.0;356.81;0.0;75.27;20230619;20230619;C448;0;12;0;1023;2;0;0;353870;4;57;0;0;10;;1;0;;0;0;0;;0;0;1;0;0;0;0;0;0;0;0;;6284582;46374500000194.0;;0;0;2;6;;0;1;0;58086;HE35000001N202306.DTS;;;0.0;0.0;0.0;0.0;0.0;0;;;;;;;;;;0;0;0;0;0;0;0;0;0;;Câncer de Pele (Não Melanoma);13508638;-22.41139;-47.56139;Jardim Terras de Ajapi (Ajapi);Rua 6A JTA;BrasilAPI;57;2023;356.81
350000;2023;6;9;46374500026584.0;3523103344981;1;13504092;354390;19651202;3;0;0;0;0;0;0;0;0;0;0;0;401020053;401020053;413.38;106.55;0.0;0.0;0.0;0.0;0.0;0.0;0.0;0.0;0.0;519.93;0.0;109.68;20230621;20230621;C449;0;12;0;1023;2;0;0;354580;4;57;0;0;10;;1;0;;0;0;0;;0;0;1;0;0;0;0;0;0;0;0;;6212581;46374500000194.0;;0;0;2;6;;0;1;0;8433;HE35000001N202306.DTS;;;0.0;0.0;0.0;0.0;0.0;0;;;;;;;;;;0;0;0;0;0;0;0;0;0;;Câncer de Pele (Não Melanoma);13504092;-22.41139;-47.56139;Vila Operária;Rua 4;BrasilAPI;57;2023;519.93
350000;2023;3;9;46374500022597.0;3523104711951;1;13506170;354390;19421011;3;0;0;0;0;0;0;0;0;0;0;0;401020045;401020045;250.26;106.55;0.0;0.0;0.0;0.0;0.0;0.0;0.0;0.0;0.0;356.81;0.0;71.36;20230306;20230306;C448;0;12;0;1023;2;0;0;353870;4;80;0;0;10;;1;0;;0;0;0;;0;0;1;0;0;0;0;0;0;0;0;;6284582;46374500000194.0;;0;0;2;6;;0;1;0;14112;HE35000001N202303.DTS;;;0.0;0.0;0.0;0.0;0.0;0;;;;;;;;;;0;0;0;0;0;0;0;0;0;;Câncer de Pele (Não Melanoma);13506170;-22.41139;-47.56139;Parque Mãe Preta;Avenida 2 MP;BrasilAPI;80;2023;356.81
350000;2023;3;9;46374500022597.0;3523104713051;1;13505221;354390;19651124;3;0;0;0;0;0;0;0;0;0;0;0;401020045;401020045;250.26;106.55;0.0;0.0;0.0;0.0;0.0;0.0;0.0;0.0;0.0;356.81;0.0;71.36;20230327;20230327;C448;0;12;0;1023;2;0;0;353870;4;57;0;0;10;;1;0;;0;0;0;;0;0;1;0;0;0;0;0;0;0;0;;6284582;46374500000194.0;;0;0;2;6;;0;1;0;14202;HE35000001N202303.DTS;;;0.0;0.0;0.0;0.0;0.0;0;;;;;;;;;;0;0;0;0;0;0;0;0;0;;Câncer de Pele (Não Melanoma);13505221;-22.3686926;-47.570375;Jardim Dona Regina Picelli;Avenida 4 RP;BrasilAPI;57;2023;356.81
350000;2023;3;9;46374500022597.0;3523104712963;1;13504692;354390;19600408;3;0;0;0;0;0;0;0;0;0;0;0;401020045;401020045;250.26;106.55;0.0;0.0;0.0;0.0;0.0;0.0;0.0;0.0;0.0;356.81;0.0;71.36;20230327;20230327;C448;0;12;0;1023;2;0;0;353870;4;62;0;0;10;;1;0;;0;0;0;;0;0;1;0;0;0;0;0;0;0;0;;6284582;46374500000194.0;;0;0;2;6;;0;1;0;14193;HE35000001N202303.DTS;;;0.0;0.0;0.0;0.0;0.0;0;;;;;;;;;;0;0;0;0;0;0;0;0;0;;Câncer de Pele (Não Melanoma);13504692;-22.41139;-47.56139;Jardim Boa Vista;Avenida 102 BV;BrasilAPI;62;2023;356.81
350000;2023;3;9;46374500026584.0;3523103257212;1;13504200;354390;19890526;3;0;0;0;0;0;0;0;0;0;0;0;401020053;401020053;291.04;106.55;0.0;0.0;0.0;0.0;0.0;0.0;0.0;0.0;0.0;397.59;0.0;79.51;20230320;20230320;C449;0;12;0;1023;2;0;0;354580;4;33;0;0;10;;1;0;;0;0;0;;0;0;1;0;0;0;0;0;0;0;0;;6212581;46374500000194.0;;0;0;2;6;;0;3;0;5577;HE35000001N202303.DTS;;;0.0;0.0;0.0;0.0;0.0;0;;;;;;;;;;0;0;0;0;0;0;0;0;0;;Câncer de Pele (Não Melanoma);13504200;-22.41139;-47.56139;Jardim Olinda;Avenida 58;BrasilAPI;33;2023;397.59
350000;2023;8;9;46374500026584.0;3523103417911;1;13504659;354390;19740308;3;0;0;0;0;0;0;0;0;0;0;0;401020053;401020053;291.04;106.55;0.0;0.0;0.0;0.0;0.0;0.0;0.0;0.0;0.0;397.59;0.0;79.51;20230810;20230810;C449;0;12;0;1023;2;0;0;354580;4;49;0;0;10;;1;0;;0;0;0;;0;0;1;0;0;0;0;0;0;0;0;;6212581;46374500000194.0;;0;0;2;6;;0;1;0;12242;HE35000001N202308.DTS;;;0.0;0.0;0.0;0.0;0.0;0;;;;;;;;;;0;0;0;0;0;0;0;0;0;;Câncer de Pele (Não Melanoma);13504659;-22.3877696;-47.591486;Jardim Panorama;Rua 26 PA;BrasilAPI;49;2023;397.59
350000;2023;8;9;46374500022597.0;3523104723996;1;13506175;354390;19600109;3;0;0;0;0;0;0;0;0;0;0;0;401020053;401020053;250.26;106.55;0.0;0.0;0.0;0.0;0.0;0.0;0.0;0.0;0.0;356.81;0.0;71.36;20230821;20230821;C448;0;12;0;1023;2;0;0;353870;4;63;0;0;10;;1;0;;0;0;0;;0;0;1;0;0;0;0;0;0;0;0;;6284582;46374500000194.0;;0;0;2;6;;0;1;0;15024;HE35000001N202308.DTS;;;0.0;0.0;0.0;0.0;0.0;0;;;;;;;;;;0;0;0;0;0;0;0;0;0;;Câncer de Pele (Não Melanoma);13506175;-22.41139;-47.56139;Parque Mãe Preta;Rua 5 MP;BrasilAPI;63;2023;356.81
350000;2023;8;9;46374500026584.0;3523103411399;1;13504083;354390;19830619;3;0;0;0;0;0;0;0;0;0;0;0;401020053;401020053;372.6;106.55;0.0;0.0;0.0;0.0;0.0;0.0;0.0;0.0;0.0;479.15;0.0;95.83;20230816;20230816;C449;0;12;0;1023;2;0;0;354580;4;40;0;0;10;;1;0;;0;0;0;;0;0;1;0;0;0;0;0;0;0;0;;6212581;46374500000194.0;;0;0;2;6;;0;1;0;12087;HE35000001N202308.DTS;;;0.0;0.0;0.0;0.0;0.0;0;;;;;;;;;;0;0;0;0;0;0;0;0;0;;Câncer de Pele (Não Melanoma);13504083;-22.41139;-47.56139;Jardim Alfredo Karan;Avenida 56;BrasilAPI;40;2023;479.15
350000;2023;8;9;46374500026584.0;3523103417834;1;13502100;354390;20010114;3;0;0;0;0;0;0;0;0;0;0;0;401020053;401020053;250.26;106.55;0.0;0.0;0.0;0.0;0.0;0.0;0.0;0.0;0.0;356.81;0.0;71.36;20230803;20230803;C449;0;12;0;1023;2;0;0;354580;4;22;0;0;10;;1;0;;0;0;0;;0;0;1;0;0;0;0;0;0;0;0;;6212581;46374500000194.0;;0;0;2;6;;0;3;0;12234;HE35000001N202308.DTS;;;0.0;0.0;0.0;0.0;0.0;0;;;;;;;;;;0;0;0;0;0;0;0;0;0;;Câncer de Pele (Não Melanoma);13502100;-22.41139;-47.56139;Jardim Residencial das Palmeiras;Avenida dos Costas;BrasilAPI;22;2023;356.81
354390;2023;8;1;56384183000140.0;3523119593070;1;13504363;354390;19711107;3;0;0;0;0;0;0;0;0;0;0;1;416080081;416080081;2435.92;963.9;0.0;0.0;0.0;0.0;0.0;0.0;0.0;0.0;0.0;3399.82;0.0;679.96;20230818;20230818;C443;0;12;0;3999;1;0;0;354390;4;51;0;0;10;;1;0;;0;0;0;;0;0;1;0;0;0;0;0;7;1;8291227888;;2082888;;;0;0;3;6;;0;1;0;816;HM35439001N202308.DTS;;;0.0;0.0;0.0;0.0;0.0;0;;;;;;;;;;0;0;0;0;0;0;0;0;0;;Câncer de Pele (Não Melanoma);13504363;-22.41139;-47.56139;Parque Universitário;Rua 19;BrasilAPI;51;2023;3399.82
350000;2024;1;1;50753755000135.0;3524100439123;1;13506838;354390;19410412;3;0;0;0;0;0;0;0;0;0;0;1;416080120;416080120;633.3;168.07;0.0;0.0;0.0;0.0;0.0;0.0;0.0;0.0;0.0;801.37;0.0;161.89;20240129;20240129;C448;0;12;0;3069;2;0;0;352530;4;82;0;0;10;;1;0;;0;0;0;;0;0;1;0;0;0;0;0;0;0;0;;2083086;;;0;0;3;6;;0;1;0;101199;HE35000001N202401.DTS;;;0.0;0.0;0.0;0.0;0.0;0;;;;;;;;;;0;0;0;0;0;0;0;0;0;;Câncer de Pele (Não Melanoma);13506838;-22.41139;-47.56139;Vila Paulista;Avenida P 39;BrasilAPI;82;2024;801.37
350000;2024;1;1;;3523103150204;1;13504624;354390;19720401;3;0;0;0;0;0;0;0;0;0;0;1;415010012;415010012;387.61;217.67;0.0;0.0;0.0;0.0;0.0;0.0;0.0;0.0;0.0;605.28;0.0;122.27;20231222;20231222;C441;0;12;0;1112;2;0;0;350950;4;51;0;0;10;;1;0;;0;0;0;;0;0;1;0;0;0;0;0;0;0;0;;2079798;46068425000133.0;;0;0;2;6;;7102;1;0;9335;HE35000001N202401.DTS;;;0.0;0.0;0.0;0.0;0.0;0;;;;;;;;;;0;0;0;0;0;0;0;0;0;;Câncer de Pele (Não Melanoma);13504624;-22.41139;-47.56139;Jardim Residencial Santa Eliza;Avenida 52 SE;BrasilAPI;51;2023;605.28
350000;2024;1;9;46374500026584.0;3524103022870;1;13506873;354390;19740516;3;0;0;0;0;0;0;0;0;0;0;0;401020053;401020053;250.26;106.55;0.0;0.0;0.0;0.0;0.0;0.0;0.0;0.0;0.0;356.81;0.0;72.08;20240117;20240117;C449;0;12;0;1023;2;0;0;354580;4;49;0;0;10;;1;0;;0;0;0;;0;0;1;0;0;0;0;0;0;0;0;;6212581;46374500000194.0;;0;0;2;6;;0;1;0;5200;HE35000001N202401.DTS;;;0.0;0.0;0.0;0.0;0.0;0;;;;;;;;;;0;0;0;0;0;0;0;0;0;;Câncer de Pele (Não Melanoma);13506873;-22.41139;-47.56139;Jardim Conduta;Rua P 3A;BrasilAPI;49;2024;356.81
350000;2024;11;1;50753755000135.0;3524125106865;1;13506838;354390;19410412;3;0;0;0;0;0;0;0;0;0;0;1;416080120;416080120;714.86;168.07;0.0;0.0;0.0;0.0;0.0;0.0;0.0;0.0;0.0;882.93;0.0;142.63;20241028;20241028;C448;0;12;0;3069;2;0;0;352530;4;83;0;0;10;;1;0;;0;0;0;;0;0;1;0;0;0;0;0;0;0;0;;2083086;;;0;0;3;6;;0;1;0;44601;HE35000001N202411.DTS;;;0.0;0.0;0.0;0.0;0.0;0;;;;;;;;;;0;0;0;0;0;0;0;0;0;;Câncer de Pele (Não Melanoma);13506838;-22.41139;-47.56139;Vila Paulista;Avenida P 39;BrasilAPI;83;2024;882.93
354390;2024;11;1;56384183000140.0;3524128072553;1;13504091;354390;19620322;3;0;0;0;0;0;0;0;0;0;0;1;416080014;416080014;331.96;105.0;0.0;0.0;0.0;0.0;0.0;0.0;0.0;0.0;0.0;436.96;0.0;70.59;20241122;20241122;C446;0;12;0;3999;1;0;0;354390;4;62;0;0;10;;2;0;;0;0;0;;0;0;1;0;0;0;0;0;0;0;0;;2082888;;;0;0;3;6;;0;1;0;168;HM35439001N202411.DTS;;;0.0;0.0;0.0;0.0;0.0;0;W999;I10;E148;;;;;;;1;1;1;0;0;0;0;0;0;;Câncer de Pele (Não Melanoma);13504091;-22.41139;-47.56139;Vila Operária;Rua 3;BrasilAPI;62;2024;436.96
354390;2024;11;1;56384183000140.0;3524128068923;1;13506661;354390;19971113;3;0;0;0;0;0;0;0;0;0;0;1;416080030;416080030;331.96;105.0;0.0;0.0;0.0;0.0;0.0;0.0;0.0;0.0;0.0;436.96;0.0;70.59;20241108;20241108;C443;0;12;0;3999;1;0;0;354390;4;26;0;0;10;;1;0;;0;0;0;;0;0;1;0;0;0;0;0;0;0;0;;2082888;;;0;0;3;6;;0;1;0;65;HM35439001N202411.DTS;;;0.0;0.0;0.0;0.0;0.0;0;W999;;;;;;;;;1;0;0;0;0;0;0;0;0;;Câncer de Pele (Não Melanoma);13506661;-22.41139;-47.56139;Vila Alemã;Rua 4 A;BrasilAPI;26;2024;436.96
350000;2024;9;9;46374500022597.0;3524103662552;1;13504364;354390;19580607;3;0;0;0;0;0;0;0;0;0;0;0;401020053;401020053;250.26;106.55;0.0;0.0;0.0;0.0;0.0;0.0;0.0;0.0;0.0;356.81;0.0;61.83;20240911;20240911;C448;0;12;0;1023;2;0;0;353870;4;66;0;0;10;;1;0;;0;0;0;;0;0;1;0;0;0;0;0;0;0;0;;6284582;46374500000194.0;;0;0;2;6;;0;1;0;14857;HE35000001N202409.DTS;;;0.0;0.0;0.0;0.0;0.0;0;;;;;;;;;;0;0;0;0;0;0;0;0;0;;Câncer de Pele (Não Melanoma);13504364;-22.3928251;-47.5846342;Parque Universitário;Rua 20;BrasilAPI;66;2024;356.81
350000;2024;9;9;46374500022597.0;3524103662849;1;13504210;354390;19491001;3;0;0;0;0;0;0;0;0;0;0;0;401020053;401020053;250.26;106.55;0.0;0.0;0.0;0.0;0.0;0.0;0.0;0.0;0.0;356.81;0.0;61.83;20240918;20240918;C448;0;12;0;1023;2;0;0;353870;4;74;0;0;10;;1;0;;0;0;0;;0;0;1;0;0;0;0;0;0;0;0;;6284582;46374500000194.0;;0;0;2;6;;0;1;0;14886;HE35000001N202409.DTS;;;0.0;0.0;0.0;0.0;0.0;0;;;;;;;;;;0;0;0;0;0;0;0;0;0;;Câncer de Pele (Não Melanoma);13504210;-22.41139;-47.56139;Jardim Olinda;Avenida 62;BrasilAPI;74;2024;356.81
354390;2024;9;1;56384183000140.0;3524123173890;1;13506630;354390;19490301;3;0;0;0;0;0;0;0;0;0;0;1;416080081;416080081;2435.92;963.9;0.0;0.0;0.0;0.0;0.0;0.0;0.0;0.0;0.0;3399.82;0.0;589.22;20240906;20240906;C443;0;12;0;3999;1;0;0;354390;4;75;0;0;10;;2;0;;0;0;0;;0;0;1;0;0;0;0;0;7;1;8291227888;;2082888;;;0;0;3;6;;0;1;0;111;HM35439001N202409.DTS;;;0.0;0.0;0.0;0.0;0.0;0;;;;;;;;;;0;0;0;0;0;0;0;0;0;;Câncer de Pele (Não Melanoma);13506630;-22.41139;-47.56139;Vila Alemã;Avenida 40 A;BrasilAPI;75;2024;3399.82
354390;2024;9;1;56384183000140.0;3524123174198;1;13502740;354390;19621020;3;0;0;0;0;0;0;0;0;0;0;1;401020053;401020053;291.04;106.55;0.0;0.0;0.0;0.0;0.0;0.0;0.0;0.0;0.0;397.59;0.0;68.9;20240913;20240913;C443;0;12;0;3999;1;0;0;354390;4;61;0;0;10;;1;0;;0;0;0;;0;0;1;0;0;0;0;0;0;0;0;;2082888;;;0;0;2;6;;0;1;0;126;HM35439001N202409.DTS;;;0.0;0.0;0.0;0.0;0.0;0;W999;;;;;;;;;1;0;0;0;0;0;0;0;0;;Câncer de Pele (Não Melanoma);13502740;-22.41139;-47.56139;Jardim Novo;Avenida 1 JN;BrasilAPI;61;2024;397.59
354390;2024;9;1;56384183000140.0;3524123175727;1;13500313;354390;19650925;3;0;0;0;0;0;0;0;0;0;0;1;401020053;401020053;291.04;106.55;0.0;0.0;0.0;0.0;0.0;0.0;0.0;0.0;0.0;397.59;0.0;68.9;20240906;20240906;C443;0;12;0;3999;1;0;0;354390;4;58;0;0;10;;1;0;;0;0;0;;0;0;1;0;0;0;0;0;0;0;0;;2082888;;;0;0;2;6;;0;1;0;180;HM35439001N202409.DTS;;;0.0;0.0;0.0;0.0;0.0;0;W999;D239;;;;;;;;1;1;0;0;0;0;0;0;0;;Câncer de Pele (Não Melanoma);13500313;-22.41139;-47.56139;Saúde;Rua 3;BrasilAPI;58;2024;397.59
354390;2024;9;1;56384183000140.0;3524123172064;1;13504689;354390;19441004;3;0;0;0;0;0;0;0;0;0;0;1;401020100;401020100;138.06;60.83;0.0;0.0;0.0;0.0;0.0;0.0;0.0;0.0;0.0;198.89;0.0;34.46;20240830;20240830;C443;0;12;0;3999;1;0;0;354390;4;79;0;0;10;;1;0;;0;0;0;;0;0;1;0;0;0;0;0;0;0;0;;2082888;;;0;0;2;6;;0;1;0;56;HM35439001N202409.DTS;;;0.0;0.0;0.0;0.0;0.0;0;W999;;;;;;;;;1;0;0;0;0;0;0;0;0;;Câncer de Pele (Não Melanoma);13504689;-22.41139;-47.56139;Jardim Boa Vista;Avenida 96 BV;BrasilAPI;79;2024;198.89
354390;2024;4;1;56384183000140.0;3524111937126;1;13503540;354390;19360313;3;0;0;0;0;0;0;0;0;0;1;1;416080120;416080120;433.8;140.06;0.0;0.0;0.0;0.0;0.0;0.0;0.0;0.0;0.0;573.86;0.0;109.51;20240419;20240420;C448;0;12;0;3999;1;0;0;354390;4;88;1;0;10;;2;0;;0;0;0;;0;0;1;0;0;0;0;0;0;0;0;;2082888;;;0;0;3;6;;0;1;0;162;HM35439001N202404.DTS;;;0.0;0.0;0.0;0.0;0.0;0;;;;;;;;;;0;0;0;0;0;0;0;0;0;;Câncer de Pele (Não Melanoma);13503540;-22.41139;-47.56139;Jardim Paulista;Rua 30;BrasilAPI;88;2024;573.86
354390;2024;7;1;56384183000140.0;3524117728241;1;13504692;354390;19480331;3;0;0;0;0;0;0;0;0;0;0;1;416080081;416080081;2435.92;963.9;0.0;0.0;0.0;0.0;0.0;0.0;0.0;0.0;0.0;3399.82;0.0;601.73;20240726;20240726;C443;0;12;0;3999;1;0;0;354390;4;76;0;0;10;;1;0;;0;0;0;;0;0;1;0;0;0;0;0;7;1;8291227888;;2082888;;;0;0;3;6;;0;1;0;221;HM35439001N202407.DTS;;;0.0;0.0;0.0;0.0;0.0;0;W999;;;;;;;;;1;0;0;0;0;0;0;0;0;;Câncer de Pele (Não Melanoma);13504692;-22.41139;-47.56139;Jardim Boa Vista;Avenida 102 BV;BrasilAPI;76;2024;3399.82
354390;2024;7;1;56384183000140.0;3524117727955;1;13505421;354390;19400116;3;0;0;0;0;0;0;0;0;0;0;1;416080081;416080081;2476.7;963.9;0.0;0.0;0.0;0.0;0.0;0.0;0.0;0.0;0.0;3440.6;0.0;608.95;20240719;20240719;C443;0;12;0;3999;1;0;0;354390;4;84;0;0;10;;1;0;;0;0;0;;0;0;1;0;0;0;0;0;7;1;8291227888;;2082888;;;0;0;3;6;;0;1;0;211;HM35439001N202407.DTS;;;0.0;0.0;0.0;0.0;0.0;0;C300;E148;I10;;;;;;;1;1;1;0;0;0;0;0;0;;Câncer de Pele (Não Melanoma);13505421;-22.41139;-47.56139;Jardim Ipanema (Expansão);Avenida M 33;BrasilAPI;84;2024;3440.6
354390;2024;3;1;56384183000140.0;3524106174699;1;13503668;354390;19640330;3;0;0;0;0;0;0;0;0;0;0;1;416080014;416080014;331.96;105.0;0.0;0.0;0.0;0.0;0.0;0.0;0.0;0.0;0.0;436.96;0.0;84.51;20240223;20240223;C443;0;12;0;3999;1;0;0;354390;4;59;0;0;10;;2;0;;0;0;0;;0;0;1;0;0;0;0;0;0;0;0;;2082888;;;0;0;3;6;;0;1;0;14;HM35439001N202403.DTS;;;0.0;0.0;0.0;0.0;0.0;0;W999;;;;;;;;;1;0;0;0;0;0;0;0;0;;Câncer de Pele (Não Melanoma);13503668;-22.41139;-47.56139;Novo Jardim Wenzel;Rua 9 JW;BrasilAPI;59;2024;436.96
350000;2024;5;9;46374500022597.0;3524502896651;1;13505460;354390;19490823;3;0;0;0;0;0;0;0;0;0;0;0;401020053;401020053;250.26;106.55;0.0;0.0;0.0;0.0;0.0;0.0;0.0;0.0;0.0;1784.05;0.0;321.45;20240521;20240521;C448;0;12;0;1023;2;0;0;353870;4;74;0;0;10;;1;0;;0;0;0;;0;0;1;0;0;0;0;0;0;0;0;;6284582;46374500000194.0;;0;0;2;4;40080.0;0;1;0;14935;HE35000001N202405.DTS;;;1001.04;426.2;0.0;0.0;0.0;0;;;;;;;;;;0;0;0;0;0;0;0;0;0;;Câncer de Pele (Não Melanoma);13505460;-22.41139;-47.56139;Parque São Jorge;Rua 9;BrasilAPI;74;2024;1784.05
352690;2024;5;1;51473692000126.0;3524111587800;1;13505270;354390;19520530;3;0;0;0;0;0;0;0;0;0;0;1;416080014;416080014;331.96;105.0;0.0;0.0;0.0;0.0;0.0;0.0;0.0;0.0;0.0;436.96;0.0;78.73;20240517;20240517;C448;0;12;0;3999;1;0;0;352690;4;71;0;0;10;;1;0;;0;0;0;;0;0;1;0;0;0;0;0;0;0;0;;2081458;;;0;0;3;6;;0;1;0;537;HM35269001N202405.DTS;;;0.0;0.0;0.0;0.0;0.0;0;;;;;;;;;;0;0;0;0;0;0;0;0;0;;Câncer de Pele (Não Melanoma);13505270;-22.41139;-47.56139;Jardim Independência;Rua M 12;BrasilAPI;71;2024;436.96
354390;2024;5;1;56384183000140.0;3524117710388;1;13504168;354390;19350818;3;0;0;0;0;0;0;0;0;0;0;1;416080081;416080081;2395.14;963.9;0.0;0.0;0.0;0.0;0.0;0.0;0.0;0.0;0.0;3359.04;0.0;605.23;20240503;20240503;C443;0;12;0;3999;1;0;0;354390;4;88;0;0;10;;1;0;;0;0;0;;0;0;1;0;0;0;0;0;7;1;8291227888;;2082888;;;0;0;3;6;;0;1;0;87;HM35439001N202405.DTS;;;0.0;0.0;0.0;0.0;0.0;0;I10;;;;;;;;;1;0;0;0;0;0;0;0;0;;Câncer de Pele (Não Melanoma);13504168;-22.41139;-47.56139;Vila Elizabeth (BNH);Rua 15;BrasilAPI;88;2024;3359.04
350000;2024;10;1;50753755000135.0;3524124601118;1;13506134;354390;19790129;3;0;0;0;0;0;0;0;0;0;0;1;416080030;416080030;512.53;126.0;0.0;0.0;0.0;0.0;0.0;0.0;0.0;0.0;0.0;638.53;0.0;105.54;20240930;20240930;C448;0;12;0;3069;2;0;0;352530;4;45;0;0;10;;1;0;;0;0;0;;0;0;1;0;0;0;0;0;0;0;0;;2083086;;;0;0;3;6;;0;1;0;102425;HE35000001N202410.DTS;;;0.0;0.0;0.0;0.0;0.0;0;;;;;;;;;;0;0;0;0;0;0;0;0;0;;Câncer de Pele (Não Melanoma);13506134;-22.41139;-47.56139;Conjunto Residencial Vila Verde;Rua 3 RV;BrasilAPI;45;2024;638.53
350000;2025;2;9;46374500022597.0;3525105803736;1;13506569;354390;19410908;3;0;0;0;0;0;0;0;0;0;0;0;401020053;401020053;250.26;106.55;0.0;0.0;0.0;0.0;0.0;0.0;0.0;0.0;0.0;356.81;0.0;62.16;20250224;20250224;C448;0;12;0;1023;2;0;0;353870;4;83;0;0;10;;1;0;;0;0;0;;0;0;1;0;0;0;0;0;0;0;0;;6284582;46374500000194.0;;0;0;2;6;;0;1;0;14838;HE35000001N202502.DTS;;;0.0;0.0;0.0;0.0;0.0;0;;;;;;;;;;0;0;0;0;0;0;0;0;0;;Câncer de Pele (Não Melanoma);13506569;-22.41139;-47.56139;Vila Alemã;Rua 7 A;BrasilAPI;83;2025;356.81
354390;2025;2;3;56384183000140.0;3525111301965;1;13506661;354390;19450616;3;0;0;0;0;0;0;0;0;0;0;1;304100021;304100021;302.3;65.14;0.0;0.0;0.0;0.0;0.0;0.0;0.0;0.0;0.0;367.44;0.0;64.01;20250226;20250226;C440;0;12;0;3999;1;0;0;354390;4;79;0;0;10;;2;0;;0;0;0;;0;0;1;0;0;0;0;0;7;1;8291227888;;2082888;;;0;0;2;6;;0;1;0;565;HM35439001N202502.DTS;;;0.0;0.0;0.0;0.0;0.0;0;W999;;;;;;;;;1;0;0;0;0;0;0;0;0;;Câncer de Pele (Não Melanoma);13506661;-22.41139;-47.56139;Vila Alemã;Rua 4 A;BrasilAPI;79;2025;367.44
354390;2025;2;1;56384183000140.0;3525111298247;1;13506179;354390;19811123;3;0;0;0;0;0;0;0;0;0;0;1;416080081;416080081;2435.92;963.9;0.0;0.0;0.0;0.0;0.0;0.0;0.0;0.0;0.0;3399.82;0.0;592.3;20250214;20250214;C443;0;12;0;3999;1;0;0;354390;4;43;0;0;10;;1;0;;0;0;0;;0;0;1;0;0;0;0;0;7;1;8291227888;;2082888;;;0;0;3;6;;0;1;0;101;HM35439001N202502.DTS;;;0.0;0.0;0.0;0.0;0.0;0;W999;;;;;;;;;1;0;0;0;0;0;0;0;0;;Câncer de Pele (Não Melanoma);13506179;-22.41139;-47.56139;Parque Mãe Preta;Rua 9 MP;BrasilAPI;43;2025;3399.82
354390;2025;2;1;56384183000140.0;3525111301536;1;13504258;354390;19420102;3;0;0;0;0;0;0;0;0;0;0;1;416080081;416080081;2476.7;963.9;0.0;0.0;0.0;0.0;0.0;0.0;0.0;0.0;0.0;3440.6;0.0;599.4;20250228;20250228;C449;0;12;0;3999;1;0;0;354390;4;83;0;0;10;;1;0;;0;0;0;;0;0;1;0;0;0;0;0;7;1;8291227888;;2082888;;;0;0;3;6;;0;1;0;189;HM35439001N202502.DTS;;;0.0;0.0;0.0;0.0;0.0;0;;;;;;;;;;0;0;0;0;0;0;0;0;0;;Câncer de Pele (Não Melanoma);13504258;-22.3986453;-47.5777371;Jardim Bela Vista;Avenida 32;BrasilAPI;83;2025;3440.6
354390;2025;2;1;56384183000140.0;3525111295189;1;13506189;354390;19610303;3;0;0;0;0;0;0;0;0;0;0;1;416080081;416080081;2517.48;963.9;0.0;0.0;0.0;0.0;0.0;0.0;0.0;0.0;0.0;3481.38;0.0;606.51;20250131;20250131;C449;0;12;0;3999;1;0;0;354390;4;63;0;0;10;;2;0;;0;0;0;;0;0;1;0;0;0;0;0;7;1;8291227888;;2082888;;;0;0;3;6;;0;3;0;19;HM35439001N202502.DTS;;;0.0;0.0;0.0;0.0;0.0;0;;;;;;;;;;0;0;0;0;0;0;0;0;0;;Câncer de Pele (Não Melanoma);13506189;-22.41139;-47.56139;Parque Mãe Preta;Rua 19 MP;BrasilAPI;63;2025;3481.38
350000;2025;12;9;46374500022597.0;3525105823525;1;13502417;354390;19470921;3;0;0;0;0;0;0;0;0;0;0;0;401020045;401020045;250.26;106.55;0.0;0.0;0.0;0.0;0.0;0.0;0.0;0.0;0.0;356.81;0.0;68.35;20251210;20251210;C448;0;12;0;1023;2;0;0;353870;4;78;0;0;10;;1;0;;0;0;0;;0;0;1;0;0;0;0;0;0;0;0;;6284582;46374500000194.0;;0;0;2;6;;0;1;0;12787;HE35000001N202512.DTS;;;0.0;0.0;0.0;0.0;0.0;0;;;;;;;;;;0;0;0;0;0;0;0;0;0;0.0;Câncer de Pele (Não Melanoma);13502417;-22.4381967;-47.5810602;Jardim Guanabara;Rua 9 JG;BrasilAPI;78;2025;356.81
354390;2025;12;1;56384183000140.0;3525133578912;1;13501633;354390;19550921;3;0;0;0;0;0;0;0;0;0;0;1;416080030;416080030;291.18;105.0;0.0;0.0;0.0;0.0;0.0;0.0;0.0;0.0;0.0;396.18;0.0;75.89;20251216;20251216;C443;0;12;0;3999;1;0;0;354390;4;70;0;0;10;;1;0;;0;0;0;;0;0;1;0;0;0;0;0;0;0;0;;2082888;;;0;0;3;6;;0;1;0;1146;HM35439001N202512.DTS;;;0.0;0.0;0.0;0.0;0.0;0;V877;;;;;;;;;1;0;0;0;0;0;0;0;0;0.0;Câncer de Pele (Não Melanoma);13501633;-22.41139;-47.56139;Jardim Itapuã;Rua 18;BrasilAPI;70;2025;396.18
350000;2025;1;9;46374500022597.0;3525105801680;1;13504110;354390;19590119;3;0;0;0;0;0;0;0;0;0;0;0;401020053;401020053;250.26;106.55;0.0;0.0;0.0;0.0;0.0;0.0;0.0;0.0;0.0;356.81;0.0;61.09;20250129;20250129;C448;0;12;0;1023;2;0;0;353870;4;66;0;0;10;;1;0;;0;0;0;;0;0;1;0;0;0;0;0;0;0;0;;6284582;46374500000194.0;;0;0;2;6;;0;1;0;15708;HE35000001N202501.DTS;;;0.0;0.0;0.0;0.0;0.0;0;;;;;;;;;;0;0;0;0;0;0;0;0;0;;Câncer de Pele (Não Melanoma);13504110;-22.41139;-47.56139;Vila Operária;Avenida 34;BrasilAPI;66;2025;356.81
350000;2025;1;9;46374500027203.0;3525100357603;1;13506172;354390;19601015;3;0;0;0;0;0;0;0;0;0;0;0;401020100;401020100;178.84;60.83;0.0;0.0;0.0;0.0;0.0;0.0;0.0;0.0;0.0;239.67;0.0;41.03;20250120;20250120;C449;0;12;0;1023;2;0;0;353870;4;64;0;0;10;;1;0;;0;0;0;;0;0;1;0;0;0;0;0;0;0;0;;9425802;46374500000194.0;;0;0;2;6;;0;1;0;16603;HE35000001N202501.DTS;;;0.0;0.0;0.0;0.0;0.0;0;Z540;;;;;;;;;1;0;0;0;0;0;0;0;0;;Câncer de Pele (Não Melanoma);13506172;-22.41139;-47.56139;Parque Mãe Preta;Rua 2 MP;BrasilAPI;64;2025;239.67
350000;2025;1;9;46374500027203.0;3525100357450;1;13502294;354390;19380914;3;0;0;0;0;0;0;0;0;0;0;0;401020100;401020100;341.96;60.83;0.0;0.0;0.0;0.0;0.0;0.0;0.0;0.0;0.0;402.79;0.0;68.97;20250120;20250120;C449;0;12;0;1023;2;0;0;353870;4;86;0;0;10;;1;0;;0;0;0;;0;0;1;0;0;0;0;0;0;0;0;;9425802;46374500000194.0;;0;0;2;6;;0;1;0;16596;HE35000001N202501.DTS;;;0.0;0.0;0.0;0.0;0.0;0;Z540;;;;;;;;;1;0;0;0;0;0;0;0;0;;Câncer de Pele (Não Melanoma);13502294;-22.41139;-47.56139;Parque Residencial Brasília;Avenida 26 BR;BrasilAPI;86;2025;402.79
350000;2025;1;9;46374500022597.0;3525105800326;1;13504191;354390;19560208;3;0;0;0;0;0;0;0;0;0;0;0;401020053;401020053;250.26;106.55;0.0;0.0;0.0;0.0;0.0;0.0;0.0;0.0;0.0;356.81;0.0;61.09;20250106;20250106;C448;0;12;0;1023;2;0;0;353870;4;68;0;0;10;;1;0;;0;0;0;;0;0;1;0;0;0;0;0;0;0;0;;6284582;46374500000194.0;;0;0;2;6;;0;1;0;15619;HE35000001N202501.DTS;;;0.0;0.0;0.0;0.0;0.0;0;;;;;;;;;;0;0;0;0;0;0;0;0;0;;Câncer de Pele (Não Melanoma);13504191;-22.41139;-47.56139;Alto do Santana;Rua 9;BrasilAPI;68;2025;356.81
354390;2025;1;1;56384183000140.0;3525111290646;1;13504075;354390;19420823;3;0;0;0;0;0;0;0;0;0;0;1;416080081;416080081;2435.92;963.9;0.0;0.0;0.0;0.0;0.0;0.0;0.0;0.0;0.0;3399.82;0.0;582.16;20250110;20250110;C443;0;12;0;3999;1;0;0;354390;4;82;0;0;10;;1;0;;0;0;0;;0;0;1;0;0;0;0;0;7;1;8291227888;;2082888;;;0;0;3;6;;0;1;0;82;HM35439001N202501.DTS;;;0.0;0.0;0.0;0.0;0.0;0;I10;;;;;;;;;1;0;0;0;0;0;0;0;0;;Câncer de Pele (Não Melanoma);13504075;-22.41139;-47.56139;Jardim Portugal;Avenida 52 Particular;BrasilAPI;82;2025;3399.82
354390;2025;1;1;56384183000140.0;3525111290602;1;13502769;354390;19581008;3;0;0;0;0;0;0;0;0;0;0;1;416080081;416080081;2435.92;963.9;0.0;0.0;0.0;0.0;0.0;0.0;0.0;0.0;0.0;3399.82;0.0;582.16;20250103;20250103;C443;0;12;0;3999;1;0;0;354390;4;66;0;0;10;;2;0;;0;0;0;;0;0;1;0;0;0;0;0;7;1;8291227888;;2082888;;;0;0;3;6;;0;1;0;78;HM35439001N202501.DTS;;;0.0;0.0;0.0;0.0;0.0;0;;;;;;;;;;0;0;0;0;0;0;0;0;0;;Câncer de Pele (Não Melanoma);13502769;-22.41139;-47.56139;Jardim Novo;Avenida Marco Antonio Padula;BrasilAPI;66;2025;3399.82
350000;2025;11;9;46374500022597.0;3525105821347;1;13505083;354390;19540221;3;0;0;0;0;0;0;0;0;0;0;0;401020053;401020053;250.26;106.55;0.0;0.0;0.0;0.0;0.0;0.0;0.0;0.0;0.0;356.81;0.0;64.87;20251113;20251113;C448;0;12;0;1023;2;0;0;353870;4;71;0;0;10;;1;0;;0;0;0;;0;0;1;0;0;0;0;0;0;0;0;;6284582;46374500000194.0;;0;0;2;6;;0;1;0;26953;HE35000001N202511.DTS;;;0.0;0.0;0.0;0.0;0.0;0;;;;;;;;;;0;0;0;0;0;0;0;0;0;0.0;Câncer de Pele (Não Melanoma);13505083;-22.41139;-47.56139;Jardim Floridiana;Rua M 5;BrasilAPI;71;2025;356.81
350000;2025;11;1;;3525104500896;1;13506569;354390;19920502;3;0;0;0;0;0;0;0;0;0;0;1;401020053;415020034;323.22;167.38;0.0;0.0;0.0;0.0;0.0;0.0;0.0;0.0;0.0;490.6;0.0;89.2;20251111;20251111;C448;0;15;0;1112;2;0;0;350950;4;33;0;0;10;;1;0;;0;0;0;;0;0;1;0;0;0;0;0;0;0;0;;2079798;46068425000133.0;;0;0;2;6;;0;1;0;6507;HE35000001N202511.DTS;;;0.0;0.0;0.0;0.0;0.0;0;;;;;;;;;;0;0;0;0;0;0;0;0;0;0.0;Câncer de Pele (Não Melanoma);13506569;-22.41139;-47.56139;Vila Alemã;Rua 7 A;BrasilAPI;33;2025;490.6
350000;2025;3;9;46374500022597.0;3525105804869;1;13506780;354390;19620520;3;0;0;0;0;0;0;0;0;0;0;0;401020053;401020053;250.26;106.55;0.0;0.0;0.0;0.0;0.0;0.0;0.0;0.0;0.0;356.81;0.0;63.04;20250310;20250310;C448;0;12;0;1023;2;0;0;353870;4;62;0;0;10;;1;0;;0;0;0;;0;0;1;0;0;0;0;0;0;0;0;;6284582;46374500000194.0;;0;0;2;6;;0;1;0;14619;HE35000001N202503.DTS;;;0.0;0.0;0.0;0.0;0.0;0;;;;;;;;;;0;0;0;0;0;0;0;0;0;0.0;Câncer de Pele (Não Melanoma);13506780;-22.41139;-47.56139;Cidade Nova;Avenida 2 A;BrasilAPI;62;2025;356.81
350000;2025;3;1;50753755000135.0;3525114844185;1;13500320;354390;19670401;3;0;0;0;0;0;0;0;0;0;0;1;416080120;416080030;390.19;126.0;0.0;0.0;0.0;0.0;0.0;0.0;0.0;0.0;0.0;516.19;0.0;91.19;20250307;20250307;C448;0;12;0;3069;2;0;0;352530;4;57;0;0;10;;1;0;;0;0;0;;0;0;1;0;0;0;0;0;0;0;0;;2083086;;;0;0;3;6;;0;1;0;50616;HE35000001N202503.DTS;;;0.0;0.0;0.0;0.0;0.0;0;;;;;;;;;;0;0;0;0;0;0;0;0;0;0.0;Câncer de Pele (Não Melanoma);13500320;-22.419576;-47.5663053;Saúde;Avenida 17;AwesomeAPI;57;2025;516.19
354390;2025;3;1;56384183000140.0;3525111308136;1;13503667;354390;19881026;3;0;0;0;0;0;0;0;0;0;0;1;416080014;416080014;364.36;105.0;0.0;0.0;0.0;0.0;0.0;0.0;0.0;0.0;0.0;469.36;0.0;82.92;20250324;20250324;C449;0;12;0;3999;1;0;0;354390;4;36;0;0;10;;2;0;;0;0;0;;0;0;1;0;0;0;0;0;0;0;0;;2082888;;;0;0;3;6;;0;3;0;175;HM35439001N202503.DTS;;;0.0;0.0;0.0;0.0;0.0;0;;;;;;;;;;0;0;0;0;0;0;0;0;0;0.0;Câncer de Pele (Não Melanoma);13503667;-22.41139;-47.56139;Novo Jardim Wenzel;Rua 8 JW;BrasilAPI;36;2025;469.36
350000;2025;6;9;46374500022597.0;3525105811920;1;13501450;354390;19660711;3;0;0;0;0;0;0;0;0;0;0;0;401020053;401020053;250.26;106.55;0.0;0.0;0.0;0.0;0.0;0.0;0.0;0.0;0.0;356.81;0.0;63.71;20250623;20250623;C448;0;12;0;1023;2;0;0;353870;4;58;0;0;10;;1;0;;0;0;0;;0;0;1;0;0;0;0;0;0;0;0;;6284582;46374500000194.0;;0;0;2;6;;0;1;0;14526;HE35000001N202506.DTS;;;0.0;0.0;0.0;0.0;0.0;0;;;;;;;;;;0;0;0;0;0;0;0;0;0;0.0;Câncer de Pele (Não Melanoma);13501450;-22.41139;-47.56139;Estádio;Avenida 35;BrasilAPI;58;2025;356.81
350000;2025;6;9;46374500022597.0;3525501552375;1;13504364;354390;19580607;3;0;0;0;0;0;0;0;0;0;0;0;401020053;401020053;250.26;106.55;0.0;0.0;0.0;0.0;0.0;0.0;0.0;0.0;0.0;713.62;0.0;127.43;20250604;20250604;C448;0;12;0;1023;2;0;0;353870;4;66;0;0;10;;1;0;;0;0;0;;0;0;1;0;0;0;0;0;0;0;0;;6284582;46374500000194.0;;0;0;2;4;40080.0;0;1;0;14557;HE35000001N202506.DTS;;;250.26;106.55;0.0;0.0;0.0;0;;;;;;;;;;0;0;0;0;0;0;0;0;0;0.0;Câncer de Pele (Não Melanoma);13504364;-22.3928251;-47.5846342;Parque Universitário;Rua 20;BrasilAPI;66;2025;713.62
350000;2025;6;9;46374500022597.0;3525105811964;1;13506743;354390;19470507;3;0;0;0;0;0;0;0;0;0;0;0;401020053;401020053;250.26;106.55;0.0;0.0;0.0;0.0;0.0;0.0;0.0;0.0;0.0;356.81;0.0;63.71;20250623;20250623;C448;0;12;0;1023;2;0;0;353870;4;78;0;0;10;;1;0;;0;0;0;;0;0;1;0;0;0;0;0;0;0;0;;6284582;46374500000194.0;;0;0;2;6;;0;1;0;14530;HE35000001N202506.DTS;;;0.0;0.0;0.0;0.0;0.0;0;;;;;;;;;;0;0;0;0;0;0;0;0;0;0.0;Câncer de Pele (Não Melanoma);13506743;-22.41139;-47.56139;Vila Indaiá;Rua 9 B;BrasilAPI;78;2025;356.81
354390;2025;6;1;56384183000140.0;3525120705502;1;13506690;354390;19470315;3;0;0;0;0;0;0;0;0;0;0;1;401020100;401020100;927.18;60.83;0.0;0.0;0.0;0.0;0.0;0.0;0.0;0.0;0.0;988.01;0.0;176.43;20250609;20250609;C443;0;12;0;3999;1;0;0;354390;4;78;0;0;10;;1;0;;0;0;0;;0;0;1;0;0;0;0;0;0;0;0;;2082888;;;0;0;2;6;;0;1;0;185;HM35439001N202506.DTS;;;0.0;0.0;0.0;0.0;0.0;0;I10;;;;;;;;;1;0;0;0;0;0;0;0;0;0.0;Câncer de Pele (Não Melanoma);13506690;-22.41139;-47.56139;Vila Alemã;Avenida 26 A;BrasilAPI;78;2025;988.01
354390;2025;6;1;56384183000140.0;3525120705766;1;13500181;354390;19430416;3;0;0;0;0;0;0;0;0;0;0;3;416080081;416080081;2435.92;963.9;0.0;0.0;0.0;0.0;0.0;0.0;0.0;0.0;0.0;3399.82;0.0;607.11;20250613;20250616;C449;0;12;0;3999;1;0;0;354390;4;82;3;0;10;;1;0;;0;0;0;;0;0;1;0;0;0;0;0;0;0;0;;2082888;;;0;0;3;6;;0;1;0;192;HM35439001N202506.DTS;;;0.0;0.0;0.0;0.0;0.0;0;;;;;;;;;;0;0;0;0;0;0;0;0;0;0.0;Câncer de Pele (Não Melanoma);13500181;-22.41139;-47.56139;Centro;Rua 5;BrasilAPI;82;2025;3399.82
350000;2025;4;9;46374500022597.0;3525105806794;1;13506809;354390;19361112;3;0;0;0;0;0;0;0;0;0;0;0;401020053;401020053;250.26;106.55;0.0;0.0;0.0;0.0;0.0;0.0;0.0;0.0;0.0;356.81;0.0;62.59;20250407;20250407;C448;0;12;0;1023;2;0;0;353870;4;88;0;0;10;;1;0;;0;0;0;;0;0;1;0;0;0;0;0;0;0;0;;6284582;46374500000194.0;;0;0;2;6;;0;1;0;14387;HE35000001N202504.DTS;;;0.0;0.0;0.0;0.0;0.0;0;;;;;;;;;;0;0;0;0;0;0;0;0;0;0.0;Câncer de Pele (Não Melanoma);13506809;-22.41139;-47.56139;Cidade Nova;Rua 3 B;BrasilAPI;88;2025;356.81
350000;2025;4;9;46374500022597.0;3525501551627;1;13505193;354390;19700519;3;0;0;0;0;0;0;0;0;0;0;0;401020053;401020053;250.26;106.55;0.0;0.0;0.0;0.0;0.0;0.0;0.0;0.0;0.0;713.62;0.0;125.19;20250430;20250430;C448;0;12;0;1023;2;0;0;353870;4;54;0;0;10;;1;0;;0;0;0;;0;0;1;0;0;0;0;0;0;0;0;;6284582;46374500000194.0;;0;0;2;4;40080.0;0;1;0;14516;HE35000001N202504.DTS;;;250.26;106.55;0.0;0.0;0.0;0;;;;;;;;;;0;0;0;0;0;0;0;0;0;0.0;Câncer de Pele (Não Melanoma);13505193;-22.41139;-47.56139;Jardim São Caetano II;Avenida 4 SCT;BrasilAPI;54;2025;713.62
350000;2025;4;9;46374500022597.0;3525501551638;1;13500915;354390;19590603;3;0;0;0;0;0;0;0;0;0;0;0;401020053;401020053;250.26;106.55;0.0;0.0;0.0;0.0;0.0;0.0;0.0;0.0;0.0;713.62;0.0;125.19;20250430;20250430;C448;0;12;0;1023;2;0;0;353870;4;65;0;0;10;;1;0;;0;0;0;;0;0;1;0;0;0;0;0;0;0;0;;6284582;46374500000194.0;;0;0;2;4;40080.0;0;1;0;14517;HE35000001N202504.DTS;;;250.26;106.55;0.0;0.0;0.0;0;;;;;;;;;;0;0;0;0;0;0;0;0;0;0.0;Câncer de Pele (Não Melanoma);13500915;-22.41139;-47.56139;Centro;Rua 6 438;BrasilAPI;65;2025;713.62
350000;2025;4;9;46374500022597.0;3525105806519;1;13504711;354390;19590813;3;0;0;0;0;0;0;0;0;0;0;0;401020053;401020053;250.26;106.55;0.0;0.0;0.0;0.0;0.0;0.0;0.0;0.0;0.0;356.81;0.0;62.59;20250402;20250402;C448;0;12;0;1023;2;0;0;353870;4;65;0;0;10;;1;0;;0;0;0;;0;0;1;0;0;0;0;0;0;0;0;;6284582;46374500000194.0;;0;0;2;6;;0;1;0;14359;HE35000001N202504.DTS;;;0.0;0.0;0.0;0.0;0.0;0;;;;;;;;;;0;0;0;0;0;0;0;0;0;0.0;Câncer de Pele (Não Melanoma);13504711;-22.41139;-47.56139;Jardim Santa Maria;Rua 15;BrasilAPI;65;2025;356.81
350000;2025;4;9;46374500026584.0;3525104702735;1;13506850;354390;19670314;3;0;0;0;0;0;0;0;0;0;0;0;401020053;401020053;291.04;106.55;0.0;0.0;0.0;0.0;0.0;0.0;0.0;0.0;0.0;397.59;0.0;69.75;20250409;20250409;C449;0;12;0;1023;2;0;0;354580;4;58;0;0;10;;1;0;;0;0;0;;0;0;1;0;0;0;0;0;0;0;0;;6212581;46374500000194.0;;0;0;2;6;;0;1;0;5978;HE35000001N202504.DTS;;;0.0;0.0;0.0;0.0;0.0;0;;;;;;;;;;0;0;0;0;0;0;0;0;0;0.0;Câncer de Pele (Não Melanoma);13506850;-22.41139;-47.56139;Vila Paulista;Rua P 3;BrasilAPI;58;2025;397.59
354390;2025;4;1;56384183000140.0;3525111306574;1;13501360;354390;19481231;3;0;0;0;0;0;0;0;0;0;0;1;416080081;416080081;2558.26;963.9;0.0;0.0;0.0;0.0;0.0;0.0;0.0;0.0;0.0;3522.16;0.0;617.92;20250314;20250315;C449;0;12;0;3999;1;0;0;354390;4;76;1;0;10;;2;0;;0;0;0;;0;0;1;0;0;0;0;0;7;1;8291227888;;2082888;;;0;0;3;6;;0;1;0;7;HM35439001N202504.DTS;;;0.0;0.0;0.0;0.0;0.0;0;;;;;;;;;;0;0;0;0;0;0;0;0;0;0.0;Câncer de Pele (Não Melanoma);13501360;-22.41139;-47.56139;Estádio;Rua 19 BE;BrasilAPI;76;2025;3522.16
350000;2025;9;9;46374500022597.0;3525105817805;1;13504361;354390;19750422;3;0;0;0;0;0;0;0;0;0;0;0;401020053;401020053;250.26;106.55;0.0;0.0;0.0;0.0;0.0;0.0;0.0;0.0;0.0;356.81;0.0;66.32;20250918;20250918;C448;0;12;0;1023;2;0;0;353870;4;50;0;0;10;;1;0;;0;0;0;;0;0;1;0;0;0;0;0;0;0;0;;6284582;46374500000194.0;;0;0;2;6;;0;1;0;15992;HE35000001N202509.DTS;;;0.0;0.0;0.0;0.0;0.0;0;;;;;;;;;;0;0;0;0;0;0;0;0;0;0.0;Câncer de Pele (Não Melanoma);13504361;-22.41139;-47.56139;Parque Universitário;Rua 17;BrasilAPI;50;2025;356.81
350000;2025;9;9;46374500022597.0;3525105817827;1;13509601;354390;19400323;3;0;0;0;0;0;0;0;0;0;0;0;401020053;401020053;250.26;106.55;0.0;0.0;0.0;0.0;0.0;0.0;0.0;0.0;0.0;356.81;0.0;66.32;20250922;20250922;C448;0;12;0;1023;2;0;0;353870;4;85;0;0;10;;1;0;;0;0;0;;0;0;1;0;0;0;0;0;0;0;0;;6284582;46374500000194.0;;0;0;2;6;;0;1;0;15994;HE35000001N202509.DTS;;;0.0;0.0;0.0;0.0;0.0;0;;;;;;;;;;0;0;0;0;0;0;0;0;0;0.0;Câncer de Pele (Não Melanoma);13509601;-22.41139;-47.56139;Centro (Assistência);Rodovia Fausto Santomauro;BrasilAPI;85;2025;356.81
350000;2025;9;9;46374500022597.0;3525105816518;1;13509654;354390;19691114;3;0;0;0;0;0;0;0;0;0;0;0;401020053;401020053;250.26;106.55;0.0;0.0;0.0;0.0;0.0;0.0;0.0;0.0;0.0;356.81;0.0;66.32;20250910;20250910;C448;0;12;0;1023;2;0;0;353870;4;55;0;0;10;;1;0;;0;0;0;;0;0;1;0;0;0;0;0;0;0;0;;6284582;46374500000194.0;;0;0;2;6;;0;1;0;15924;HE35000001N202509.DTS;;;0.0;0.0;0.0;0.0;0.0;0;;;;;;;;;;0;0;0;0;0;0;0;0;0;0.0;Câncer de Pele (Não Melanoma);13509654;-22.41139;-47.56139;Recanto das Pedras (Assistência);Rua 2 Assistência;BrasilAPI;55;2025;356.81
350000;2025;9;9;46374500022597.0;3525105816386;1;13500421;354390;19811111;3;0;0;0;0;0;0;0;0;0;0;0;401020053;401020053;250.26;106.55;0.0;0.0;0.0;0.0;0.0;0.0;0.0;0.0;0.0;356.81;0.0;66.32;20250904;20250904;C448;0;12;0;1023;2;0;0;353870;4;43;0;0;10;;1;0;;0;0;0;;0;0;1;0;0;0;0;0;0;0;0;;6284582;46374500000194.0;;0;0;2;6;;0;1;0;15911;HE35000001N202509.DTS;;;0.0;0.0;0.0;0.0;0.0;0;;;;;;;;;;0;0;0;0;0;0;0;0;0;0.0;Câncer de Pele (Não Melanoma);13500421;-22.41139;-47.56139;Centro;Avenida 4;BrasilAPI;43;2025;356.81
354390;2025;9;3;56384183000140.0;3525128490477;1;13501633;354390;19550921;3;0;0;0;0;0;0;0;0;0;0;1;301060070;301060070;30.47;9.91;0.0;0.0;0.0;0.0;0.0;0.0;0.0;0.0;0.0;40.38;0.0;7.5;20250901;20250901;C443;0;12;0;3999;1;0;0;354390;4;69;0;0;10;;2;0;;0;0;0;;0;0;1;0;0;0;0;0;0;0;0;;2082888;;;0;0;2;6;;0;1;0;463;HM35439001N202509.DTS;;;0.0;0.0;0.0;0.0;0.0;0;;;;;;;;;;0;0;0;0;0;0;0;0;0;0.0;Câncer de Pele (Não Melanoma);13501633;-22.41139;-47.56139;Jardim Itapuã;Rua 18;BrasilAPI;69;2025;40.38
354390;2025;9;1;56384183000140.0;3525128495966;1;13501633;354390;19550921;3;0;0;0;0;0;0;0;0;0;1;1;416080081;416080081;2403.14;963.9;0.0;0.0;0.0;0.0;0.0;0.0;0.0;0.0;0.0;3367.04;0.0;625.84;20250922;20250923;C443;0;12;0;3999;1;0;0;354390;4;70;1;0;10;;2;0;;0;0;0;;0;0;1;0;0;0;0;0;7;1;8291227888;;2082888;;;0;0;3;6;;0;1;0;146;HM35439001N202509.DTS;;;0.0;0.0;0.0;0.0;0.0;0;;;;;;;;;;0;0;0;0;0;0;0;0;0;0.0;Câncer de Pele (Não Melanoma);13501633;-22.41139;-47.56139;Jardim Itapuã;Rua 18;BrasilAPI;70;2025;3367.04
354390;2025;9;1;56384183000140.0;3525128491731;1;13500181;354390;19430416;3;0;0;0;0;0;0;0;0;0;0;1;416080081;416080081;2435.92;963.9;0.0;0.0;0.0;0.0;0.0;0.0;0.0;0.0;0.0;3399.82;0.0;631.93;20250905;20250905;C449;0;12;0;3999;1;0;0;354390;4;82;0;0;10;;1;0;;0;0;0;;0;0;1;0;0;0;0;0;7;1;8291227888;;2082888;;;0;0;3;6;;0;1;0;68;HM35439001N202509.DTS;;;0.0;0.0;0.0;0.0;0.0;0;I10;E149;;;;;;;;1;1;0;0;0;0;0;0;0;0.0;Câncer de Pele (Não Melanoma);13500181;-22.41139;-47.56139;Centro;Rua 5;BrasilAPI;82;2025;3399.82
350000;2025;8;9;46374500022597.0;3525501641277;1;13508502;354390;19490614;3;0;0;0;0;0;0;0;0;0;0;0;401020053;401020053;250.26;106.55;0.0;0.0;0.0;0.0;0.0;0.0;0.0;0.0;0.0;713.62;0.0;134.39;20250811;20250811;C448;0;12;0;1023;2;0;0;353870;4;76;0;0;10;;1;0;;0;0;0;;0;0;1;0;0;0;0;0;0;0;0;;6284582;46374500000194.0;;0;0;2;4;40080.0;0;1;0;15857;HE35000001N202508.DTS;;;250.26;106.55;0.0;0.0;0.0;0;;;;;;;;;;0;0;0;0;0;0;0;0;0;0.0;Câncer de Pele (Não Melanoma);13508502;-22.41139;-47.56139;Centro (Ajapi);Avenida 2 Ajapi;BrasilAPI;76;2025;713.62
350000;2025;8;9;46374500022597.0;3525105814990;1;13505193;354390;19700519;3;0;0;0;0;0;0;0;0;0;0;0;401020053;401020053;250.26;106.55;0.0;0.0;0.0;0.0;0.0;0.0;0.0;0.0;0.0;356.81;0.0;67.19;20250814;20250814;C448;0;12;0;1023;2;0;0;353870;4;55;0;0;10;;1;0;;0;0;0;;0;0;1;0;0;0;0;0;0;0;0;;6284582;46374500000194.0;;0;0;2;6;;0;1;0;15765;HE35000001N202508.DTS;;;0.0;0.0;0.0;0.0;0.0;0;;;;;;;;;;0;0;0;0;0;0;0;0;0;0.0;Câncer de Pele (Não Melanoma);13505193;-22.41139;-47.56139;Jardim São Caetano II;Avenida 4 SCT;BrasilAPI;55;2025;356.81
350000;2025;8;9;46374500026584.0;3525104859716;1;13505006;354390;19750301;3;0;0;0;0;0;0;0;0;0;0;0;401020053;401020053;291.04;106.55;0.0;0.0;0.0;0.0;0.0;0.0;0.0;0.0;0.0;397.59;0.0;74.87;20250827;20250827;C449;0;12;0;1023;2;0;0;354580;4;50;0;0;10;;1;0;;0;0;0;;0;0;1;0;0;0;0;0;0;0;0;;6212581;46374500000194.0;;0;0;2;6;;0;1;0;6332;HE35000001N202508.DTS;;;0.0;0.0;0.0;0.0;0.0;0;;;;;;;;;;0;0;0;0;0;0;0;0;0;0.0;Câncer de Pele (Não Melanoma);13505006;-22.41139;-47.56139;Jardim Floridiana;Avenida M 27;BrasilAPI;50;2025;397.59
354390;2025;8;1;56384183000140.0;3525120719560;1;13504689;354390;19441004;3;0;0;0;0;0;0;0;0;0;0;1;401020053;401020053;323.44;106.55;0.0;0.0;0.0;0.0;0.0;0.0;0.0;0.0;0.0;429.99;0.0;80.97;20250815;20250815;C443;0;12;0;3999;1;0;0;354390;4;80;0;0;10;;2;0;;0;0;0;;0;0;1;0;0;0;0;0;0;0;0;;2082888;;;0;0;2;6;;0;1;0;272;HM35439001N202508.DTS;;;0.0;0.0;0.0;0.0;0.0;0;;;;;;;;;;0;0;0;0;0;0;0;0;0;0.0;Câncer de Pele (Não Melanoma);13504689;-22.41139;-47.56139;Jardim Boa Vista;Avenida 96 BV;BrasilAPI;80;2025;429.99
350000;2025;7;9;46374500022597.0;3525105813010;1;13501440;354390;19571029;3;0;0;0;0;0;0;0;0;0;0;0;401020053;401020053;250.26;106.55;0.0;0.0;0.0;0.0;0.0;0.0;0.0;0.0;0.0;356.81;0.0;65.83;20250707;20250707;C448;0;12;0;1023;2;0;0;353870;4;67;0;0;10;;1;0;;0;0;0;;0;0;1;0;0;0;0;0;0;0;0;;6284582;46374500000194.0;;0;0;2;6;;0;1;0;15210;HE35000001N202507.DTS;;;0.0;0.0;0.0;0.0;0.0;0;;;;;;;;;;0;0;0;0;0;0;0;0;0;0.0;Câncer de Pele (Não Melanoma);13501440;-22.41139;-47.56139;Estádio;Avenida 33;BrasilAPI;67;2025;356.81
350000;2025;7;3;46374500016430.0;3525102751918;1;13505360;354390;19340511;3;0;0;0;0;0;0;0;0;0;0;8;304100013;304100013;420.64;65.2;0.0;0.0;0.0;0.0;0.0;0.0;0.0;0.0;0.0;485.84;0.0;89.63;20250610;20250617;C448;0;41;0;1023;2;0;0;355030;4;91;7;1;10;;2;0;;0;0;0;;0;0;1;0;0;0;0;0;0;0;0;;6123740;46374500000194.0;;0;0;2;6;;7102;3;0;119792;HE35000001N202507.DTS;;;0.0;0.0;0.0;0.0;0.0;0;;;;;;;;;;0;0;0;0;0;0;0;0;0;0.0;Câncer de Pele (Não Melanoma);13505360;-22.41139;-47.56139;Jardim Cherveson;Avenida M 21;BrasilAPI;91;2025;485.84
350000;2025;7;9;46374500022597.0;3525105813284;1;13502170;354390;19710529;3;0;0;0;0;0;0;0;0;0;0;0;401020053;401020053;250.26;106.55;0.0;0.0;0.0;0.0;0.0;0.0;0.0;0.0;0.0;356.81;0.0;65.83;20250721;20250721;C448;0;12;0;1023;2;0;0;353870;4;54;0;0;10;;1;0;;0;0;0;;0;0;1;0;0;0;0;0;0;0;0;;6284582;46374500000194.0;;0;0;2;6;;0;1;0;15237;HE35000001N202507.DTS;;;0.0;0.0;0.0;0.0;0.0;0;;;;;;;;;;0;0;0;0;0;0;0;0;0;0.0;Câncer de Pele (Não Melanoma);13502170;-22.41139;-47.56139;Jardim Residencial das Palmeiras;Rua 12 JP;BrasilAPI;54;2025;356.81
350000;2025;7;9;46374500022597.0;3525105813658;1;13506551;354390;19621002;3;0;0;0;0;0;0;0;0;0;0;0;401020053;401020053;250.26;106.55;0.0;0.0;0.0;0.0;0.0;0.0;0.0;0.0;0.0;356.81;0.0;65.83;20250724;20250724;C448;0;12;0;1023;2;0;0;353870;4;62;0;0;10;;1;0;;0;0;0;;0;0;1;0;0;0;0;0;0;0;0;;6284582;46374500000194.0;;0;0;2;6;;0;1;0;15252;HE35000001N202507.DTS;;;0.0;0.0;0.0;0.0;0.0;0;;;;;;;;;;0;0;0;0;0;0;0;0;0;0.0;Câncer de Pele (Não Melanoma);13506551;-22.41139;-47.56139;Vila Nova;Rua 10 A;BrasilAPI;62;2025;356.81
350000;2025;10;9;46374500022597.0;3525105818410;1;13506555;354390;19450314;3;0;0;0;0;0;0;0;0;0;0;0;401020053;401020053;250.26;106.55;0.0;0.0;0.0;0.0;0.0;0.0;0.0;0.0;0.0;356.81;0.0;66.94;20251001;20251001;C448;0;12;0;1023;2;0;0;353870;4;80;0;0;10;;1;0;;0;0;0;;0;0;1;0;0;0;0;0;0;0;0;;6284582;46374500000194.0;;0;0;2;6;;0;1;0;13953;HE35000001N202510.DTS;;;0.0;0.0;0.0;0.0;0.0;0;;;;;;;;;;0;0;0;0;0;0;0;0;0;0.0;Câncer de Pele (Não Melanoma);13506555;-22.3914709;-47.5504219;Vila Nova;Rua 11 A;BrasilAPI;80;2025;356.81
350000;2025;10;1;50753755000135.0;3525132894184;1;13506838;354390;19410412;3;0;0;0;0;0;0;0;0;0;0;1;416080120;416080120;837.2;168.07;0.0;0.0;0.0;0.0;0.0;0.0;0.0;0.0;0.0;1005.27;0.0;188.6;20251020;20251020;C448;0;12;0;3069;2;0;0;352530;4;84;0;0;10;;1;0;;0;0;0;;0;0;1;0;0;0;0;0;0;0;0;;2083086;;;0;0;3;6;;0;1;0;119534;HE35000001N202510.DTS;;;0.0;0.0;0.0;0.0;0.0;0;;;;;;;;;;0;0;0;0;0;0;0;0;0;0.0;Câncer de Pele (Não Melanoma);13506838;-22.41139;-47.56139;Vila Paulista;Avenida P 39;BrasilAPI;84;2025;1005.27
350000;2025;10;9;46374500022597.0;3525105818839;1;13502470;354390;19450517;3;0;0;0;0;0;0;0;0;0;0;0;401020053;401020053;250.26;106.55;0.0;0.0;0.0;0.0;0.0;0.0;0.0;0.0;0.0;356.81;0.0;66.94;20251009;20251009;C448;0;12;0;1023;2;0;0;353870;4;80;0;0;10;;1;0;;0;0;0;;0;0;1;0;0;0;0;0;0;0;0;;6284582;46374500000194.0;;0;0;2;6;;0;1;0;13995;HE35000001N202510.DTS;;;0.0;0.0;0.0;0.0;0.0;0;;;;;;;;;;0;0;0;0;0;0;0;0;0;0.0;Câncer de Pele (Não Melanoma);13502470;-22.41139;-47.56139;Jardim Guanabara II;Avenida 9 JG;BrasilAPI;80;2025;356.81
354390;2025;10;1;56384183000140.0;3525128499068;1;13506666;354390;19481005;3;0;0;0;0;0;0;0;0;0;0;1;416080081;416080081;2435.92;963.9;0.0;0.0;0.0;0.0;0.0;0.0;0.0;0.0;0.0;3399.82;0.0;637.86;20251003;20251003;C449;0;12;0;3999;1;0;0;354390;4;76;0;0;10;;1;0;;0;0;0;;0;0;1;0;0;0;0;0;7;1;8291227888;;2082888;;;0;0;3;6;;0;3;0;75;HM35439001N202510.DTS;;;0.0;0.0;0.0;0.0;0.0;0;C509;;;;;;;;;1;0;0;0;0;0;0;0;0;0.0;Câncer de Pele (Não Melanoma);13506666;-22.41139;-47.56139;Vila Alemã;Rua 10 A;BrasilAPI;76;2025;3399.82
354390;2025;10;1;56384183000140.0;3525133563534;1;13504641;354390;19450923;3;0;0;0;0;0;0;0;0;0;0;1;416080081;416080081;2435.92;963.9;0.0;0.0;0.0;0.0;0.0;0.0;0.0;0.0;0.0;3399.82;0.0;637.86;20251010;20251010;C449;0;12;0;3999;1;0;0;354390;4;80;0;0;10;;1;0;;0;0;0;;0;0;1;0;0;0;0;0;7;1;8291227888;;2082888;;;0;0;3;6;;0;1;0;187;HM35439001N202510.DTS;;;0.0;0.0;0.0;0.0;0.0;0;I10;;;;;;;;;1;0;0;0;0;0;0;0;0;0.0;Câncer de Pele (Não Melanoma);13504641;-22.41139;-47.56139;Jardim das Paineiras;Avenida 50 PA;BrasilAPI;80;2025;3399.82
354390;2025;10;3;56384183000140.0;3525133566592;1;13505120;354390;19501211;3;0;0;0;0;0;0;0;0;0;0;6;304100021;304100021;867.82;65.14;0.0;0.0;0.0;0.0;0.0;0.0;0.0;0.0;0.0;932.96;0.0;175.03;20251018;20251024;C448;0;12;0;3999;1;0;0;354390;4;74;6;0;10;;2;0;;0;0;0;;0;0;1;0;0;0;0;0;0;0;0;;2082888;;;0;0;2;6;;0;1;0;721;HM35439001N202510.DTS;;;0.0;0.0;0.0;0.0;0.0;0;I510;;;;;;;;;1;0;0;0;0;0;0;0;0;0.0;Câncer de Pele (Não Melanoma);13505120;-22.41139;-47.56139;Parque das Indústrias;Rua M 8;BrasilAPI;74;2025;932.96
354390;2021;4;3;56384183000140.0;3521111858000;1;13500181;354390;19500830;3;0;0;0;0;0;0;0;0;0;0;3;304100021;304100021;367.1;65.14;0.0;0.0;0.0;0.0;0.0;0.0;0.0;0.0;0.0;432.24;0.0;82.64;20210403;20210405;C343;0;41;0;3999;1;0;0;354390;4;70;2;1;10;;2;0;;0;0;0;;0;0;1;0;0;0;0;0;0;0;0;;2082888;;;0;0;2;6;;0;1;0;545;HM35439001N202104.DTS;;;0.0;0.0;0.0;0.0;0.0;0;D385;;;;;;;;;2;0;0;0;0;0;0;0;0;;Câncer de Pulmão;13500181;-22.41139;-47.56139;Centro;Rua 5;BrasilAPI;70;2021;432.24
354390;2021;2;3;56384183000140.0;3521109540817;1;13501380;354390;19491215;3;0;0;0;0;0;0;0;0;0;1;1;304100021;304100021;310.3;65.14;0.0;0.0;0.0;0.0;0.0;0.0;0.0;0.0;0.0;375.44;0.0;65.98;20210227;20210227;C349;0;41;0;3999;1;0;0;354390;4;71;0;1;10;;2;0;;0;0;0;;0;0;1;0;0;0;0;0;0;0;0;;2082888;;;0;0;2;6;;0;3;0;436;HM35439001N202102.DTS;;;0.0;0.0;0.0;0.0;0.0;0;I10;E148;;;;;;;;1;1;0;0;0;0;0;0;0;;Câncer de Pulmão;13501380;-22.41139;-47.56139;Estádio;Rua 21 BE;BrasilAPI;71;2021;375.44
354390;2021;3;3;56384183000140.0;3521109541609;1;13502745;354390;19570627;3;0;0;0;0;0;0;0;0;0;4;4;304100021;304100021;334.3;65.14;0.0;0.0;0.0;0.0;0.0;0.0;0.0;0.0;0.0;399.44;0.0;73.97;20210302;20210305;C349;0;41;0;3999;1;0;0;354390;4;63;3;1;10;;2;0;;0;0;0;;0;0;1;0;0;0;0;0;0;0;0;;2082888;;;0;0;2;6;;0;1;0;337;HM35439001N202103.DTS;;;0.0;0.0;0.0;0.0;0.0;0;C500;;;;;;;;;1;0;0;0;0;0;0;0;0;;Câncer de Pulmão;13502745;-22.41139;-47.56139;Jardim Novo;Rua 5 JN;BrasilAPI;63;2021;399.44
354390;2021;3;3;56384183000140.0;3521109537176;1;13500511;354390;19860219;3;0;0;0;0;0;0;0;0;0;0;9;304100021;304100021;475.68;65.14;0.0;0.0;0.0;0.0;0.0;0.0;0.0;0.0;0.0;540.82;0.0;100.15;20210221;20210302;C349;0;12;0;3999;1;0;0;354390;4;35;9;0;10;;2;0;;0;0;0;;0;0;1;0;0;0;0;0;0;0;0;;2082888;;;0;0;2;6;;0;1;0;324;HM35439001N202103.DTS;;;0.0;0.0;0.0;0.0;0.0;0;C509;;;;;;;;;1;0;0;0;0;0;0;0;0;;Câncer de Pulmão;13500511;-22.41139;-47.56139;Vila Aparecida;Rua 1 A;BrasilAPI;35;2021;540.82
354390;2021;10;3;56384183000140.0;3521123736207;1;13505120;354390;19541223;3;0;0;0;0;0;0;0;0;0;2;2;304100021;304100021;318.3;65.14;0.0;0.0;0.0;0.0;0.0;0.0;0.0;0.0;0.0;383.44;0.0;68.34;20211020;20211021;C349;0;41;0;3999;1;0;0;354390;4;66;1;1;10;;2;0;;0;0;0;;0;0;1;0;0;0;0;0;0;0;0;;2082888;;;0;0;2;6;;0;1;0;419;HM35439001N202110.DTS;;;0.0;0.0;0.0;0.0;0.0;0;C787;J960;;;;;;;;1;1;0;0;0;0;0;0;0;;Câncer de Pulmão;13505120;-22.41139;-47.56139;Parque das Indústrias;Rua M 8;BrasilAPI;66;2021;383.44
354390;2021;10;3;56384183000140.0;3521126315366;1;13503668;354390;19571225;3;0;0;0;0;0;0;0;0;0;6;6;304100021;304100021;753.12;65.14;0.0;0.0;0.0;0.0;0.0;0.0;0.0;0.0;0.0;818.26;0.0;145.85;20211024;20211029;C349;0;41;0;3999;1;0;0;354390;4;63;5;1;10;;2;0;;0;0;0;;0;0;1;0;0;0;0;0;0;0;0;;2082888;;;0;0;2;6;;0;2;0;487;HM35439001N202110.DTS;;;0.0;0.0;0.0;0.0;0.0;0;I10;Z720;;;;;;;;1;1;0;0;0;0;0;0;0;;Câncer de Pulmão;13503668;-22.41139;-47.56139;Novo Jardim Wenzel;Rua 9 JW;BrasilAPI;63;2021;818.26
350000;2021;5;1;50753755000135.0;3521110944153;1;13506544;354390;19990217;3;0;0;0;1;75;0;0;0;0;0;3;416110061;416110061;3267.75;877.76;0.0;0.0;0.0;0.0;0.0;0.0;0.0;0.0;0.0;4145.51;478.72;829.1;20210504;20210508;C343;0;12;0;3069;2;0;0;352530;4;22;4;0;10;;1;0;;0;0;0;;0;0;1;0;0;0;0;0;0;0;0;;2083086;;;0;0;3;6;;7104;1;0;36741;HE35000001N202105.DTS;;;0.0;0.0;0.0;0.0;0.0;0;;;;;;;;;;0;0;0;0;0;0;0;0;0;;Câncer de Pulmão;13506544;-22.41139;-47.56139;Vila Nova;Rua 8 A.;BrasilAPI;22;2021;4145.51
350000;2022;2;1;50753755000135.0;3522100740312;1;13501050;354390;19740306;3;0;0;0;0;0;0;0;0;0;0;4;416110061;416110061;2876.53;809.96;0.0;0.0;0.0;0.0;0.0;0.0;0.0;0.0;0.0;3686.49;0.0;779.38;20220221;20220225;C341;0;12;0;3069;2;0;0;352530;4;47;4;0;10;;1;0;;0;0;0;;0;0;1;0;0;0;0;0;0;0;0;;2083086;;;0;0;3;6;;7104;1;0;83066;HE35000001N202202.DTS;;;0.0;0.0;0.0;0.0;0.0;0;;;;;;;;;;0;0;0;0;0;0;0;0;0;;Câncer de Pulmão;13501050;-22.41139;-47.56139;Cidade Jardim;Rua 4 CJ;BrasilAPI;47;2022;3686.49
354390;2022;2;3;56384183000140.0;3522106329016;1;13502460;354390;19630817;3;0;0;0;0;0;0;0;0;0;0;8;304100013;304100013;501.87;65.2;0.0;0.0;0.0;0.0;0.0;0.0;0.0;0.0;0.0;567.07;0.0;119.88;20220103;20220110;C349;0;27;0;3999;1;0;0;354390;4;58;7;0;10;;2;0;;0;0;0;;0;0;1;0;0;0;0;0;0;1;8291227888;;2082888;;;0;0;2;6;;0;3;0;331;HM35439001N202202.DTS;;;0.0;0.0;0.0;0.0;0.0;0;R521;;;;;;;;;1;0;0;0;0;0;0;0;0;;Câncer de Pulmão;13502460;-22.41139;-47.56139;Jardim Guanabara II;Avenida 7 JG;BrasilAPI;58;2022;567.07
354390;2022;2;3;56384183000140.0;3522106330325;1;13502460;354390;19630817;3;0;0;0;0;0;0;0;0;0;0;22;304100021;304100021;1211.38;119.32;0.0;0.0;0.0;0.0;0.0;0.0;0.0;0.0;0.0;1330.7;0.0;281.33;20220110;20220201;C349;0;12;0;3999;1;0;0;354390;4;58;22;0;10;;2;0;;0;0;0;;0;0;1;0;0;0;0;0;0;1;8291227888;;2082888;;;0;0;2;6;;0;3;0;335;HM35439001N202202.DTS;;;0.0;0.0;0.0;0.0;0.0;0;;;;;;;;;;0;0;0;0;0;0;0;0;0;;Câncer de Pulmão;13502460;-22.41139;-47.56139;Jardim Guanabara II;Avenida 7 JG;BrasilAPI;58;2022;1330.7
354390;2022;4;3;56384183000140.0;3522111530982;1;13500402;354390;19661127;3;0;0;0;0;0;0;0;0;0;0;4;304100021;304100021;389.99;86.14;0.0;0.0;0.0;0.0;0.0;0.0;0.0;0.0;0.0;476.13;0.0;100.87;20220408;20220412;C348;0;12;0;3999;1;0;0;354390;4;55;4;0;10;;2;0;;0;0;0;;0;0;1;0;0;0;0;0;0;1;8291227888;;2082888;;;0;0;2;6;;0;1;0;1002;HM35439001N202204.DTS;;;0.0;0.0;0.0;0.0;0.0;0;;;;;;;;;;0;0;0;0;0;0;0;0;0;;Câncer de Pulmão;13500402;-22.41139;-47.56139;Centro;Avenida 1;BrasilAPI;55;2022;476.13
354390;2022;5;1;56384183000140.0;3522111534931;1;13505421;354390;19600211;3;0;0;0;2;75;0;0;0;0;4;4;416110061;416110061;4832.7;875.97;0.0;0.0;0.0;0.0;0.0;0.0;0.0;0.0;0.0;5708.67;1200.0;1091.52;20220405;20220411;C343;0;12;0;3999;1;0;0;354390;4;62;6;0;10;;1;0;;0;0;0;;0;0;1;0;0;0;0;0;0;0;0;;2082888;;;0;0;3;6;;0;1;0;658;HM35439001N202205.DTS;;;0.0;0.0;0.0;0.0;0.0;0;C20;;;;;;;;;1;0;0;0;0;0;0;0;0;;Câncer de Pulmão;13505421;-22.41139;-47.56139;Jardim Ipanema (Expansão);Avenida M 33;BrasilAPI;62;2022;5708.67
354390;2022;5;1;56384183000140.0;3522111529596;1;13502460;354390;19630817;3;0;0;0;0;0;0;0;0;0;0;5;416110070;416110070;3003.85;674.97;0.0;0.0;0.0;0.0;0.0;0.0;0.0;0.0;0.0;3678.82;0.0;703.4;20220329;20220402;C342;0;41;0;3999;1;0;0;354390;4;58;4;1;10;;1;0;;0;0;0;;0;0;1;0;0;0;0;0;0;0;0;;2082888;;;0;0;3;6;;0;3;0;640;HM35439001N202205.DTS;;;0.0;0.0;0.0;0.0;0.0;0;C384;;;;;;;;;1;0;0;0;0;0;0;0;0;;Câncer de Pulmão;13502460;-22.41139;-47.56139;Jardim Guanabara II;Avenida 7 JG;BrasilAPI;58;2022;3678.82
354390;2022;5;1;56384183000140.0;3522111537098;1;13500970;354390;19610109;3;0;0;0;0;0;0;0;0;0;3;3;416110010;416110010;4301.97;770.97;0.0;0.0;0.0;0.0;0.0;0.0;0.0;0.0;0.0;5072.94;0.0;969.96;20220503;20220506;C341;0;12;0;3999;1;0;0;354390;4;61;3;0;10;;1;0;;0;0;0;;0;0;1;0;0;0;0;0;0;0;0;;2082888;;;0;0;3;6;;0;1;0;709;HM35439001N202205.DTS;;;0.0;0.0;0.0;0.0;0.0;0;I10;C20;C56;;;;;;;1;1;1;0;0;0;0;0;0;;Câncer de Pulmão;13500970;-22.41139;-47.56139;Centro;Rua 1 1171;BrasilAPI;61;2022;5072.94
352690;2022;11;1;51473692000126.0;3522128716359;1;13505487;354390;19630817;3;0;0;0;1;75;0;0;0;0;0;3;416110061;416110061;2928.81;764.97;0.0;0.0;0.0;0.0;0.0;0.0;0.0;0.0;0.0;3693.78;600.0;708.97;20221023;20221027;C349;0;12;0;3999;1;0;0;352690;4;59;4;0;10;;1;0;;0;0;0;;0;0;1;0;0;0;0;0;0;0;0;;2081458;;;0;0;3;6;;0;1;0;268;HM35269001N202211.DTS;;;0.0;0.0;0.0;0.0;0.0;0;;;;;;;;;;0;0;0;0;0;0;0;0;0;;Câncer de Pulmão;13505487;-22.41139;-47.56139;Residencial das Flores;Avenida M 57;BrasilAPI;59;2022;3693.78
352690;2022;9;1;51473692000126.0;3522125401553;1;13506569;354390;19540707;3;0;0;0;3;75;0;0;0;0;3;3;416110010;416110010;6218.16;1019.97;0.0;0.0;0.0;0.0;0.0;0.0;0.0;0.0;0.0;7238.13;1800.0;1378.69;20220724;20220730;C349;0;12;0;3999;1;0;0;352690;4;68;6;0;10;;1;0;;0;0;0;;0;0;1;0;0;0;0;0;0;0;0;;2081458;;;0;0;3;6;;0;1;0;516;HM35269001N202209.DTS;;;0.0;0.0;0.0;0.0;0.0;0;;;;;;;;;;0;0;0;0;0;0;0;0;0;;Câncer de Pulmão;13506569;-22.41139;-47.56139;Vila Alemã;Rua 7 A;BrasilAPI;68;2022;7238.13
354390;2022;9;3;56384183000140.0;3522122292106;1;13502470;354390;19580116;3;0;0;0;0;0;0;0;0;0;5;5;304100021;304100021;402.3;65.14;0.0;0.0;0.0;0.0;0.0;0.0;0.0;0.0;0.0;467.44;0.0;89.03;20220912;20220916;C349;0;41;0;3999;1;0;0;354390;4;64;4;1;10;;2;0;;0;0;0;;0;0;1;0;0;0;0;0;0;0;0;;2082888;;;0;0;2;6;;0;1;0;1151;HM35439001N202209.DTS;;;0.0;0.0;0.0;0.0;0.0;0;J189;I10;;;;;;;;1;1;0;0;0;0;0;0;0;;Câncer de Pulmão;13502470;-22.41139;-47.56139;Jardim Guanabara II;Avenida 9 JG;BrasilAPI;64;2022;467.44
354390;2023;1;3;56384183000140.0;3523106180760;1;13506845;354390;19510208;3;0;0;0;0;0;0;0;0;0;6;6;304100021;304100021;760.14;65.14;0.0;0.0;0.0;0.0;0.0;0.0;0.0;0.0;0.0;825.28;0.0;158.7;20230118;20230124;C348;0;12;0;3999;1;0;0;354390;4;71;6;0;10;;2;0;;0;0;0;;0;0;1;0;0;0;0;0;0;1;8291227888;;2082888;;;0;0;2;6;;0;1;0;519;HM35439001N202301.DTS;;;0.0;0.0;0.0;0.0;0.0;0;J91;Z515;;;;;;;;1;1;0;0;0;0;0;0;0;;Câncer de Pulmão;13506845;-22.41139;-47.56139;Vila Paulista;Avenida Conde Francisco Matarazzo Júnior;BrasilAPI;71;2023;825.28
354390;2023;1;3;56384183000140.0;3522131794412;1;13506845;354390;19510208;3;0;0;0;0;0;0;0;0;0;8;8;304100013;304100013;660.77;149.2;0.0;0.0;0.0;0.0;0.0;0.0;0.0;0.0;0.0;809.97;0.0;155.76;20221219;20221226;C348;0;27;0;3999;1;0;0;354390;4;71;7;0;10;;2;0;;0;0;0;;0;0;1;0;0;0;0;0;0;1;8291227888;;2082888;;;0;0;2;6;;0;1;0;364;HM35439001N202301.DTS;;;0.0;0.0;0.0;0.0;0.0;0;J90;;;;;;;;;1;0;0;0;0;0;0;0;0;;Câncer de Pulmão;13506845;-22.41139;-47.56139;Vila Paulista;Avenida Conde Francisco Matarazzo Júnior;BrasilAPI;71;2022;809.97
353870;2023;12;1;54384631000261.0;3523125667930;1;13501410;354390;19910514;3;0;0;0;0;0;0;0;0;0;0;1;416020194;416020194;2962.41;892.95;0.0;0.0;0.0;0.0;0.0;0.0;0.0;0.0;0.0;3855.36;0.0;778.86;20231214;20231215;C349;0;12;0;3999;1;0;0;353870;4;32;1;0;10;;1;0;;0;0;0;;0;0;1;0;0;0;0;0;7;1;592725707;;2087057;;;0;0;3;6;;0;1;0;167;HM35387001N202312.DTS;;;0.0;0.0;0.0;0.0;0.0;0;C819;;;;;;;;;2;0;0;0;0;0;0;0;0;;Câncer de Pulmão;13501410;-22.41139;-47.56139;Estádio;Avenida 27;BrasilAPI;32;2023;3855.36
354390;2023;12;3;56384183000140.0;3523127847613;1;13500320;354390;19510503;3;0;0;0;0;0;0;0;0;0;5;5;304100021;304100021;370.3;65.14;0.0;0.0;0.0;0.0;0.0;0.0;0.0;0.0;0.0;435.44;0.0;87.96;20231129;20231203;C349;0;41;0;3999;1;0;0;354390;4;72;4;1;10;;2;0;;0;0;0;;0;0;1;0;0;0;0;0;0;0;0;;2082888;;;0;0;2;6;;0;1;0;374;HM35439001N202312.DTS;;;0.0;0.0;0.0;0.0;0.0;0;J960;R54;;;;;;;;1;1;0;0;0;0;0;0;0;;Câncer de Pulmão;13500320;-22.419576;-47.5663053;Saúde;Avenida 17;AwesomeAPI;72;2023;435.44
354390;2023;12;3;56384183000140.0;3523127848966;1;13502100;354390;19540521;3;0;0;0;0;0;0;0;0;0;4;4;304100021;304100021;457.13;65.14;0.0;0.0;0.0;0.0;0.0;0.0;0.0;0.0;0.0;522.27;0.0;105.5;20231203;20231207;C349;0;12;0;3999;1;0;0;354390;4;69;4;0;10;;2;0;;0;0;0;;0;0;1;0;0;0;0;0;0;0;0;;2082888;;;0;0;2;6;;0;1;0;414;HM35439001N202312.DTS;;;0.0;0.0;0.0;0.0;0.0;0;;;;;;;;;;0;0;0;0;0;0;0;0;0;;Câncer de Pulmão;13502100;-22.41139;-47.56139;Jardim Residencial das Palmeiras;Avenida dos Costas;BrasilAPI;69;2023;522.27
354390;2023;12;3;56384183000140.0;3523130833960;1;13503000;354390;19841012;3;0;0;0;0;0;0;0;0;0;0;3;304100021;304100021;325.65;65.14;0.0;0.0;0.0;0.0;0.0;0.0;0.0;0.0;0.0;390.79;0.0;78.94;20231219;20231222;C348;0;12;0;3999;1;0;0;354390;4;39;3;0;10;;2;0;;0;0;0;;0;0;1;0;0;0;0;0;0;1;8291227888;;2082888;;;0;0;2;6;;0;1;0;453;HM35439001N202312.DTS;;;0.0;0.0;0.0;0.0;0.0;0;W999;J90;Z720;;;;;;;1;1;1;0;0;0;0;0;0;;Câncer de Pulmão;13503000;-22.41139;-47.56139;Jardim São Paulo;Rua 15;BrasilAPI;39;2023;390.79
354390;2023;12;3;56384183000140.0;3523130838821;1;13503000;354390;19841012;3;0;0;0;0;0;0;0;0;0;0;9;304100013;304100013;440.36;86.2;0.0;0.0;0.0;0.0;0.0;0.0;0.0;0.0;0.0;526.56;0.0;106.37;20231211;20231219;C348;0;27;0;3999;1;0;0;354390;4;39;8;0;10;;2;0;;0;0;0;;0;0;1;0;0;0;0;0;0;1;8291227888;;2082888;;;0;0;2;6;;0;1;0;616;HM35439001N202312.DTS;;;0.0;0.0;0.0;0.0;0.0;0;;;;;;;;;;0;0;0;0;0;0;0;0;0;;Câncer de Pulmão;13503000;-22.41139;-47.56139;Jardim São Paulo;Rua 15;BrasilAPI;39;2023;526.56
354390;2023;11;3;56384183000140.0;3523127843246;1;13504688;354390;19660611;3;0;0;0;0;0;0;0;0;0;0;8;304100013;304100013;390.97;65.2;0.0;0.0;0.0;0.0;0.0;0.0;0.0;0.0;0.0;456.17;0.0;94.25;20231101;20231108;C348;0;27;0;3999;1;0;0;354390;4;57;7;0;10;;2;0;;0;0;0;;0;0;1;0;0;0;0;0;0;1;8291227888;;2082888;;;0;0;2;6;;0;3;0;1084;HM35439001N202311.DTS;;;0.0;0.0;0.0;0.0;0.0;0;W999;;;;;;;;;1;0;0;0;0;0;0;0;0;;Câncer de Pulmão;13504688;-22.41139;-47.56139;Jardim Boa Vista;Avenida 94 BV;BrasilAPI;57;2023;456.17
354390;2023;11;3;56384183000140.0;3523127843257;1;13504688;354390;19660611;3;0;0;0;0;0;0;0;0;0;0;5;304100021;304100021;344.33;65.14;0.0;0.0;0.0;0.0;0.0;0.0;0.0;0.0;0.0;409.47;0.0;84.6;20231108;20231112;C348;0;41;0;3999;1;0;0;354390;4;57;4;1;10;;2;0;;0;0;0;;0;0;1;0;0;0;0;0;0;1;8291227888;;2082888;;;0;0;2;6;;0;3;0;1085;HM35439001N202311.DTS;;;0.0;0.0;0.0;0.0;0.0;0;W999;;;;;;;;;1;0;0;0;0;0;0;0;0;;Câncer de Pulmão;13504688;-22.41139;-47.56139;Jardim Boa Vista;Avenida 94 BV;BrasilAPI;57;2023;409.47
354390;2023;11;1;56384183000140.0;3523127839737;1;13505490;354390;19571109;3;0;0;0;0;0;0;0;0;0;1;1;415020050;415020050;7388.44;1642.92;0.0;0.0;0.0;0.0;0.0;0.0;0.0;0.0;0.0;9031.36;0.0;1865.98;20231016;20231016;C343;0;27;0;3999;1;0;0;354390;4;65;0;0;10;;2;0;;0;0;0;;0;0;1;0;0;0;0;0;0;1;8291227888;;2082888;;;0;0;3;6;;0;3;0;659;HM35439001N202311.DTS;;;0.0;0.0;0.0;0.0;0.0;0;C770;;;;;;;;;1;0;0;0;0;0;0;0;0;;Câncer de Pulmão;13505490;-22.41139;-47.56139;Parque São Jorge;Avenida M 43;BrasilAPI;65;2023;9031.36
354390;2023;7;3;56384183000140.0;3523119588835;1;13502752;354390;19600405;3;0;0;0;0;0;0;0;0;0;8;8;304100013;304100013;454.06;65.2;0.0;0.0;0.0;0.0;0.0;0.0;0.0;0.0;0.0;519.26;0.0;105.54;20230629;20230706;C349;0;27;0;3999;1;0;0;354390;4;63;7;0;10;;2;0;;0;0;0;;0;0;1;0;0;0;0;0;0;1;8291227888;;2082888;;;0;0;2;6;;0;1;0;1372;HM35439001N202307.DTS;;;0.0;0.0;0.0;0.0;0.0;0;I313;B169;;;;;;;;1;1;0;0;0;0;0;0;0;;Câncer de Pulmão;13502752;-22.41139;-47.56139;Jardim Novo;Rua 11 JN;BrasilAPI;63;2023;519.26
354390;2023;7;3;56384183000140.0;3523119588846;1;13502752;354390;19600405;3;0;0;0;0;0;0;0;0;0;14;14;304100021;304100021;537.27;88.36;0.0;0.0;0.0;0.0;0.0;0.0;0.0;0.0;0.0;625.63;0.0;127.16;20230706;20230720;C349;0;12;0;3999;1;0;0;354390;4;63;14;0;10;;2;0;;0;0;0;;0;0;1;0;0;0;0;0;0;1;8291227888;;2082888;;;0;0;2;6;;0;1;0;1373;HM35439001N202307.DTS;;;0.0;0.0;0.0;0.0;0.0;0;I313;B169;;;;;;;;1;1;0;0;0;0;0;0;0;;Câncer de Pulmão;13502752;-22.41139;-47.56139;Jardim Novo;Rua 11 JN;BrasilAPI;63;2023;625.63
354390;2023;5;3;56384183000140.0;3523114090672;1;13501370;354390;19560115;3;0;0;0;0;0;0;0;0;0;2;2;304100021;304100021;322.97;65.14;0.0;0.0;0.0;0.0;0.0;0.0;0.0;0.0;0.0;388.11;0.0;80.68;20230505;20230506;C349;0;41;0;3999;1;0;0;354390;4;67;1;1;10;;2;0;;0;0;0;;0;0;1;0;0;0;0;0;0;0;0;;2082888;;;0;0;2;6;;0;1;0;436;HM35439001N202305.DTS;;;0.0;0.0;0.0;0.0;0.0;0;W999;J449;Z720;E148;;;;;;1;1;1;1;0;0;0;0;0;;Câncer de Pulmão;13501370;-22.41139;-47.56139;Estádio;Rua 20 BE;BrasilAPI;67;2023;388.11
354390;2023;6;3;56384183000140.0;3523115870901;1;13504770;354390;19620704;3;0;0;0;0;0;0;0;0;0;2;2;304100021;304100021;435.35;80.14;0.0;0.0;0.0;0.0;0.0;0.0;0.0;0.0;0.0;515.49;0.0;108.75;20230602;20230603;C349;0;41;0;3999;1;0;0;354390;4;60;1;1;10;;2;0;;0;0;0;;0;0;1;0;0;0;0;0;0;0;0;;2082888;;;0;0;2;6;;0;2;0;493;HM35439001N202306.DTS;;;0.0;0.0;0.0;0.0;0.0;0;I10;;;;;;;;;1;0;0;0;0;0;0;0;0;;Câncer de Pulmão;13504770;-22.41139;-47.56139;Batovi;Avenida 7;BrasilAPI;60;2023;515.49
352690;2023;8;1;51473692000126.0;3523114509992;1;13504692;354390;19581225;3;0;0;0;0;0;0;0;0;0;4;5;415010012;415010012;1867.31;997.47;0.0;0.0;0.0;0.0;0.0;0.0;0.0;0.0;0.0;2864.78;0.0;572.95;20230814;20230819;C349;0;12;0;3999;1;0;0;352690;4;64;5;0;10;;2;0;;0;0;0;;0;0;1;0;0;0;0;0;0;0;0;;2081458;;;0;0;2;6;;7102;1;0;517;HM35269001N202308.DTS;;;0.0;0.0;0.0;0.0;0.0;0;R53;;;;;;;;;1;0;0;0;0;0;0;0;0;;Câncer de Pulmão;13504692;-22.41139;-47.56139;Jardim Boa Vista;Avenida 102 BV;BrasilAPI;64;2023;2864.78
354390;2024;1;1;56384183000140.0;3524106166823;1;13500190;354390;19850303;3;0;0;0;1;75;0;0;0;0;0;0;416110061;416110061;4377.7;764.97;0.0;0.0;0.0;0.0;0.0;0.0;0.0;0.0;0.0;5142.67;600.0;1038.92;20240109;20240109;C341;0;27;0;3999;1;0;0;354390;4;38;0;0;10;;1;0;;0;0;0;;0;0;1;0;0;0;0;0;0;1;8291227888;;2082888;;;0;0;3;6;;0;1;0;118;HM35439001N202401.DTS;;;0.0;0.0;0.0;0.0;0.0;0;Z721;Z722;;;;;;;;1;1;0;0;0;0;0;0;0;;Câncer de Pulmão;13500190;-22.41139;-47.56139;Zona Central;Rua 6;BrasilAPI;38;2024;5142.67
354390;2024;1;1;56384183000140.0;3524106166834;1;13500190;354390;19850303;3;0;0;0;1;75;0;0;0;0;0;2;412040166;412040166;1184.18;515.28;0.0;0.0;0.0;0.0;0.0;0.0;0.0;0.0;0.0;1699.46;600.0;343.32;20240109;20240112;C341;0;12;0;3999;1;0;0;354390;4;38;3;0;10;;2;0;;0;0;0;;0;0;1;0;0;0;0;0;0;1;8291227888;;2082888;;;0;0;2;6;;0;1;0;119;HM35439001N202401.DTS;;;0.0;0.0;0.0;0.0;0.0;0;Z721;Z722;;;;;;;;1;1;0;0;0;0;0;0;0;;Câncer de Pulmão;13500190;-22.41139;-47.56139;Zona Central;Rua 6;BrasilAPI;38;2024;1699.46
354390;2024;1;3;56384183000140.0;3524106166009;1;13506650;354390;19650114;3;0;0;0;0;0;0;0;0;0;0;2;304100021;304100021;334.7;65.14;0.0;0.0;0.0;0.0;0.0;0.0;0.0;0.0;0.0;399.84;0.0;80.77;20240108;20240109;C348;0;41;0;3999;1;0;0;354390;4;58;1;1;10;;2;0;;0;0;0;;0;0;1;0;0;0;0;0;0;0;0;;2082888;;;0;0;2;6;;0;1;0;474;HM35439001N202401.DTS;;;0.0;0.0;0.0;0.0;0.0;0;J960;;;;;;;;;1;0;0;0;0;0;0;0;0;;Câncer de Pulmão;13506650;-22.41139;-47.56139;Vila Alemã;Avenida 36 A;BrasilAPI;58;2024;399.84
354390;2024;11;3;56384183000140.0;3524128067438;1;13502360;354390;19700225;3;0;0;0;0;0;0;0;0;0;0;8;304100013;304100013;841.65;107.2;0.0;0.0;0.0;0.0;0.0;0.0;0.0;0.0;0.0;948.85;0.0;153.28;20241010;20241017;C349;0;27;0;3999;1;0;0;354390;4;54;7;0;10;;2;0;;0;0;0;;0;0;1;0;0;0;0;0;0;1;8291227888;;2082888;;;0;0;2;6;;0;1;0;390;HM35439001N202411.DTS;;;0.0;0.0;0.0;0.0;0.0;0;;;;;;;;;;0;0;0;0;0;0;0;0;0;;Câncer de Pulmão;13502360;-22.41139;-47.56139;Jardim Nova Rio Claro;Avenida 3 NR;BrasilAPI;54;2024;948.85
354390;2024;11;3;56384183000140.0;3524128069088;1;13502360;354390;19700225;3;0;0;0;0;0;0;0;0;0;0;21;304100021;304100021;624.85;115.45;0.0;0.0;0.0;0.0;0.0;0.0;0.0;0.0;0.0;740.3;0.0;119.59;20241017;20241107;C349;0;12;0;3999;1;0;0;354390;4;54;21;0;10;;2;0;;0;0;0;;0;0;1;0;0;0;0;0;0;1;8291227888;;2082888;;;0;0;2;6;;0;1;0;438;HM35439001N202411.DTS;;;0.0;0.0;0.0;0.0;0.0;0;;;;;;;;;;0;0;0;0;0;0;0;0;0;;Câncer de Pulmão;13502360;-22.41139;-47.56139;Jardim Nova Rio Claro;Avenida 3 NR;BrasilAPI;54;2024;740.3
354390;2024;11;1;56384183000140.0;3524128068758;1;13502100;354390;19730928;3;0;0;0;0;0;0;0;0;0;0;3;416110061;416110061;4948.9;695.97;0.0;0.0;0.0;0.0;0.0;0.0;0.0;0.0;0.0;5644.87;0.0;911.93;20241104;20241107;C349;0;12;0;3999;1;0;0;354390;4;51;3;0;10;;2;0;;0;0;0;;0;0;1;0;0;0;0;0;0;0;0;;2082888;;;0;0;3;6;;0;1;0;55;HM35439001N202411.DTS;;;0.0;0.0;0.0;0.0;0.0;0;;;;;;;;;;0;0;0;0;0;0;0;0;0;;Câncer de Pulmão;13502100;-22.41139;-47.56139;Jardim Residencial das Palmeiras;Avenida dos Costas;BrasilAPI;51;2024;5644.87
354390;2024;9;3;56384183000140.0;3524123178290;1;13503614;354390;19390915;3;0;0;0;0;0;0;0;0;0;8;8;304100021;304100021;541.4;65.14;0.0;0.0;0.0;0.0;0.0;0.0;0.0;0.0;0.0;606.54;0.0;105.11;20240915;20240922;C349;0;27;0;3999;1;0;0;354390;4;85;7;0;10;;2;0;;0;0;0;;0;0;1;0;0;0;0;0;0;1;8291227888;;2082888;;;0;0;2;6;;0;3;0;667;HM35439001N202409.DTS;;;0.0;0.0;0.0;0.0;0.0;0;;;;;;;;;;0;0;0;0;0;0;0;0;0;;Câncer de Pulmão;13503614;-22.41139;-47.56139;Bom Retiro;Rua 4 JW;BrasilAPI;85;2024;606.54
354390;2024;9;3;56384183000140.0;3524123171855;1;13504220;354390;19661129;3;0;0;0;0;0;0;0;0;0;0;10;303140151;303140151;692.49;78.35;0.0;0.0;0.0;0.0;0.0;0.0;0.0;0.0;0.0;770.84;0.0;133.59;20240827;20240906;C341;0;12;0;3999;1;0;0;354390;4;57;10;0;10;;2;0;;0;0;0;;0;0;1;0;0;0;0;0;0;0;0;;2082888;;;0;0;2;6;;0;1;0;458;HM35439001N202409.DTS;;;0.0;0.0;0.0;0.0;0.0;0;W999;J189;;;;;;;;1;1;0;0;0;0;0;0;0;;Câncer de Pulmão;13504220;-22.41139;-47.56139;Jardim Olinda;Avenida 66;BrasilAPI;57;2024;770.84
354390;2024;9;1;56384183000140.0;3524123178301;1;13503614;354390;19390915;3;0;0;0;0;0;0;0;0;0;4;4;412040166;412040166;697.94;404.28;0.0;0.0;0.0;0.0;0.0;0.0;0.0;0.0;0.0;1102.22;0.0;191.02;20240922;20240926;C349;0;12;0;3999;1;0;0;354390;4;85;4;0;10;;2;0;;0;0;0;;0;0;1;0;0;0;0;0;0;1;8291227888;;2082888;;;0;0;2;6;;0;3;0;261;HM35439001N202409.DTS;;;0.0;0.0;0.0;0.0;0.0;0;;;;;;;;;;0;0;0;0;0;0;0;0;0;;Câncer de Pulmão;13503614;-22.41139;-47.56139;Bom Retiro;Rua 4 JW;BrasilAPI;85;2024;1102.22
354390;2024;4;3;56384183000140.0;3524111937005;1;13505495;354390;19481012;3;0;0;0;0;0;0;0;0;0;6;6;304100021;304100021;569.95;65.14;0.0;0.0;0.0;0.0;0.0;0.0;0.0;0.0;0.0;635.09;0.0;121.2;20240405;20240411;C349;0;12;0;3999;1;0;0;354390;4;75;6;0;10;;2;0;;0;0;0;;0;0;1;0;0;0;0;0;0;0;0;;2082888;;;0;0;2;6;;0;1;0;537;HM35439001N202404.DTS;;;0.0;0.0;0.0;0.0;0.0;0;I10;E149;E038;;;;;;;1;1;1;0;0;0;0;0;0;;Câncer de Pulmão;13505495;-22.41139;-47.56139;Residencial das Flores;Avenida M 53;BrasilAPI;75;2024;635.09
354390;2024;4;3;56384183000140.0;3524106174765;1;13504826;354390;19470306;3;0;0;0;0;0;0;0;0;0;7;7;304100021;304100021;1363.07;65.14;0.0;0.0;0.0;0.0;0.0;0.0;0.0;0.0;0.0;1428.21;0.0;272.55;20240206;20240213;C349;0;12;0;3999;1;0;0;354390;4;76;7;0;10;;2;0;;0;0;0;;0;0;1;0;0;0;0;0;0;0;0;;2082888;;;0;0;2;6;;0;1;0;377;HM35439001N202404.DTS;;;0.0;0.0;0.0;0.0;0.0;0;;;;;;;;;;0;0;0;0;0;0;0;0;0;;Câncer de Pulmão;13504826;-22.41139;-47.56139;Jardim Araucária;Rua Jacutinga;BrasilAPI;76;2024;1428.21
354390;2024;7;1;56384183000140.0;3524117725612;1;13504220;354390;19661129;3;0;0;0;0;0;0;0;0;0;0;1;406020078;406020078;319.44;109.2;0.0;0.0;0.0;0.0;0.0;0.0;0.0;0.0;0.0;428.64;0.0;75.86;20240701;20240701;C349;0;12;0;3999;1;0;0;354390;4;57;0;0;10;;1;0;;0;0;0;;0;0;1;0;0;0;0;0;0;0;0;;2082888;;;0;0;3;6;;0;1;0;121;HM35439001N202407.DTS;;;0.0;0.0;0.0;0.0;0.0;0;W999;I500;;;;;;;;1;1;0;0;0;0;0;0;0;;Câncer de Pulmão;13504220;-22.41139;-47.56139;Jardim Olinda;Avenida 66;BrasilAPI;57;2024;428.64
354390;2024;3;3;56384183000140.0;3524111930295;1;13504362;354390;19521015;3;0;0;0;7;75;0;0;0;0;0;1;304100013;304100013;4303.49;695.2;0.0;0.0;0.0;0.0;0.0;0.0;0.0;0.0;0.0;4998.69;4200.0;966.86;20240321;20240328;C349;0;27;0;3999;1;0;0;354390;4;71;7;0;10;;2;0;;0;0;0;;0;0;1;0;0;0;0;0;0;1;8291227888;;2082888;;;0;0;2;6;;0;1;0;642;HM35439001N202403.DTS;;;0.0;0.0;0.0;0.0;0.0;0;W999;J969;I10;E148;;;;;;1;1;1;1;0;0;0;0;0;;Câncer de Pulmão;13504362;-22.41139;-47.56139;Parque Universitário;Rua 18;BrasilAPI;71;2024;4998.69
354390;2024;3;3;56384183000140.0;3524111930306;1;13504362;354390;19521015;3;0;0;0;2;75;0;0;0;0;0;1;304100021;304100021;1409.22;245.14;0.0;0.0;0.0;0.0;0.0;0.0;0.0;0.0;0.0;1654.36;1200.0;319.99;20240328;20240330;C349;0;41;0;3999;1;0;0;354390;4;71;2;1;10;;2;0;;0;0;0;;0;0;1;0;0;0;0;0;0;1;8291227888;;2082888;;;0;0;2;6;;0;1;0;643;HM35439001N202403.DTS;;;0.0;0.0;0.0;0.0;0.0;0;W999;J969;I10;;;;;;;1;1;1;0;0;0;0;0;0;;Câncer de Pulmão;13504362;-22.41139;-47.56139;Parque Universitário;Rua 18;BrasilAPI;71;2024;1654.36
354390;2024;5;1;56384183000140.0;3524111937820;1;13505171;354390;19540826;3;0;0;0;3;75;0;0;0;0;22;22;415010012;415010012;4587.4;1125.26;0.0;0.0;0.0;0.0;0.0;0.0;0.0;0.0;0.0;5712.66;1800.0;1029.3;20240304;20240328;C349;0;41;0;3999;1;0;0;354390;4;69;24;1;10;;2;0;;0;0;0;;0;0;1;0;0;0;0;0;0;0;0;;2082888;;;0;0;2;6;;0;1;0;17;HM35439001N202405.DTS;;;0.0;0.0;0.0;0.0;0.0;0;J91;;;;;;;;;1;0;0;0;0;0;0;0;0;;Câncer de Pulmão;13505171;-22.41139;-47.56139;Jardim Santa Clara II;Avenida M 45 SC;BrasilAPI;69;2024;5712.66
354390;2024;5;3;56384183000140.0;3524117710311;1;13503000;354390;19541031;3;0;0;0;0;0;0;0;0;0;2;2;304100021;304100021;318.3;65.14;0.0;0.0;0.0;0.0;0.0;0.0;0.0;0.0;0.0;383.44;0.0;69.08;20240511;20240512;C348;0;41;0;3999;1;0;0;354390;4;69;1;1;10;;2;0;;0;0;0;;0;0;1;0;0;0;0;0;0;0;0;;2082888;;;0;0;2;6;;0;1;0;464;HM35439001N202405.DTS;;;0.0;0.0;0.0;0.0;0.0;0;W999;I10;;;;;;;;1;1;0;0;0;0;0;0;0;;Câncer de Pulmão;13503000;-22.41139;-47.56139;Jardim São Paulo;Rua 15;BrasilAPI;69;2024;383.44
354390;2024;5;3;56384183000140.0;3524117712148;1;13503541;354390;19410419;3;0;0;0;0;0;0;0;0;0;0;3;304100021;304100021;993.23;65.14;0.0;0.0;0.0;0.0;0.0;0.0;0.0;0.0;0.0;1058.37;0.0;190.69;20240509;20240512;C349;0;12;0;3999;1;0;0;354390;4;83;3;0;10;;2;0;;0;0;0;;0;0;1;0;0;0;0;0;14;1;8291227888;;2082888;;;0;0;2;6;;0;2;0;540;HM35439001N202405.DTS;;;0.0;0.0;0.0;0.0;0.0;0;W999;D649;;;;;;;;1;1;0;0;0;0;0;0;0;;Câncer de Pulmão;13503541;-22.41139;-47.56139;Jardim Paulista;Rua 31;BrasilAPI;83;2024;1058.37
354390;2024;10;3;56384183000140.0;3524128065315;1;13506052;354390;19480419;3;0;0;0;0;0;0;0;0;0;4;4;304100013;304100013;592.35;32.6;0.0;0.0;0.0;0.0;0.0;0.0;0.0;0.0;0.0;624.95;0.0;103.29;20241013;20241017;C349;0;12;0;3999;1;0;0;354390;4;76;4;0;10;;2;0;;0;0;0;;0;0;1;0;0;0;0;0;14;1;8291227888;;2082888;;;0;0;2;6;;0;1;0;616;HM35439001N202410.DTS;;;0.0;0.0;0.0;0.0;0.0;0;W999;J90;I10;;;;;;;1;1;1;0;0;0;0;0;0;;Câncer de Pulmão;13506052;-22.41139;-47.56139;Jardim América;Avenida 54 A;BrasilAPI;76;2024;624.95
354390;2024;10;3;56384183000140.0;3524128065326;1;13506052;354390;19480419;3;0;0;0;0;0;0;0;0;0;8;8;304100021;304100021;504.32;149.14;0.0;0.0;0.0;0.0;0.0;0.0;0.0;0.0;0.0;653.46;0.0;108.0;20241006;20241013;C349;0;27;0;3999;1;0;0;354390;4;76;7;0;10;;2;0;;0;0;0;;0;0;1;0;0;0;0;0;0;1;8291227888;;2082888;;;0;0;2;6;;0;1;0;617;HM35439001N202410.DTS;;;0.0;0.0;0.0;0.0;0.0;0;W999;N179;E149;;;;;;;1;1;1;0;0;0;0;0;0;;Câncer de Pulmão;13506052;-22.41139;-47.56139;Jardim América;Avenida 54 A;BrasilAPI;76;2024;653.46
354390;2024;10;3;56384183000140.0;3524123180897;1;13501388;354390;19630914;3;0;0;0;0;0;0;0;0;0;0;1;304100021;304100021;425.13;65.14;0.0;0.0;0.0;0.0;0.0;0.0;0.0;0.0;0.0;490.27;0.0;81.03;20241003;20241004;C349;0;12;0;3999;1;0;0;354390;4;61;1;0;10;;2;0;;0;0;0;;0;0;1;0;0;0;0;0;7;1;8291227888;;2082888;;;0;0;2;6;;0;1;0;459;HM35439001N202410.DTS;;;0.0;0.0;0.0;0.0;0.0;0;W999;;;;;;;;;1;0;0;0;0;0;0;0;0;;Câncer de Pulmão;13501388;-22.41139;-47.56139;Estádio;Rua 22 BE;BrasilAPI;61;2024;490.27
354390;2025;2;3;56384183000140.0;3525111301349;1;13502292;354390;19771107;3;0;0;0;0;0;0;0;0;0;0;2;304100021;304100021;311.64;65.14;0.0;0.0;0.0;0.0;0.0;0.0;0.0;0.0;0.0;376.78;0.0;65.64;20250220;20250222;C349;0;12;0;3999;1;0;0;354390;4;47;2;0;10;;2;0;;0;0;0;;0;0;1;0;0;0;0;0;0;1;8291227888;;2082888;;;0;0;2;6;;0;1;0;551;HM35439001N202502.DTS;;;0.0;0.0;0.0;0.0;0.0;0;;;;;;;;;;0;0;0;0;0;0;0;0;0;;Câncer de Pulmão;13502292;-22.41139;-47.56139;Parque Residencial Brasília;Avenida 22 BR;BrasilAPI;47;2025;376.78
354390;2025;2;3;56384183000140.0;3525111302438;1;13502292;354390;19771107;3;0;0;0;0;0;0;0;0;0;0;3;304100021;304100021;349.0;65.14;0.0;0.0;0.0;0.0;0.0;0.0;0.0;0.0;0.0;414.14;0.0;72.14;20250223;20250226;C349;0;12;0;3999;1;0;0;354390;4;47;3;0;10;;2;0;;0;0;0;;0;0;1;0;0;0;0;0;0;1;8291227888;;2082888;;;0;0;2;6;;0;1;0;586;HM35439001N202502.DTS;;;0.0;0.0;0.0;0.0;0.0;0;W999;J449;Z720;Z721;;;;;;1;1;1;1;0;0;0;0;0;;Câncer de Pulmão;13502292;-22.41139;-47.56139;Parque Residencial Brasília;Avenida 22 BR;BrasilAPI;47;2025;414.14
354390;2025;12;3;56384183000140.0;3525135049678;1;13504625;354390;19671027;3;0;0;0;0;0;0;0;0;0;0;11;304100021;304100021;1177.41;76.75;0.0;0.0;0.0;0.0;0.0;0.0;0.0;0.0;0.0;1254.16;0.0;240.26;20251127;20251208;C340;0;12;0;3999;1;0;0;354390;4;58;11;0;10;;2;0;;0;0;0;;0;0;1;0;0;0;0;0;14;1;8291227888;;2082888;;;0;0;2;6;;0;1;0;1550;HM35439001N202512.DTS;;;0.0;0.0;0.0;0.0;0.0;0;V877;I739;Z720;F410;;;;;;1;1;1;1;0;0;0;0;0;0.0;Câncer de Pulmão;13504625;-22.41139;-47.56139;Jardim Residencial Santa Eliza;Avenida 54 SE;BrasilAPI;58;2025;1254.16
354390;2025;1;1;56384183000140.0;3524131822992;1;13504092;354390;19430503;3;0;0;0;3;75;0;0;0;0;0;0;416110010;416110010;4935.73;1040.97;0.0;0.0;0.0;0.0;0.0;0.0;0.0;0.0;0.0;5976.7;1800.0;1023.4;20250102;20250105;C341;0;51;0;3999;1;0;0;354390;4;81;3;0;10;;2;0;;0;0;0;;0;0;1;0;0;0;0;0;0;1;8291227888;;2082888;;;0;0;3;6;;0;1;0;49;HM35439001N202501.DTS;;;0.0;0.0;0.0;0.0;0.0;0;I10;E149;;;;;;;;1;1;0;0;0;0;0;0;0;;Câncer de Pulmão;13504092;-22.41139;-47.56139;Vila Operária;Rua 4;BrasilAPI;81;2025;5976.7
354390;2025;11;3;56384183000140.0;3525133573676;1;13506765;354390;19710227;3;0;0;0;0;0;0;0;0;0;0;12;304100021;304100021;302.3;65.14;0.0;0.0;0.0;0.0;0.0;0.0;0.0;0.0;0.0;367.44;0.0;66.8;20251106;20251117;C340;0;41;0;3999;1;0;0;354390;4;54;11;1;10;;2;0;;0;0;0;;0;0;1;0;0;0;0;0;0;0;0;;2082888;;;0;0;2;6;;0;1;0;603;HM35439001N202511.DTS;;;0.0;0.0;0.0;0.0;0.0;0;V877;J960;;;;;;;;1;1;0;0;0;0;0;0;0;0.0;Câncer de Pulmão;13506765;-22.41139;-47.56139;Cidade Nova;Avenida 6 A;BrasilAPI;54;2025;367.44
354390;2025;3;3;56384183000140.0;3525111306750;1;13504473;354390;19470306;3;0;0;0;0;0;0;0;0;0;4;4;304100021;304100021;491.9;65.14;0.0;0.0;0.0;0.0;0.0;0.0;0.0;0.0;0.0;557.04;0.0;98.41;20250312;20250315;C349;0;41;0;3999;1;0;0;354390;4;78;3;1;10;;2;0;;0;0;0;;0;0;1;0;0;0;0;0;0;0;0;;2082888;;;0;0;2;6;;0;1;0;491;HM35439001N202503.DTS;;;0.0;0.0;0.0;0.0;0.0;0;;;;;;;;;;0;0;0;0;0;0;0;0;0;0.0;Câncer de Pulmão;13504473;-22.41139;-47.56139;Recanto Paraíso;Rua 17;BrasilAPI;78;2025;557.04
354390;2025;6;3;56384183000140.0;3525120705656;1;13502705;354390;19620413;3;0;0;0;0;0;0;0;0;0;0;5;304100021;304100021;302.3;65.14;0.0;0.0;0.0;0.0;0.0;0.0;0.0;0.0;0.0;367.44;0.0;65.61;20250524;20250528;C349;0;41;0;3999;1;0;0;354390;4;63;4;1;10;;2;0;;0;0;0;;0;0;1;0;0;0;0;0;0;1;8291227888;;2082888;;;0;0;2;6;;0;3;0;561;HM35439001N202506.DTS;;;0.0;0.0;0.0;0.0;0.0;0;J449;I10;;;;;;;;1;1;0;0;0;0;0;0;0;0.0;Câncer de Pulmão;13502705;-22.41139;-47.56139;Jardim Novo II;Avenida 12 JN;BrasilAPI;63;2025;367.44
354390;2025;6;3;56384183000140.0;3525116121692;1;13502705;354390;19620413;3;0;0;0;0;0;0;0;0;0;0;8;304100013;304100013;1040.7;65.2;0.0;0.0;0.0;0.0;0.0;0.0;0.0;0.0;0.0;1105.9;0.0;197.48;20250517;20250524;C349;0;27;0;3999;1;0;0;354390;4;63;7;0;10;;2;0;;0;0;0;;0;0;1;0;0;0;0;0;14;1;8291227888;;2082888;;;0;0;2;6;;0;3;0;379;HM35439001N202506.DTS;;;0.0;0.0;0.0;0.0;0.0;0;S118;Z720;;;;;;;;1;1;0;0;0;0;0;0;0;0.0;Câncer de Pulmão;13502705;-22.41139;-47.56139;Jardim Novo II;Avenida 12 JN;BrasilAPI;63;2025;1105.9
354390;2025;6;3;56384183000140.0;3525120706800;1;13504265;354390;19550910;3;0;0;0;0;0;0;0;0;0;3;4;304100021;304100021;601.34;65.14;0.0;0.0;0.0;0.0;0.0;0.0;0.0;0.0;0.0;666.48;0.0;119.01;20250625;20250628;C349;0;41;0;3999;1;0;0;354390;4;69;3;1;10;;2;0;;0;0;0;;0;0;1;0;0;0;0;0;0;0;0;;2082888;;;0;0;2;6;;0;1;0;608;HM35439001N202506.DTS;;;0.0;0.0;0.0;0.0;0.0;0;C444;J960;;;;;;;;1;1;0;0;0;0;0;0;0;0.0;Câncer de Pulmão;13504265;-22.41139;-47.56139;Jardim Bela Vista;Rua 16;BrasilAPI;69;2025;666.48
354390;2025;9;3;56384183000140.0;3525128499167;1;13500030;354390;19580307;3;0;0;0;0;0;0;0;0;0;0;3;304100021;304100021;302.3;65.14;0.0;0.0;0.0;0.0;0.0;0.0;0.0;0.0;0.0;367.44;0.0;68.29;20250927;20250930;C341;0;12;0;3999;1;0;0;354390;4;67;3;0;10;;2;0;;0;0;0;;0;0;1;0;0;0;0;0;0;0;0;;2082888;;;0;0;2;6;;0;1;0;669;HM35439001N202509.DTS;;;0.0;0.0;0.0;0.0;0.0;0;C793;R55;;;;;;;;1;1;0;0;0;0;0;0;0;0.0;Câncer de Pulmão;13500030;-22.41139;-47.56139;Jardim Donângela;Rua 4;BrasilAPI;67;2025;367.44
354390;2025;8;3;56384183000140.0;3525128488695;1;13506765;354390;19710227;3;0;0;0;0;0;0;0;0;0;0;6;304100021;304100021;395.7;65.14;0.0;0.0;0.0;0.0;0.0;0.0;0.0;0.0;0.0;460.84;0.0;86.78;20250823;20250829;C349;0;12;0;3999;1;0;0;354390;4;54;6;0;10;;2;0;;0;0;0;;0;0;1;0;0;0;0;0;0;0;0;;2082888;;;0;0;2;6;;0;1;0;811;HM35439001N202508.DTS;;;0.0;0.0;0.0;0.0;0.0;0;Z720;J969;;;;;;;;1;1;0;0;0;0;0;0;0;0.0;Câncer de Pulmão;13506765;-22.41139;-47.56139;Cidade Nova;Avenida 6 A;BrasilAPI;54;2025;460.84
354390;2025;10;3;56384183000140.0;3525133564535;1;13506765;354390;19710227;3;0;0;0;0;0;0;0;0;0;0;1;304100021;304100021;302.3;65.14;0.0;0.0;0.0;0.0;0.0;0.0;0.0;0.0;0.0;367.44;0.0;68.93;20251022;20251023;C349;0;12;0;3999;1;0;0;354390;4;54;1;0;10;;2;0;;0;0;0;;0;0;1;0;0;0;0;0;7;1;8291227888;;2082888;;;0;0;2;6;;0;1;0;654;HM35439001N202510.DTS;;;0.0;0.0;0.0;0.0;0.0;0;;;;;;;;;;0;0;0;0;0;0;0;0;0;0.0;Câncer de Pulmão;13506765;-22.41139;-47.56139;Cidade Nova;Avenida 6 A;BrasilAPI;54;2025;367.44
354390;2021;2;1;56384183000140.0;3521109536538;1;13503200;354390;19800207;3;0;0;0;0;0;0;0;0;0;0;5;402010043;402010043;324.09;188.12;0.0;0.0;0.0;0.0;0.0;0.0;0.0;0.0;0.0;512.21;0.0;90.01;20210202;20210207;C73;0;12;0;3999;1;0;0;354390;4;40;5;0;10;;1;0;;0;0;0;;0;0;1;0;0;0;0;0;0;0;0;;2082888;;;0;0;2;6;;0;1;0;113;HM35439001N202102.DTS;;;0.0;0.0;0.0;0.0;0.0;0;;;;;;;;;;0;0;0;0;0;0;0;0;0;;Câncer de Tireoide;13503200;-22.41139;-47.56139;Jardim Claret;Avenida 10;BrasilAPI;40;2021;512.21
354390;2021;3;1;56384183000140.0;3521109543996;1;13506558;354390;19800426;3;0;0;0;0;0;0;0;0;0;0;2;416030270;416030270;2430.29;609.91;0.0;0.0;0.0;0.0;0.0;0.0;0.0;0.0;0.0;3040.2;0.0;563.0;20210315;20210317;C73;0;12;0;3999;1;0;0;354390;4;40;2;0;10;;2;0;;0;0;0;;0;0;1;0;0;0;0;0;0;0;0;;2082888;;;0;0;3;6;;0;1;0;112;HM35439001N202103.DTS;;;0.0;0.0;0.0;0.0;0.0;0;;;;;;;;;;0;0;0;0;0;0;0;0;0;;Câncer de Tireoide;13506558;-22.41139;-47.56139;Vila Nova;Rua 14 A;BrasilAPI;40;2021;3040.2
350000;2021;5;1;50046887000127.0;3521110847199;1;13505120;354390;20110429;3;0;0;0;0;0;0;0;0;0;2;2;402010043;402010043;323.9;184.25;0.0;0.0;0.0;0.0;0.0;0.0;0.0;0.0;0.0;508.15;0.0;101.63;20210526;20210528;C73;0;12;0;3999;2;0;0;350950;4;10;2;0;10;;2;0;;0;0;0;;0;0;1;0;0;0;0;0;0;0;0;;2081482;;;0;0;2;6;;7102;1;0;5003;HE35000001N202105.DTS;;;0.0;0.0;0.0;0.0;0.0;0;;;;;;;;;;0;0;0;0;0;0;0;0;0;;Câncer de Tireoide;13505120;-22.41139;-47.56139;Parque das Indústrias;Rua M 8;BrasilAPI;10;2021;508.15
354390;2022;12;1;56384183000140.0;3522130713948;1;13502470;354390;19781025;3;0;0;0;0;0;0;0;0;0;0;2;416030270;416030270;2307.95;609.91;0.0;0.0;0.0;0.0;0.0;0.0;0.0;0.0;0.0;2917.86;0.0;573.25;20221129;20221201;C73;0;12;0;3999;1;0;0;354390;4;44;2;0;10;;1;0;;0;0;0;;0;0;1;0;0;0;0;0;0;0;0;;2082888;;;0;0;3;6;;0;3;0;44;HM35439001N202212.DTS;;;0.0;0.0;0.0;0.0;0.0;0;I10;;;;;;;;;1;0;0;0;0;0;0;0;0;;Câncer de Tireoide;13502470;-22.41139;-47.56139;Jardim Guanabara II;Avenida 9 JG;BrasilAPI;44;2022;2917.86
350000;2023;6;1;46374500027203.0;3523115300683;1;13505100;354390;19691201;3;0;0;0;0;0;0;0;0;0;0;1;402010043;402010043;307.9;184.25;0.0;0.0;0.0;0.0;0.0;0.0;0.0;0.0;0.0;492.15;0.0;103.82;20230622;20230623;C73;0;12;0;1023;2;0;0;353870;4;53;1;0;10;;1;0;;0;0;0;;0;0;1;0;0;0;0;0;0;0;0;;9425802;46374500000194.0;;0;0;2;6;;0;1;0;58652;HE35000001N202306.DTS;;;0.0;0.0;0.0;0.0;0.0;0;;;;;;;;;;0;0;0;0;0;0;0;0;0;;Câncer de Tireoide;13505100;-22.41139;-47.56139;Jardim Hipódromo;Rua M 7;BrasilAPI;53;2023;492.15
350000;2024;11;1;46374500027203.0;3524124453113;1;13502749;354390;19800425;3;0;0;0;0;0;0;0;0;0;0;1;402010043;402010043;307.9;184.25;0.0;0.0;0.0;0.0;0.0;0.0;0.0;0.0;0.0;492.15;0.0;79.5;20241121;20241122;C73;0;12;0;1023;2;0;0;353870;4;44;1;0;10;;1;0;;0;0;0;;0;0;1;0;0;0;0;0;0;0;0;;9425802;46374500000194.0;;0;0;2;6;;0;1;0;15126;HE35000001N202411.DTS;;;0.0;0.0;0.0;0.0;0.0;0;Z540;;;;;;;;;1;0;0;0;0;0;0;0;0;;Câncer de Tireoide;13502749;-22.41139;-47.56139;Jardim Novo;Rua 9 JN;BrasilAPI;44;2024;492.15
354390;2024;4;1;56384183000140.0;3524111940393;1;13503752;354390;19691214;3;0;0;0;0;0;0;0;0;0;0;2;416030270;416030270;2348.73;609.91;0.0;0.0;0.0;0.0;0.0;0.0;0.0;0.0;0.0;2958.64;0.0;564.62;20240422;20240424;C73;0;12;0;3999;1;0;0;354390;4;54;2;0;10;;1;0;;0;0;0;;0;0;1;0;0;0;0;0;0;0;0;;2082888;;;0;0;3;6;;0;1;0;184;HM35439001N202404.DTS;;;0.0;0.0;0.0;0.0;0.0;0;;;;;;;;;;0;0;0;0;0;0;0;0;0;;Câncer de Tireoide;13503752;-22.41139;-47.56139;Jardim Rio Claro;Rua 22;BrasilAPI;54;2024;2958.64
354390;2024;3;1;56384183000140.0;3524106177768;1;13506205;354390;19891021;3;0;0;0;0;0;0;0;0;0;0;2;416030270;416030270;2965.55;609.91;0.0;0.0;0.0;0.0;0.0;0.0;0.0;0.0;0.0;3575.46;0.0;691.57;20240304;20240306;C73;0;12;0;3999;1;0;0;354390;4;34;2;0;10;;1;0;;0;0;0;;0;0;1;0;0;0;0;0;0;0;0;;2082888;;;0;0;3;6;;0;1;0;59;HM35439001N202403.DTS;;;0.0;0.0;0.0;0.0;0.0;0;;;;;;;;;;0;0;0;0;0;0;0;0;0;;Câncer de Tireoide;13506205;-22.41139;-47.56139;Chácara Rupiara;Avenida 9 CHR;BrasilAPI;34;2024;3575.46
354390;2025;2;1;56384183000140.0;3525111297268;1;13504731;354390;20020519;3;0;0;0;0;0;0;0;0;0;0;1;402010035;402010035;1212.85;165.02;0.0;0.0;0.0;0.0;0.0;0.0;0.0;0.0;0.0;1377.87;0.0;240.04;20250203;20250204;C73;0;12;0;3999;1;0;0;354390;4;22;1;0;10;;2;0;;0;0;0;;0;0;1;0;0;0;0;0;0;0;0;;2082888;;;0;0;2;6;;0;3;0;73;HM35439001N202502.DTS;;;0.0;0.0;0.0;0.0;0.0;0;;;;;;;;;;0;0;0;0;0;0;0;0;0;;Câncer de Tireoide;13504731;-22.41139;-47.56139;Jardim Santa Maria;Avenida 84;BrasilAPI;22;2025;1377.87
354390;2025;12;1;56384183000140.0;3525133577064;1;13506556;354390;19900321;3;0;0;0;0;0;0;0;0;0;0;1;415020050;415020050;5263.23;1852.11;0.0;0.0;0.0;0.0;0.0;0.0;0.0;0.0;0.0;7115.34;0.0;1363.09;20251205;20251206;C73;0;12;0;3999;1;0;0;354390;4;35;1;0;10;;1;0;;0;0;0;;0;0;1;0;0;0;0;0;0;0;0;;2082888;;;0;0;3;6;;0;2;0;1088;HM35439001N202512.DTS;;;0.0;0.0;0.0;0.0;0.0;0;;;;;;;;;;0;0;0;0;0;0;0;0;0;0.0;Câncer de Tireoide;13506556;-22.41139;-47.56139;Vila Nova;Rua 12 A;BrasilAPI;35;2025;7115.34
354390;2025;8;1;56384183000140.0;3525120721892;1;13502394;354390;19701101;3;0;0;0;0;0;0;0;0;0;0;1;415020050;415020050;5181.67;1852.11;0.0;0.0;0.0;0.0;0.0;0.0;0.0;0.0;0.0;7033.78;0.0;1324.62;20250829;20250830;C73;0;12;0;3999;1;0;0;354390;4;54;1;0;10;;1;0;;0;0;0;;0;0;1;0;0;0;0;0;0;0;0;;2082888;;;0;0;3;6;;0;1;0;346;HM35439001N202508.DTS;;;0.0;0.0;0.0;0.0;0.0;0;I10;E110;;;;;;;;1;1;0;0;0;0;0;0;0;0.0;Câncer de Tireoide;13502394;-22.41139;-47.56139;Jardim Guanabara;Avenida 2 JG;BrasilAPI;54;2025;7033.78
350000;2025;7;3;49150352000112.0;3525115710446;1;13503751;354390;19930820;3;0;0;0;0;0;0;0;0;0;0;1;304090018;304090018;976.28;313.62;0.0;0.0;0.0;0.0;0.0;0.0;0.0;0.0;0.0;1289.9;0.0;237.98;20250630;20250701;C73;0;15;0;3069;2;0;0;350550;4;31;1;0;10;;1;0;;0;0;0;;0;0;1;0;0;0;0;0;0;0;0;;2090236;;;0;0;3;6;;0;2;0;3856;HE35000001N202507.DTS;;;0.0;0.0;0.0;0.0;0.0;0;;;;;;;;;;0;0;0;0;0;0;0;0;0;0.0;Câncer de Tireoide;13503751;-22.41139;-47.56139;Jardim Rio Claro;Rua 21;BrasilAPI;31;2025;1289.9
350000;2025;10;3;;3525104465905;1;13502018;354390;19601002;3;0;0;0;0;0;0;0;0;0;0;1;304090026;304090026;758.28;313.62;0.0;0.0;0.0;0.0;0.0;0.0;0.0;0.0;0.0;1071.9;0.0;201.1;20250910;20250910;C73;0;15;0;1112;2;0;0;350950;4;64;0;0;10;;1;0;;0;0;0;;0;0;1;0;0;0;0;0;0;0;0;;2079798;46068425000133.0;;0;0;3;6;;0;3;0;8493;HE35000001N202510.DTS;;;0.0;0.0;0.0;0.0;0.0;0;;;;;;;;;;0;0;0;0;0;0;0;0;0;0.0;Câncer de Tireoide;13502018;-22.41139;-47.56139;Jardim INOCOOP;Avenida 1 JI;BrasilAPI;64;2025;1071.9
