UF_ZI;ANO_CMPT;MES_CMPT;ESPEC;CGC_HOSP;N_AIH;IDENT;CEP;MUNIC_RES;NASC;SEXO;UTI_MES_IN;UTI_MES_AN;UTI_MES_AL;UTI_MES_TO;MARCA_UTI;UTI_INT_IN;UTI_INT_AN;UTI_INT_AL;UTI_INT_TO;DIAR_ACOM;QT_DIARIAS;PROC_SOLIC;PROC_REA;VAL_SH;VAL_SP;VAL_SADT;VAL_RN;VAL_ACOMP;VAL_ORTP;VAL_SANGUE;VAL_SADTSR;VAL_TRANSP;VAL_OBSANG;VAL_PED1AC;VAL_TOT;VAL_UTI;US_TOT;DT_INTER;DT_SAIDA;DIAG_PRINC;DIAG_SECUN;COBRANCA;NATUREZA;NAT_JUR;GESTAO;RUBRICA;IND_VDRL;MUNIC_MOV;COD_IDADE;IDADE;DIAS_PERM;MORTE;NACIONAL;NUM_PROC;CAR_INT;TOT_PT_SP;CPF_AUT;HOMONIMO;NUM_FILHOS;INSTRU;CID_NOTIF;CONTRACEP1;CONTRACEP2;GESTRISCO;INSC_PN;SEQ_AIH5;CBOR;CNAER;VINCPREV;GESTOR_COD;GESTOR_TP;GESTOR_CPF;GESTOR_DT;CNES;CNPJ_MANT;INFEHOSP;CID_ASSO;CID_MORTE;COMPLEX;FINANC;FAEC_TP;REGCT;RACA_COR;ETNIA;SEQUENCIA;REMESSA;AUD_JUST;SIS_JUST;VAL_SH_FED;VAL_SP_FED;VAL_SH_GES;VAL_SP_GES;VAL_UCI;MARCA_UCI;DIAGSEC1;DIAGSEC2;DIAGSEC3;DIAGSEC4;DIAGSEC5;DIAGSEC6;DIAGSEC7;DIAGSEC8;DIAGSEC9;TPDISEC1;TPDISEC2;TPDISEC3;TPDISEC4;TPDISEC5;TPDISEC6;TPDISEC7;TPDISEC8;TPDISEC9;FONTE_ORC
354390;2021;04;03;56384183000140;3521111862180;1;13505350;354390;19570819;3;0;0;0;0;00;0;0;0;0;1;1;0304100021;0304100021;375.10;65.14;0.00;0.00;0.00;0.00;0.00;0.00;0.00;0.00;0.00;440.24;0.00;84.17;20210426;20210427;C189;0000;12;00;3999;1;0;0;354390;4;63;1;0;010;;02;0;;0;0;0;;00;00;1;000000000000;000;000000;000;0;00007;1;000008291227888;;2082888;;;0000;0000;02;06;;0000;01;0000;680;HM35439001N202104.DTS;;;0.00;0.00;0.00;0.00;0.00;00;K603;;;;;;;;;1;0;0;0;0;0;0;0;0;
354390;2021;04;01;56384183000140;3521111858297;1;13506561;354390;19790131;3;0;0;0;0;00;0;0;0;0;0;9;0416050026;0416050026;2684.86;655.47;0.00;0.00;0.00;0.00;0.00;0.00;0.00;0.00;0.00;3340.33;0.00;638.68;20210321;20210330;C180;0000;12;00;3999;1;0;0;354390;4;42;9;0;010;;02;0;;0;0;0;;00;00;1;000000000000;000;000000;000;0;00000;0;000000000000000;;2082888;;;0000;0000;03;06;;0000;01;0000;241;HM35439001N202104.DTS;;;0.00;0.00;0.00;0.00;0.00;00;;;;;;;;;;0;0;0;0;0;0;0;0;0;
354390;2021;04;01;56384183000140;3521111861070;1;13503660;354390;19790516;3;0;0;0;0;00;0;0;0;0;0;10;0416050026;0416050026;2979.64;655.47;0.00;0.00;0.00;0.00;0.00;0.00;0.00;0.00;0.00;3635.11;0.00;695.04;20210412;20210422;C187;0000;12;00;3999;1;0;0;354390;4;41;10;0;010;;01;0;;0;0;0;;00;00;1;000000000000;000;000000;000;0;00000;0;000000000000000;;2082888;;;0000;0000;03;06;;0000;01;0000;286;HM35439001N202104.DTS;;;0.00;0.00;0.00;0.00;0.00;00;;;;;;;;;;0;0;0;0;0;0;0;0;0;
354390;2021;03;01;56384183000140;3521109540542;1;13504625;354390;19640212;3;0;0;0;0;00;0;0;0;0;0;6;0416050026;0416050026;3130.70;655.47;0.00;0.00;0.00;0.00;0.00;0.00;0.00;0.00;0.00;3786.17;0.00;701.14;20210207;20210212;C188;0000;27;00;3999;1;0;0;354390;4;56;5;0;010;;02;0;;0;0;0;;00;00;1;000000000000;000;000000;000;0;00000;1;000008291227888;;2082888;;;0000;0000;03;06;;0000;01;0000;22;HM35439001N202103.DTS;;;0.00;0.00;0.00;0.00;0.00;00;;;;;;;;;;0;0;0;0;0;0;0;0;0;
354390;2021;03;01;56384183000140;3521109540553;1;13504625;354390;19640212;3;0;0;0;0;00;0;0;0;0;0;6;0416050026;0416050026;2911.19;655.47;0.00;0.00;0.00;0.00;0.00;0.00;0.00;0.00;0.00;3566.66;0.00;660.49;20210202;20210207;C188;0000;27;00;3999;1;0;0;354390;4;56;5;0;010;;02;0;;0;0;0;;00;00;1;000000000000;000;000000;000;0;00000;1;000008291227888;;2082888;;;0000;0000;03;06;;0000;01;0000;23;HM35439001N202103.DTS;;;0.00;0.00;0.00;0.00;0.00;00;;;;;;;;;;0;0;0;0;0;0;0;0;0;
354390;2021;03;03;56384183000140;3521109543314;1;13504625;354390;19640212;3;0;0;0;0;00;0;0;0;0;0;5;0304100021;0304100021;302.30;65.14;0.00;0.00;0.00;0.00;0.00;0.00;0.00;0.00;0.00;367.44;0.00;68.04;20210304;20210309;C188;0000;12;00;3999;1;0;0;354390;4;57;5;0;010;;02;0;;0;0;0;;00;00;1;000000000000;000;000000;000;0;00000;1;000008291227888;;2082888;;;0000;0000;02;06;;0000;01;0000;379;HM35439001N202103.DTS;;;0.00;0.00;0.00;0.00;0.00;00;;;;;;;;;;0;0;0;0;0;0;0;0;0;
354390;2021;03;03;56384183000140;3521109544030;1;13504625;354390;19640212;3;0;0;0;0;00;0;0;0;0;0;20;0304100021;0304100021;960.78;126.73;0.00;0.00;0.00;0.00;0.00;0.00;0.00;0.00;0.00;1087.51;0.00;201.39;20210212;20210304;C188;0000;51;00;3999;1;0;0;354390;4;57;20;0;010;;02;0;;0;0;0;;00;00;1;000000000000;000;000000;000;0;00000;1;000008291227888;;2082888;;;0000;0000;02;06;;0000;01;0000;398;HM35439001N202103.DTS;;;0.00;0.00;0.00;0.00;0.00;00;;;;;;;;;;0;0;0;0;0;0;0;0;0;
354390;2021;03;01;56384183000140;3521109543699;1;13500143;354390;19470723;3;0;0;0;0;00;0;0;0;0;10;10;0416050026;0416050026;3231.21;655.47;0.00;0.00;0.00;0.00;0.00;0.00;0.00;0.00;0.00;3886.68;0.00;719.75;20210215;20210225;C180;0000;12;00;3999;1;0;0;354390;4;73;10;0;010;;02;0;;0;0;0;;00;00;1;000000000000;000;000000;000;0;00000;0;000000000000000;;2082888;;;0000;0000;03;06;;0000;01;0000;100;HM35439001N202103.DTS;;;0.00;0.00;0.00;0.00;0.00;00;;;;;;;;;;0;0;0;0;0;0;0;0;0;
354390;2021;11;03;56384183000140;3521127390165;1;13505120;354390;19561209;3;0;0;0;0;00;0;0;0;0;2;2;0304100021;0304100021;318.30;65.14;0.00;0.00;0.00;0.00;0.00;0.00;0.00;0.00;0.00;383.44;0.00;68.84;20211117;20211119;C188;0000;12;00;3999;1;0;0;354390;4;64;2;0;010;;02;0;;0;0;0;;00;00;1;000000000000;000;000000;000;0;00000;0;000000000000000;;2082888;;;0000;0000;02;06;;0000;01;0000;942;HM35439001N202111.DTS;;;0.00;0.00;0.00;0.00;0.00;00;K566;;;;;;;;;1;0;0;0;0;0;0;0;0;
354390;2021;10;01;56384183000140;3521123734898;1;13501200;354390;19421208;3;0;0;0;0;00;0;0;0;0;3;4;0415020050;0415020050;7185.85;1815.02;0.00;0.00;0.00;0.00;0.00;0.00;0.00;0.00;0.00;9000.87;0.00;1604.43;20211004;20211008;C20;0000;12;00;3999;1;0;0;354390;4;78;4;0;010;;01;0;;0;0;0;;00;00;1;000000000000;000;000000;000;0;00014;1;000008291227888;;2082888;;;0000;0000;03;06;;0000;01;0000;68;HM35439001N202110.DTS;;;0.00;0.00;0.00;0.00;0.00;00;C775;C260;;;;;;;;1;1;0;0;0;0;0;0;0;
354390;2021;06;03;56384183000140;3521116820562;1;13504625;354390;19640212;3;0;0;0;0;00;0;0;0;0;0;25;0304100021;0304100021;3342.24;145.93;0.00;0.00;0.00;0.00;0.00;0.00;0.00;0.00;0.00;3488.17;0.00;681.28;20210605;20210630;C189;0000;51;00;3999;1;0;0;354390;4;57;25;0;010;;02;0;;0;0;0;;00;00;1;000000000000;000;000000;000;0;00000;1;000008291227888;;2082888;;;0000;0000;02;06;;0000;01;0000;454;HM35439001N202106.DTS;;;0.00;0.00;0.00;0.00;0.00;00;K297;I10;K660;;;;;;;1;1;1;0;0;0;0;0;0;
354390;2021;06;03;56384183000140;3521115642759;1;13504625;354390;19640212;3;0;0;0;0;00;0;0;0;0;0;30;0304100021;0304100021;2038.97;180.43;0.00;0.00;0.00;0.00;0.00;0.00;0.00;0.00;0.00;2219.40;0.00;433.47;20210502;20210601;C187;0000;51;00;3999;1;0;0;354390;4;57;30;0;010;;02;0;;0;0;0;;00;00;1;000000000000;000;000000;000;0;00000;1;000008291227888;;2082888;;;0000;0000;02;06;;0000;01;0000;351;HM35439001N202106.DTS;;;0.00;0.00;0.00;0.00;0.00;00;R11;;;;;;;;;1;0;0;0;0;0;0;0;0;
354390;2021;06;01;56384183000140;3521115646169;1;13506556;354390;19420224;3;0;0;0;0;00;0;0;0;0;0;5;0415020050;0415020050;6895.43;1353.45;0.00;0.00;0.00;0.00;0.00;0.00;0.00;0.00;0.00;8248.88;0.00;1611.10;20210528;20210601;C187;0000;27;00;3999;1;0;0;354390;4;79;4;0;010;;02;0;;0;0;0;;00;00;1;000000000000;000;000000;000;0;00000;1;000008291227888;;2082888;;;0000;0000;03;06;;0000;01;0000;111;HM35439001N202106.DTS;;;0.00;0.00;0.00;0.00;0.00;00;;;;;;;;;;0;0;0;0;0;0;0;0;0;
354390;2021;06;03;56384183000140;3521115646170;1;13506556;354390;19420224;3;0;0;0;0;00;0;0;0;0;9;9;0304100021;0304100021;446.53;69.01;0.00;0.00;0.00;0.00;0.00;0.00;0.00;0.00;0.00;515.54;0.00;100.69;20210601;20210610;C20;0000;12;00;3999;1;0;0;354390;4;79;9;0;010;;02;0;;0;0;0;;00;00;1;000000000000;000;000000;000;0;00000;1;000008291227888;;2082888;;;0000;0000;02;06;;0000;01;0000;405;HM35439001N202106.DTS;;;0.00;0.00;0.00;0.00;0.00;00;C189;;;;;;;;;1;0;0;0;0;0;0;0;0;
354390;2021;09;01;56384183000140;3521123732258;1;13500500;354390;19760922;3;0;0;0;0;00;0;0;0;0;0;5;0415020050;0415020050;6988.59;1354.05;0.00;0.00;0.00;0.00;0.00;0.00;0.00;0.00;0.00;8342.64;0.00;1479.19;20210920;20210925;C20;0000;12;00;3999;1;0;0;354390;4;44;5;0;010;;01;0;;0;0;0;;00;00;1;000000000000;000;000000;000;0;00000;0;000000000000000;;2082888;;;0000;0000;03;06;;0000;01;0000;204;HM35439001N202109.DTS;;;0.00;0.00;0.00;0.00;0.00;00;C172;;;;;;;;;1;0;0;0;0;0;0;0;0;
354390;2021;09;03;56384183000140;3521123729805;1;13502100;354390;19610225;3;0;0;0;0;00;0;0;0;0;6;6;0304100021;0304100021;571.65;65.14;0.00;0.00;0.00;0.00;0.00;0.00;0.00;0.00;0.00;636.79;0.00;112.90;20210908;20210914;C20;0000;12;00;3999;1;0;0;354390;4;60;6;0;010;;02;0;;0;0;0;;00;00;1;000000000000;000;000000;000;0;00000;0;000000000000000;;2082888;;;0000;0000;02;06;;0000;01;0000;462;HM35439001N202109.DTS;;;0.00;0.00;0.00;0.00;0.00;00;;;;;;;;;;0;0;0;0;0;0;0;0;0;
354390;2021;07;03;56384183000140;3521116822070;1;13504625;354390;19640212;3;0;0;0;3;75;0;0;0;0;0;0;0304100021;0304100021;1642.11;268.54;0.00;0.00;0.00;0.00;0.00;0.00;0.00;0.00;0.00;1910.65;1436.16;371.72;20210630;20210702;C187;0000;41;00;3999;1;0;0;354390;4;57;2;1;010;;02;0;;0;0;0;;00;00;1;000000000000;000;000000;000;0;00000;0;000000000000000;;2082888;;;0000;0000;02;06;;0000;01;0000;320;HM35439001N202107.DTS;;;0.00;0.00;0.00;0.00;0.00;00;I10;E668;J960;;;;;;;1;1;1;0;0;0;0;0;0;
354390;2021;07;03;56384183000140;3521118018242;1;13505007;354390;19681002;3;0;0;0;0;00;0;0;0;0;0;7;0304100021;0304100021;340.25;65.14;0.00;0.00;0.00;0.00;0.00;0.00;0.00;0.00;0.00;405.39;0.00;78.86;20210716;20210722;C188;0000;41;00;3999;1;0;0;354390;4;52;6;1;010;;02;0;;0;0;0;;00;00;1;000000000000;000;000000;000;0;00000;0;000000000000000;;2082888;;;0000;0000;02;06;;0000;01;0000;456;HM35439001N202107.DTS;;;0.00;0.00;0.00;0.00;0.00;00;I10;E148;R17;C787;C780;;;;;1;1;1;1;1;0;0;0;0;
354390;2021;07;03;56384183000140;3521118018693;1;13505120;354390;19561209;3;0;0;0;0;00;0;0;0;0;1;1;0304100021;0304100021;310.30;65.14;0.00;0.00;0.00;0.00;0.00;0.00;0.00;0.00;0.00;375.44;0.00;73.04;20210712;20210713;C180;0000;12;00;3999;1;0;0;354390;4;64;1;0;010;;02;0;;0;0;0;;00;00;1;000000000000;000;000000;000;0;00007;1;000008291227888;;2082888;;;0000;0000;02;06;;0000;01;0000;467;HM35439001N202107.DTS;;;0.00;0.00;0.00;0.00;0.00;00;;;;;;;;;;0;0;0;0;0;0;0;0;0;
354390;2021;07;01;56384183000140;3521118018990;1;13503666;354390;19641230;3;0;0;0;0;00;0;0;0;0;0;11;0416050077;0416050077;6669.88;1170.86;0.00;0.00;0.00;0.00;0.00;0.00;0.00;0.00;0.00;7840.74;0.00;1525.43;20210720;20210731;C20;0000;12;00;3999;1;0;0;354390;4;56;11;0;010;;01;0;;0;0;0;;00;00;1;000000000000;000;000000;000;0;00000;0;000000000000000;;2082888;;;0000;0000;03;06;;0000;01;0000;161;HM35439001N202107.DTS;;;0.00;0.00;0.00;0.00;0.00;00;I10;E039;;;;;;;;1;1;0;0;0;0;0;0;0;
354390;2021;08;03;56384183000140;3521118021290;1;13506720;354390;19480112;3;0;0;0;0;00;0;0;0;0;4;4;0304100021;0304100021;730.46;65.14;0.00;0.00;0.00;0.00;0.00;0.00;0.00;0.00;0.00;795.60;0.00;146.51;20210811;20210815;C189;0000;12;00;3999;1;0;0;354390;4;73;4;0;010;;02;0;;0;0;0;;00;00;1;000000000000;000;000000;000;0;00000;0;000000000000000;;2082888;;;0000;0000;02;06;;0000;01;0000;412;HM35439001N202108.DTS;;;0.00;0.00;0.00;0.00;0.00;00;;;;;;;;;;0;0;0;0;0;0;0;0;0;
354390;2021;08;01;56384183000140;3521118022158;1;13506650;354390;19521019;3;0;0;0;0;00;0;0;0;0;19;19;0415020050;0415020050;6786.98;1365.66;0.00;0.00;0.00;0.00;0.00;0.00;0.00;0.00;0.00;8152.64;0.00;1501.40;20210727;20210815;C187;0000;12;00;3999;1;0;0;354390;4;68;19;0;010;;01;0;;0;0;0;;00;00;1;000000000000;000;000000;000;0;00000;0;000000000000000;;2082888;;;0000;0000;03;06;;0000;01;0000;110;HM35439001N202108.DTS;;;0.00;0.00;0.00;0.00;0.00;00;K638;;;;;;;;;1;0;0;0;0;0;0;0;0;
354390;2021;08;01;56384183000140;3521118019617;1;13504309;354390;19580721;3;0;0;0;0;00;0;0;0;0;8;8;0415020050;0415020050;6373.80;1536.59;0.00;0.00;0.00;0.00;0.00;0.00;0.00;0.00;0.00;7910.39;0.00;1456.79;20210730;20210807;C188;0000;12;00;3999;1;0;0;354390;4;63;8;0;010;;02;0;;0;0;0;;00;00;1;000000000000;000;000000;000;0;00000;0;000000000000000;;2082888;;;0000;0000;03;06;;0000;01;0000;44;HM35439001N202108.DTS;;;0.00;0.00;0.00;0.00;0.00;00;R104;C787;C178;;;;;;;1;1;1;0;0;0;0;0;0;
354390;2021;08;01;56384183000140;3521118024370;1;13506855;354390;19460418;3;0;0;0;0;00;0;0;0;0;11;11;0416050034;0416050034;6765.45;1170.26;0.00;0.00;0.00;0.00;0.00;0.00;0.00;0.00;0.00;7935.71;0.00;1461.45;20210802;20210813;C188;0000;12;00;3999;1;0;0;354390;4;75;11;0;010;;01;0;;0;0;0;;00;00;1;000000000000;000;000000;000;0;00000;0;000000000000000;;2082888;;;0000;0000;03;06;;0000;01;0000;165;HM35439001N202108.DTS;;;0.00;0.00;0.00;0.00;0.00;00;;;;;;;;;;0;0;0;0;0;0;0;0;0;
354390;2021;08;03;56384183000140;3521118024699;1;13505489;354390;19601010;3;0;0;0;0;00;0;0;0;0;9;9;0304100021;0304100021;390.49;69.01;0.00;0.00;0.00;0.00;0.00;0.00;0.00;0.00;0.00;459.50;0.00;84.62;20210807;20210815;C20;0000;27;00;3999;1;0;0;354390;4;60;8;0;010;;02;0;;0;0;0;;00;00;1;000000000000;000;000000;000;0;00000;0;000000000000000;;2082888;;;0000;0000;02;06;;0000;01;0000;466;HM35439001N202108.DTS;;;0.00;0.00;0.00;0.00;0.00;00;J960;F209;;;;;;;;1;1;0;0;0;0;0;0;0;
354390;2021;12;01;56384183000140;3521127390473;1;13505350;354390;19570819;3;0;0;0;0;00;0;0;0;0;0;2;0416050018;0416050018;5607.13;1230.75;0.00;0.00;0.00;0.00;0.00;0.00;0.00;0.00;0.00;6837.88;0.00;1278.10;20211026;20211027;C20;0000;27;00;3999;1;0;0;354390;4;64;1;0;010;;01;0;;0;0;0;;00;00;1;000000000000;000;000000;000;0;00000;1;000008291227888;;2082888;;;0000;0000;03;06;;0000;01;0000;666;HM35439001N202112.DTS;;;0.00;0.00;0.00;0.00;0.00;00;E660;I10;;;;;;;;1;1;0;0;0;0;0;0;0;
354390;2021;12;01;56384183000140;3521127393080;1;13506650;354390;19521019;3;0;0;0;0;00;0;0;0;0;10;10;0407020241;0407020241;754.63;154.43;0.00;0.00;0.00;0.00;0.00;0.00;0.00;0.00;0.00;909.06;0.00;169.91;20211124;20211204;C189;0000;12;00;3999;1;0;0;354390;4;69;10;0;010;;01;0;;0;0;0;;00;00;1;000000000000;000;000000;000;0;00000;0;000000000000000;;2082888;;;0000;0000;02;06;;0000;01;0000;736;HM35439001N202112.DTS;;;0.00;0.00;0.00;0.00;0.00;00;E039;;;;;;;;;1;0;0;0;0;0;0;0;0;
354390;2021;12;03;56384183000140;3521127390484;1;13505350;354390;19570819;3;0;0;0;7;75;0;0;0;0;11;13;0304100021;0304100021;3928.22;559.09;0.00;0.00;0.00;0.00;0.00;0.00;0.00;0.00;0.00;4487.31;3351.04;838.74;20211027;20211116;C20;0000;12;00;3999;1;0;0;354390;4;64;20;0;010;;02;0;;0;0;0;;00;00;1;000000000000;000;000000;000;0;00000;1;000008291227888;;2082888;;;0000;0000;02;06;;0000;01;0000;1062;HM35439001N202112.DTS;;;0.00;0.00;0.00;0.00;0.00;00;I10;E660;;;;;;;;1;1;0;0;0;0;0;0;0;
354390;2021;12;01;56384183000140;3521127395577;1;13508534;354390;19540213;3;0;0;0;4;75;0;0;0;0;13;13;0415020050;0415020050;8995.38;1646.37;0.00;0.00;0.00;0.00;0.00;0.00;0.00;0.00;0.00;10641.75;1914.88;1989.11;20211214;20211230;C187;0000;41;00;3999;1;0;0;354390;4;67;16;1;010;;02;0;;0;0;0;;00;00;1;000000000000;000;000000;000;0;00000;1;000008291227888;;2082888;;;0000;0000;03;06;;0000;01;0000;818;HM35439001N202112.DTS;;;0.00;0.00;0.00;0.00;0.00;00;K598;;;;;;;;;1;0;0;0;0;0;0;0;0;
354390;2021;12;03;56384183000140;3521127394026;1;13505120;354390;19561209;3;0;0;0;0;00;0;0;0;0;2;2;0304100021;0304100021;396.46;80.29;0.00;0.00;0.00;0.00;0.00;0.00;0.00;0.00;0.00;476.75;0.00;89.11;20211215;20211217;C189;0000;12;00;3999;1;0;0;354390;4;65;2;0;010;;02;0;;0;0;0;;00;00;1;000000000000;000;000000;000;0;00000;0;000000000000000;;2082888;;;0000;0000;02;06;;0000;01;0000;1140;HM35439001N202112.DTS;;;0.00;0.00;0.00;0.00;0.00;00;;;;;;;;;;0;0;0;0;0;0;0;0;0;
354390;2022;02;01;56384183000140;3522106337101;1;13502742;354390;19660414;3;0;0;0;0;00;0;0;0;0;0;8;0416050077;0416050077;6406.30;1170.86;0.00;0.00;0.00;0.00;0.00;0.00;0.00;0.00;0.00;7577.16;0.00;1601.93;20220201;20220209;C187;0000;12;00;3999;1;0;0;354390;4;55;8;0;010;;02;0;;0;0;0;;00;00;1;000000000000;000;000000;000;0;00000;0;000000000000000;;2082888;;;0000;0000;03;06;;0000;02;0000;51;HM35439001N202202.DTS;;;0.00;0.00;0.00;0.00;0.00;00;;;;;;;;;;0;0;0;0;0;0;0;0;0;
354390;2022;02;01;56384183000140;3522106335539;1;13504083;354390;19450521;3;0;0;0;1;75;0;0;0;0;10;10;0415020050;0415020050;4402.26;1156.08;0.00;0.00;0.00;0.00;0.00;0.00;0.00;0.00;0.00;5558.34;478.72;1175.12;20220125;20220205;C184;0000;12;00;3999;1;0;0;354390;4;76;11;0;010;;01;0;;0;0;0;;00;00;1;000000000000;000;000000;000;0;00000;0;000000000000000;;2082888;;;0000;0000;03;06;;0000;01;0000;22;HM35439001N202202.DTS;;;0.00;0.00;0.00;0.00;0.00;00;C787;;;;;;;;;1;0;0;0;0;0;0;0;0;
354390;2022;01;01;56384183000140;3521127394455;1;13502394;354390;19681009;3;0;0;0;0;00;0;0;0;0;0;8;0416050026;0416050026;3044.88;655.47;0.00;0.00;0.00;0.00;0.00;0.00;0.00;0.00;0.00;3700.35;0.00;721.31;20211208;20211216;C184;0000;12;00;3999;1;0;0;354390;4;53;8;0;010;;01;0;;0;0;0;;00;00;1;000000000000;000;000000;000;0;00000;1;000008291227888;;2082888;;;0000;0000;03;06;;0000;01;0000;507;HM35439001N202201.DTS;;;0.00;0.00;0.00;0.00;0.00;00;I119;;;;;;;;;1;0;0;0;0;0;0;0;0;
354390;2022;01;03;56384183000140;3522106329841;1;13506193;354390;19500724;3;0;0;0;0;00;0;0;0;0;4;4;0304100021;0304100021;334.30;65.14;0.00;0.00;0.00;0.00;0.00;0.00;0.00;0.00;0.00;399.44;0.00;77.86;20220110;20220113;C189;0000;41;00;3999;1;0;0;354390;4;71;3;1;010;;02;0;;0;0;0;;00;00;1;000000000000;000;000000;000;0;00000;0;000000000000000;;2082888;;;0000;0000;02;06;;0000;02;0000;867;HM35439001N202201.DTS;;;0.00;0.00;0.00;0.00;0.00;00;I499;E440;;;;;;;;1;1;0;0;0;0;0;0;0;
354390;2022;01;01;56384183000140;3521127395753;1;13506122;354390;19660508;3;0;0;0;2;75;0;0;0;0;0;9;0416050077;0416050077;6345.45;1306.45;0.00;0.00;0.00;0.00;0.00;0.00;0.00;0.00;0.00;7651.90;957.44;1491.59;20211214;20211224;C20;0000;27;00;3999;1;0;0;354390;4;55;10;0;010;;02;0;;0;0;0;;00;00;1;000000000000;000;000000;000;0;00000;1;000008291227888;;2082888;;;0000;0000;03;06;;0000;02;0000;519;HM35439001N202201.DTS;;;0.00;0.00;0.00;0.00;0.00;00;I10;;;;;;;;;1;0;0;0;0;0;0;0;0;
354390;2022;04;01;56384183000140;3522111529486;1;13506192;354390;19551104;3;0;0;0;2;75;0;0;0;0;3;3;0416050018;0416050018;6574.29;1395.75;0.00;0.00;0.00;0.00;0.00;0.00;0.00;0.00;0.00;7970.04;1200.00;1688.56;20220329;20220403;C20;0000;12;00;3999;1;0;0;354390;4;66;5;0;010;;02;0;;0;0;0;;00;00;1;000000000000;000;000000;000;0;00000;0;000000000000000;;2082888;;;0000;0000;03;06;;0000;03;0000;615;HM35439001N202204.DTS;;;0.00;0.00;0.00;0.00;0.00;00;I10;;;;;;;;;1;0;0;0;0;0;0;0;0;
354390;2022;05;03;56384183000140;3522117373115;1;13506685;354390;19511016;3;0;0;0;1;75;0;0;0;0;18;18;0304100021;0304100021;1889.87;193.84;0.00;0.00;0.00;0.00;0.00;0.00;0.00;0.00;0.00;2083.71;600.00;398.41;20220501;20220520;C20;0000;12;00;3999;1;0;0;354390;4;70;19;0;010;;02;0;;0;0;0;;00;00;1;000000000000;000;000000;000;0;00000;1;000008291227888;;2082888;;;0000;0000;02;06;;0000;01;0000;1158;HM35439001N202205.DTS;;;0.00;0.00;0.00;0.00;0.00;00;I10;E149;;;;;;;;1;1;0;0;0;0;0;0;0;
354390;2022;05;01;56384183000140;3522111535756;1;13506685;354390;19511016;3;0;0;0;0;00;0;0;0;0;4;6;0416050026;0416050026;2959.30;670.47;0.00;0.00;0.00;0.00;0.00;0.00;0.00;0.00;0.00;3629.77;0.00;694.02;20220426;20220501;C187;0000;27;00;3999;1;0;0;354390;4;70;5;0;010;;02;0;;0;0;0;;00;00;1;000000000000;000;000000;000;0;00000;1;000008291227888;;2082888;;;0000;0000;03;06;;0000;01;0000;666;HM35439001N202205.DTS;;;0.00;0.00;0.00;0.00;0.00;00;I10;E149;;;;;;;;1;1;0;0;0;0;0;0;0;
354390;2022;06;01;56384183000140;3522117376184;1;13505330;354390;19530425;3;0;0;0;0;00;0;0;0;0;10;10;0416050026;0416050026;3135.84;655.47;0.00;0.00;0.00;0.00;0.00;0.00;0.00;0.00;0.00;3791.31;0.00;731.91;20220607;20220617;C188;0000;12;00;3999;1;0;0;354390;4;69;10;0;010;;02;0;;0;0;0;;00;00;1;000000000000;000;000000;000;0;00000;0;000000000000000;;2082888;;;0000;0000;03;06;;0000;01;0000;189;HM35439001N202206.DTS;;;0.00;0.00;0.00;0.00;0.00;00;;;;;;;;;;0;0;0;0;0;0;0;0;0;
354390;2022;06;01;56384183000140;3522117377768;1;13500560;354390;19601222;3;0;0;0;0;00;0;0;0;0;9;9;0416050026;0416050026;3311.58;655.47;0.00;0.00;0.00;0.00;0.00;0.00;0.00;0.00;0.00;3967.05;0.00;765.83;20220621;20220630;C187;0000;12;00;3999;1;0;0;354390;4;61;9;0;010;;02;0;;0;0;0;;00;00;1;000000000000;000;000000;000;0;00000;0;000000000000000;;2082888;;;0000;0000;03;06;;0000;01;0000;244;HM35439001N202206.DTS;;;0.00;0.00;0.00;0.00;0.00;00;;;;;;;;;;0;0;0;0;0;0;0;0;0;
354390;2022;06;01;56384183000140;3522117372378;1;13509664;354390;19550726;3;0;0;0;0;00;0;0;0;0;6;6;0415020050;0415020050;6042.33;1354.05;0.00;0.00;0.00;0.00;0.00;0.00;0.00;0.00;0.00;7396.38;0.00;1427.87;20220531;20220606;C187;0000;12;00;3999;1;0;0;354390;4;66;6;0;010;;01;0;;0;0;0;;00;00;1;000000000000;000;000000;000;0;00000;0;000000000000000;;2082888;;;0000;0000;03;06;;0000;03;0000;81;HM35439001N202206.DTS;;;0.00;0.00;0.00;0.00;0.00;00;C172;;;;;;;;;1;0;0;0;0;0;0;0;0;
354390;2022;11;03;56384183000140;3522130714333;1;13503666;354390;19651020;3;0;0;0;0;00;0;0;0;0;0;1;0304100021;0304100021;308.65;65.14;0.00;0.00;0.00;0.00;0.00;0.00;0.00;0.00;0.00;373.79;0.00;71.74;20221128;20221129;C188;0000;12;00;3999;1;0;0;354390;4;57;1;0;010;;02;0;;0;0;0;;00;00;1;000000000000;000;000000;000;0;00007;1;000008291227888;;2082888;;;0000;0000;02;06;;0000;01;0000;576;HM35439001N202211.DTS;;;0.00;0.00;0.00;0.00;0.00;00;I10;K922;;;;;;;;1;1;0;0;0;0;0;0;0;
354390;2022;11;03;56384183000140;3522130712892;1;13506630;354390;19640404;3;0;0;0;0;00;0;0;0;0;0;8;0304100013;0304100013;472.36;80.20;0.00;0.00;0.00;0.00;0.00;0.00;0.00;0.00;0.00;552.56;0.00;106.05;20221103;20221110;C20;0000;27;00;3999;1;0;0;354390;4;58;7;0;010;;02;0;;0;0;0;;00;00;1;000000000000;000;000000;000;0;00000;1;000008291227888;;2082888;;;0000;0000;02;06;;0000;01;0000;541;HM35439001N202211.DTS;;;0.00;0.00;0.00;0.00;0.00;00;I10;J189;;;;;;;;1;1;0;0;0;0;0;0;0;
354390;2022;11;03;56384183000140;3522130712903;1;13506630;354390;19640404;3;0;0;0;0;00;0;0;0;0;0;14;0304100021;0304100021;367.68;65.14;0.00;0.00;0.00;0.00;0.00;0.00;0.00;0.00;0.00;432.82;0.00;83.07;20221110;20221123;C189;0000;41;00;3999;1;0;0;354390;4;58;13;1;010;;02;0;;0;0;0;;00;00;1;000000000000;000;000000;000;0;00000;1;000008291227888;;2082888;;;0000;0000;02;06;;0000;01;0000;542;HM35439001N202211.DTS;;;0.00;0.00;0.00;0.00;0.00;00;C20;J189;;;;;;;;1;1;0;0;0;0;0;0;0;
354390;2022;11;03;56384183000140;3522127750504;1;13505050;354390;19400314;3;0;0;0;0;00;0;0;0;0;5;5;0304100021;0304100021;521.57;80.29;0.00;0.00;0.00;0.00;0.00;0.00;0.00;0.00;0.00;601.86;0.00;115.52;20221029;20221103;C189;0000;12;00;3999;1;0;0;354390;4;82;5;0;010;;02;0;;0;0;0;;00;00;1;000000000000;000;000000;000;0;00000;0;000000000000000;;2082888;;;0000;0000;02;06;;0000;01;0000;383;HM35439001N202211.DTS;;;0.00;0.00;0.00;0.00;0.00;00;C218;;;;;;;;;1;0;0;0;0;0;0;0;0;
354390;2022;11;03;56384183000140;3522130715114;1;13503290;354390;19490723;3;0;0;0;0;00;0;0;0;0;5;5;0304100021;0304100021;377.04;65.14;0.00;0.00;0.00;0.00;0.00;0.00;0.00;0.00;0.00;442.18;0.00;84.87;20221117;20221121;C189;0000;41;00;3999;1;0;0;354390;4;73;4;1;010;;02;0;;0;0;0;;00;00;1;000000000000;000;000000;000;0;00000;0;000000000000000;;2082888;;;0000;0000;02;06;;0000;01;0000;590;HM35439001N202211.DTS;;;0.00;0.00;0.00;0.00;0.00;00;I10;E148;;;;;;;;1;1;0;0;0;0;0;0;0;
354390;2022;11;01;56384183000140;3522127753408;1;13505147;354390;19870918;3;0;0;0;0;00;0;0;0;0;0;2;0415020050;0415020050;6393.69;1360.18;0.00;0.00;0.00;0.00;0.00;0.00;0.00;0.00;0.00;7753.87;0.00;1488.26;20221101;20221102;C187;0000;27;00;3999;1;0;0;354390;4;35;1;0;010;;02;0;;0;0;0;;00;00;1;000000000000;000;000000;000;0;00000;1;000008291227888;;2082888;;;0000;0000;03;06;;0000;01;0000;102;HM35439001N202211.DTS;;;0.00;0.00;0.00;0.00;0.00;00;;;;;;;;;;0;0;0;0;0;0;0;0;0;
354390;2022;11;01;56384183000140;3522127753419;1;13505147;354390;19870918;3;0;0;0;0;00;0;0;0;0;0;7;0407040161;0407040161;698.40;154.99;0.00;0.00;0.00;0.00;0.00;0.00;0.00;0.00;0.00;853.39;0.00;163.79;20221102;20221109;C187;0000;12;00;3999;1;0;0;354390;4;35;7;0;010;;02;0;;0;0;0;;00;00;1;000000000000;000;000000;000;0;00000;1;000008291227888;;2082888;;;0000;0000;02;06;;0000;01;0000;103;HM35439001N202211.DTS;;;0.00;0.00;0.00;0.00;0.00;00;;;;;;;;;;0;0;0;0;0;0;0;0;0;
354390;2022;11;01;56384183000140;3522130714982;1;13501040;354390;19460414;3;0;0;0;2;75;0;0;0;0;2;2;0415020050;0415020050;10636.01;2394.12;0.00;0.00;0.00;0.00;0.00;0.00;0.00;0.00;0.00;13030.13;1200.00;2500.98;20221122;20221126;C187;0000;12;00;3999;1;0;0;354390;4;76;4;0;010;;01;0;;0;0;0;;00;00;1;000000000000;000;000000;000;0;00000;0;000000000000000;;2082888;;;0000;0000;03;06;;0000;01;0000;221;HM35439001N202211.DTS;;;0.00;0.00;0.00;0.00;0.00;00;K638;C574;;;;;;;;1;1;0;0;0;0;0;0;0;
354390;2022;11;01;56384183000140;3522130715598;1;13501360;354390;19661109;3;0;0;0;0;00;0;0;0;0;0;4;0416050026;0416050026;1944.30;655.47;0.00;0.00;0.00;0.00;0.00;0.00;0.00;0.00;0.00;2599.77;0.00;498.99;20221114;20221118;C187;0000;12;00;3999;1;0;0;354390;4;56;4;0;010;;02;0;;0;0;0;;00;00;1;000000000000;000;000000;000;0;00000;1;000008291227888;;2082888;;;0000;0000;03;06;;0000;01;0000;241;HM35439001N202211.DTS;;;0.00;0.00;0.00;0.00;0.00;00;;;;;;;;;;0;0;0;0;0;0;0;0;0;
354390;2022;12;03;56384183000140;3522130716544;1;13503666;354390;19651020;3;0;0;0;0;00;0;0;0;0;0;1;0304100021;0304100021;302.30;65.14;0.00;0.00;0.00;0.00;0.00;0.00;0.00;0.00;0.00;367.44;0.00;72.18;20221208;20221208;C187;0000;41;00;3999;1;0;0;354390;4;57;0;1;010;;02;0;;0;0;0;;00;00;1;000000000000;000;000000;000;0;00000;0;000000000000000;;2082888;;;0000;0000;02;06;;0000;01;0000;445;HM35439001N202212.DTS;;;0.00;0.00;0.00;0.00;0.00;00;C785;;;;;;;;;2;0;0;0;0;0;0;0;0;
354390;2022;12;01;56384183000140;3522130715390;1;13504310;354390;19761016;3;0;0;0;0;00;0;0;0;0;0;11;0416050026;0416050026;3233.93;674.34;0.00;0.00;0.00;0.00;0.00;0.00;0.00;0.00;0.00;3908.27;0.00;767.83;20221129;20221210;C188;0000;12;00;3999;1;0;0;354390;4;46;11;0;010;;01;0;;0;0;0;;00;00;1;000000000000;000;000000;000;0;00000;0;000000000000000;;2082888;;;0000;0000;03;06;;0000;03;0000;62;HM35439001N202212.DTS;;;0.00;0.00;0.00;0.00;0.00;00;;;;;;;;;;0;0;0;0;0;0;0;0;0;
354390;2022;12;01;56384183000140;3522130717523;1;13506650;354390;19521012;3;0;0;0;4;75;0;0;0;0;10;10;0416040276;0416040276;8343.19;1478.79;0.00;0.00;0.00;0.00;0.00;0.00;0.00;0.00;0.00;9821.98;2400.00;1929.66;20221104;20221118;C189;0000;12;00;3999;1;0;0;354390;4;70;14;0;010;;02;0;;0;0;0;;00;00;1;000000000000;000;000000;000;0;00000;1;000008291227888;;2082888;;;0000;0000;03;06;;0000;01;0000;112;HM35439001N202212.DTS;;;0.00;0.00;0.00;0.00;0.00;00;;;;;;;;;;0;0;0;0;0;0;0;0;0;
354390;2022;12;01;56384183000140;3522131794148;1;13503187;354390;19470808;3;0;0;0;0;00;0;0;0;0;5;5;0415020050;0415020050;3372.53;838.66;0.00;0.00;0.00;0.00;0.00;0.00;0.00;0.00;0.00;4211.19;0.00;827.34;20221212;20221216;C182;0000;27;00;3999;1;0;0;354390;4;75;4;0;010;;01;0;;0;0;0;;00;00;1;000000000000;000;000000;000;0;00000;1;000008291227888;;2082888;;;0000;0000;03;06;;0000;01;0000;182;HM35439001N202212.DTS;;;0.00;0.00;0.00;0.00;0.00;00;K638;;;;;;;;;1;0;0;0;0;0;0;0;0;
354390;2022;12;03;56384183000140;3522131793554;1;13504310;354390;19761016;3;0;0;0;0;00;0;0;0;0;0;3;0304100021;0304100021;302.30;65.14;0.00;0.00;0.00;0.00;0.00;0.00;0.00;0.00;0.00;367.44;0.00;72.18;20221214;20221217;C189;0000;12;00;3999;1;0;0;354390;4;46;3;0;010;;02;0;;0;0;0;;00;00;1;000000000000;000;000000;000;0;00000;0;000000000000000;;2082888;;;0000;0000;02;06;;0000;03;0000;536;HM35439001N202212.DTS;;;0.00;0.00;0.00;0.00;0.00;00;I10;;;;;;;;;1;0;0;0;0;0;0;0;0;
354390;2022;12;03;56384183000140;3522131793444;1;13506440;354390;19860902;3;0;0;0;0;00;0;0;0;0;0;6;0304100021;0304100021;473.60;80.29;0.00;0.00;0.00;0.00;0.00;0.00;0.00;0.00;0.00;553.89;0.00;108.81;20221211;20221217;C189;0000;12;00;3999;1;0;0;354390;4;36;6;0;010;;02;0;;0;0;0;;00;00;1;000000000000;000;000000;000;0;00000;0;000000000000000;;2082888;;;0000;0000;02;06;;0000;01;0000;531;HM35439001N202212.DTS;;;0.00;0.00;0.00;0.00;0.00;00;N189;;;;;;;;;1;0;0;0;0;0;0;0;0;
354390;2022;12;01;56384183000140;3522131793279;1;13502014;354390;19580430;3;0;0;0;0;00;0;0;0;0;7;7;0415020050;0415020050;3793.19;844.79;0.00;0.00;0.00;0.00;0.00;0.00;0.00;0.00;0.00;4637.98;0.00;911.19;20221209;20221216;C188;0000;12;00;3999;1;0;0;354390;4;64;7;0;010;;02;0;;0;0;0;;00;00;1;000000000000;000;000000;000;0;00000;0;000000000000000;;2082888;;;0000;0000;03;06;;0000;01;0000;155;HM35439001N202212.DTS;;;0.00;0.00;0.00;0.00;0.00;00;;;;;;;;;;0;0;0;0;0;0;0;0;0;
354390;2022;12;01;56384183000140;3522131793664;1;13502745;354390;19570101;3;0;0;0;0;00;0;0;0;0;10;10;0416050026;0416050026;2805.64;655.47;0.00;0.00;0.00;0.00;0.00;0.00;0.00;0.00;0.00;3461.11;0.00;679.98;20221212;20221222;C188;0000;12;00;3999;1;0;0;354390;4;65;10;0;010;;01;0;;0;0;0;;00;00;1;000000000000;000;000000;000;0;00000;0;000000000000000;;2082888;;;0000;0000;03;06;;0000;01;0000;164;HM35439001N202212.DTS;;;0.00;0.00;0.00;0.00;0.00;00;;;;;;;;;;0;0;0;0;0;0;0;0;0;
354390;2022;12;03;56384183000140;3522130717512;1;13506650;354390;19521012;3;0;0;0;0;00;0;0;0;0;11;11;0304100021;0304100021;914.91;76.75;0.00;0.00;0.00;0.00;0.00;0.00;0.00;0.00;0.00;991.66;0.00;194.82;20221025;20221104;C189;0000;27;00;3999;1;0;0;354390;4;70;10;0;010;;02;0;;0;0;0;;00;00;1;000000000000;000;000000;000;0;00000;1;000008291227888;;2082888;;;0000;0000;02;06;;0000;01;0000;470;HM35439001N202212.DTS;;;0.00;0.00;0.00;0.00;0.00;00;I10;E119;;;;;;;;1;1;0;0;0;0;0;0;0;
354390;2022;03;01;56384183000140;3522111525867;1;13504642;354390;19690509;3;0;0;0;0;00;0;0;0;0;0;3;0415010012;0415010012;2037.29;622.79;0.00;0.00;0.00;0.00;0.00;0.00;0.00;0.00;0.00;2660.08;0.00;541.76;20220314;20220317;C189;0000;12;00;3999;1;0;0;354390;4;52;3;0;010;;01;0;;0;0;0;;00;00;1;000000000000;000;000000;000;0;00000;0;000000000000000;;2082888;;;0000;0000;02;06;;0000;03;0000;778;HM35439001N202203.DTS;;;0.00;0.00;0.00;0.00;0.00;00;K559;K469;K660;;;;;;;1;1;1;0;0;0;0;0;0;
354390;2022;03;01;56384183000140;3522106341204;1;13501340;354390;19530526;3;0;0;0;0;00;0;0;0;0;4;4;0415020050;0415020050;6957.73;1808.88;0.00;0.00;0.00;0.00;0.00;0.00;0.00;0.00;0.00;8766.61;0.00;1785.46;20220208;20220212;C20;0000;12;00;3999;1;0;0;354390;4;68;4;0;010;;01;0;;0;0;0;;00;00;1;000000000000;000;000000;000;0;00000;0;000000000000000;;2082888;;;0000;0000;03;06;;0000;01;0000;681;HM35439001N202203.DTS;;;0.00;0.00;0.00;0.00;0.00;00;I10;E149;C775;K638;;;;;;1;1;1;1;0;0;0;0;0;
354390;2022;03;03;56384183000140;3522111528970;1;13504642;354390;19690509;3;0;0;0;0;00;0;0;0;0;0;3;0304100021;0304100021;302.30;65.14;0.00;0.00;0.00;0.00;0.00;0.00;0.00;0.00;0.00;367.44;0.00;74.83;20220322;20220325;C189;0000;12;00;3999;1;0;0;354390;4;52;3;0;010;;02;0;;0;0;0;;00;00;1;000000000000;000;000000;000;0;00000;0;000000000000000;;2082888;;;0000;0000;02;06;;0000;03;0000;1187;HM35439001N202203.DTS;;;0.00;0.00;0.00;0.00;0.00;00;;;;;;;;;;0;0;0;0;0;0;0;0;0;
354390;2022;09;01;56384183000140;3522122293415;1;13505008;354390;19990708;3;0;0;0;0;00;0;0;0;0;0;3;0407020039;0407020039;294.37;161.03;0.00;0.00;0.00;0.00;0.00;0.00;0.00;0.00;0.00;455.40;0.00;86.74;20220905;20220908;C181;0000;12;00;3999;1;0;0;354390;4;23;3;0;010;;02;0;;0;0;0;;00;00;1;000000000000;000;000000;000;0;00000;0;000000000000000;;2082888;;;0000;0000;02;06;;0000;03;0000;809;HM35439001N202209.DTS;;;0.00;0.00;0.00;0.00;0.00;00;;;;;;;;;;0;0;0;0;0;0;0;0;0;
354390;2022;09;03;56384183000140;3522122291677;1;13503666;354390;19651020;3;0;0;0;0;00;0;0;0;0;0;11;0304100021;0304100021;739.67;76.75;0.00;0.00;0.00;0.00;0.00;0.00;0.00;0.00;0.00;816.42;0.00;155.50;20220903;20220914;C20;0000;12;00;3999;1;0;0;354390;4;56;11;0;010;;02;0;;0;0;0;;00;00;1;000000000000;000;000000;000;0;00000;0;000000000000000;;2082888;;;0000;0000;02;06;;0000;01;0000;1135;HM35439001N202209.DTS;;;0.00;0.00;0.00;0.00;0.00;00;L089;;;;;;;;;1;0;0;0;0;0;0;0;0;
354390;2022;09;03;56384183000140;3522127744003;1;13506440;354390;19860902;3;0;0;0;0;00;0;0;0;0;0;3;0304100021;0304100021;302.30;65.14;0.00;0.00;0.00;0.00;0.00;0.00;0.00;0.00;0.00;367.44;0.00;69.98;20220926;20220929;C20;0000;12;00;3999;1;0;0;354390;4;36;3;0;010;;02;0;;0;0;0;;00;00;1;000000000000;000;000000;000;0;00000;0;000000000000000;;2082888;;;0000;0000;02;06;;0000;01;0000;1293;HM35439001N202209.DTS;;;0.00;0.00;0.00;0.00;0.00;00;;;;;;;;;;0;0;0;0;0;0;0;0;0;
354390;2022;10;03;56384183000140;3522127747105;1;13506440;354390;19860902;3;0;0;0;0;00;0;0;0;0;0;2;0304100021;0304100021;450.27;65.14;0.00;0.00;0.00;0.00;0.00;0.00;0.00;0.00;0.00;515.41;0.00;97.43;20221017;20221019;C20;0000;12;00;3999;1;0;0;354390;4;36;2;0;010;;02;0;;0;0;0;;00;00;1;000000000000;000;000000;000;0;00000;0;000000000000000;;2082888;;;0000;0000;02;06;;0000;01;0000;441;HM35439001N202210.DTS;;;0.00;0.00;0.00;0.00;0.00;00;E878;C780;;;;;;;;1;1;0;0;0;0;0;0;0;
354390;2022;10;01;56384183000140;3522127749350;1;13502100;354390;19650426;3;0;0;0;0;00;0;0;0;0;0;8;0416050077;0416050077;5720.13;1170.86;0.00;0.00;0.00;0.00;0.00;0.00;0.00;0.00;0.00;6890.99;0.00;1302.64;20221004;20221011;C20;0000;27;00;3999;1;0;0;354390;4;57;7;0;010;;02;0;;0;0;0;;00;00;1;000000000000;000;000000;000;0;00000;1;000008291227888;;2082888;;;0000;0000;03;06;;0000;03;0000;190;HM35439001N202210.DTS;;;0.00;0.00;0.00;0.00;0.00;00;E668;;;;;;;;;1;0;0;0;0;0;0;0;0;
354390;2022;10;01;56384183000140;3522122293470;1;13506440;354390;19860902;3;0;0;0;0;00;0;0;0;0;0;1;0415020050;0415020050;5866.07;1354.05;0.00;0.00;0.00;0.00;0.00;0.00;0.00;0.00;0.00;7220.12;0.00;1364.86;20220912;20220912;C187;0000;27;00;3999;1;0;0;354390;4;36;0;0;010;;01;0;;0;0;0;;00;00;1;000000000000;000;000000;000;0;00000;1;000008291227888;;2082888;;;0000;0000;03;06;;0000;01;0000;24;HM35439001N202210.DTS;;;0.00;0.00;0.00;0.00;0.00;00;;;;;;;;;;0;0;0;0;0;0;0;0;0;
354390;2022;10;01;56384183000140;3522127748403;1;13506630;354390;19640404;3;0;0;0;0;00;0;0;0;0;0;2;0416050077;0416050077;4436.00;1170.86;0.00;0.00;0.00;0.00;0.00;0.00;0.00;0.00;0.00;5606.86;0.00;1059.89;20221004;20221006;C19;0000;12;00;3999;1;0;0;354390;4;58;2;0;010;;02;0;;0;0;0;;00;00;1;000000000000;000;000000;000;0;00007;1;000008291227888;;2082888;;;0000;0000;03;06;;0000;01;0000;160;HM35439001N202210.DTS;;;0.00;0.00;0.00;0.00;0.00;00;;;;;;;;;;0;0;0;0;0;0;0;0;0;
354390;2022;10;03;56384183000140;3522127746522;1;13503290;354390;19490723;3;0;0;0;0;00;0;0;0;0;3;3;0304100021;0304100021;505.57;80.29;0.00;0.00;0.00;0.00;0.00;0.00;0.00;0.00;0.00;585.86;0.00;110.74;20220930;20221003;C189;0000;12;00;3999;1;0;0;354390;4;73;3;0;010;;02;0;;0;0;0;;00;00;1;000000000000;000;000000;000;0;00000;0;000000000000000;;2082888;;;0000;0000;02;06;;0000;01;0000;418;HM35439001N202210.DTS;;;0.00;0.00;0.00;0.00;0.00;00;I10;R54;;;;;;;;1;1;0;0;0;0;0;0;0;
354390;2022;10;03;56384183000140;3522127745664;1;13503666;354390;19651020;3;0;0;0;0;00;0;0;0;0;0;1;0304100013;0304100013;37.78;8.15;0.00;0.00;0.00;0.00;0.00;0.00;0.00;0.00;0.00;45.93;0.00;8.68;20221008;20221008;C189;0000;12;00;3999;1;0;0;354390;4;56;0;0;010;;02;0;;0;0;0;;00;00;1;000000000000;000;000000;000;0;00000;0;000000000000000;;2082888;;;0000;0000;02;06;;0000;01;0000;384;HM35439001N202210.DTS;;;0.00;0.00;0.00;0.00;0.00;00;;;;;;;;;;0;0;0;0;0;0;0;0;0;
354390;2022;10;03;56384183000140;3522127749360;1;13502100;354390;19650426;3;0;0;0;0;00;0;0;0;0;0;12;0304100021;0304100021;783.81;80.62;0.00;0.00;0.00;0.00;0.00;0.00;0.00;0.00;0.00;864.43;0.00;163.40;20221011;20221023;C20;0000;12;00;3999;1;0;0;354390;4;57;12;0;010;;02;0;;0;0;0;;00;00;1;000000000000;000;000000;000;0;00000;1;000008291227888;;2082888;;;0000;0000;02;06;;0000;03;0000;511;HM35439001N202210.DTS;;;0.00;0.00;0.00;0.00;0.00;00;E668;;;;;;;;;1;0;0;0;0;0;0;0;0;
354390;2023;02;01;56384183000140;3523106182046;1;13504161;354390;19480118;3;0;0;0;0;00;0;0;0;0;9;9;0416050026;0416050026;1576.02;655.47;0.00;0.00;0.00;0.00;0.00;0.00;0.00;0.00;0.00;2231.49;0.00;440.13;20230124;20230202;C180;0000;12;00;3999;1;0;0;354390;4;75;9;0;010;;01;0;;0;0;0;;00;00;1;000000000000;000;000000;000;0;00000;0;000000000000000;;2082888;;;0000;0000;03;06;;0000;01;0000;15;HM35439001N202302.DTS;;;0.00;0.00;0.00;0.00;0.00;00;E148;;;;;;;;;1;0;0;0;0;0;0;0;0;
354390;2023;02;01;56384183000140;3523106182068;1;13505120;354390;19500731;3;0;0;0;1;75;0;0;0;0;0;0;0416050026;0416050026;3367.30;745.47;0.00;0.00;0.00;0.00;0.00;0.00;0.00;0.00;0.00;4112.77;600.00;811.19;20230127;20230127;C188;0000;27;00;3999;1;0;0;354390;4;72;0;0;010;;01;0;;0;0;0;;00;00;1;000000000000;000;000000;000;0;00000;1;000008291227888;;2082888;;;0000;0000;03;06;;0000;01;0000;16;HM35439001N202302.DTS;;;0.00;0.00;0.00;0.00;0.00;00;C80;;;;;;;;;1;0;0;0;0;0;0;0;0;
354390;2023;01;01;56384183000140;3523106177250;1;13504312;354390;19640807;3;0;0;0;0;00;0;0;0;0;0;12;0416050026;0416050026;2504.02;663.21;0.00;0.00;0.00;0.00;0.00;0.00;0.00;0.00;0.00;3167.23;0.00;609.08;20230109;20230121;C188;0000;12;00;3999;1;0;0;354390;4;58;12;0;010;;01;0;;0;0;0;;00;00;1;000000000000;000;000000;000;0;00000;0;000000000000000;;2082888;;;0000;0000;03;06;;0000;03;0000;84;HM35439001N202301.DTS;;;0.00;0.00;0.00;0.00;0.00;00;I10;E149;;;;;;;;1;1;0;0;0;0;0;0;0;
354390;2023;01;01;56384183000140;3523106177481;1;13505147;354390;19870918;3;0;0;0;0;00;0;0;0;0;0;1;0406020078;0406020078;319.44;109.20;0.00;0.00;0.00;0.00;0.00;0.00;0.00;0.00;0.00;428.64;0.00;82.43;20230109;20230109;C180;0000;12;00;3999;1;0;0;354390;4;35;0;0;010;;01;0;;0;0;0;;00;00;1;000000000000;000;000000;000;0;00000;0;000000000000000;;2082888;;;0000;0000;03;06;;0000;01;0000;97;HM35439001N202301.DTS;;;0.00;0.00;0.00;0.00;0.00;00;;;;;;;;;;0;0;0;0;0;0;0;0;0;
354390;2023;01;01;56384183000140;3523106180430;1;13500470;354390;19540203;3;0;0;0;0;00;0;0;0;0;12;12;0416050026;0416050026;3235.43;663.21;0.00;0.00;0.00;0.00;0.00;0.00;0.00;0.00;0.00;3898.64;0.00;749.73;20230116;20230128;C188;0000;12;00;3999;1;0;0;354390;4;68;12;0;010;;01;0;;0;0;0;;00;00;1;000000000000;000;000000;000;0;00000;0;000000000000000;;2082888;;;0000;0000;03;06;;0000;01;0000;182;HM35439001N202301.DTS;;;0.00;0.00;0.00;0.00;0.00;00;;;;;;;;;;0;0;0;0;0;0;0;0;0;
354390;2023;12;01;56384183000140;3523130836357;1;13501170;354390;19611001;3;0;0;0;0;00;0;0;0;0;2;2;0415020050;0415020050;7336.51;1360.17;0.00;0.00;0.00;0.00;0.00;0.00;0.00;0.00;0.00;8696.68;0.00;1756.90;20231128;20231129;C187;0000;27;00;3999;1;0;0;354390;4;62;1;0;010;;02;0;;0;0;0;;00;00;1;000000000000;000;000000;000;0;00000;1;000008291227888;;2082888;;;0000;0000;03;06;;0000;02;0000;166;HM35439001N202312.DTS;;;0.00;0.00;0.00;0.00;0.00;00;;;;;;;;;;0;0;0;0;0;0;0;0;0;
354390;2023;12;03;56384183000140;3523130837963;1;13506824;354390;19671231;3;0;0;0;0;00;0;0;0;0;0;14;0304100021;0304100021;879.44;88.36;0.00;0.00;0.00;0.00;0.00;0.00;0.00;0.00;0.00;967.80;0.00;195.51;20231213;20231227;C20;0000;12;00;3999;1;0;0;354390;4;55;14;0;010;;02;0;;0;0;0;;00;00;1;000000000000;000;000000;000;0;00000;1;000008291227888;;2082888;;;0000;0000;02;06;;0000;03;0000;599;HM35439001N202312.DTS;;;0.00;0.00;0.00;0.00;0.00;00;I10;;;;;;;;;1;0;0;0;0;0;0;0;0;
354390;2023;12;03;56384183000140;3523130838623;1;13501698;354390;19760222;3;0;0;0;0;00;0;0;0;0;0;3;0304100021;0304100021;685.03;65.14;0.00;0.00;0.00;0.00;0.00;0.00;0.00;0.00;0.00;750.17;0.00;151.54;20231226;20231229;C20;0000;12;00;3999;1;0;0;354390;4;47;3;0;010;;02;0;;0;0;0;;00;00;1;000000000000;000;000000;000;0;00000;0;000000000000000;;2082888;;;0000;0000;02;06;;0000;03;0000;611;HM35439001N202312.DTS;;;0.00;0.00;0.00;0.00;0.00;00;W999;D649;R11;;;;;;;1;1;1;0;0;0;0;0;0;
354390;2023;12;01;56384183000140;3523130837974;1;13506824;354390;19671231;3;0;0;0;0;00;0;0;0;0;0;3;0415020050;0415020050;7858.47;1354.04;0.00;0.00;0.00;0.00;0.00;0.00;0.00;0.00;0.00;9212.51;0.00;1861.11;20231211;20231213;C20;0000;27;00;3999;1;0;0;354390;4;55;2;0;010;;01;0;;0;0;0;;00;00;1;000000000000;000;000000;000;0;00000;1;000008291227888;;2082888;;;0000;0000;03;06;;0000;03;0000;199;HM35439001N202312.DTS;;;0.00;0.00;0.00;0.00;0.00;00;C171;;;;;;;;;1;0;0;0;0;0;0;0;0;
354390;2023;12;01;56384183000140;3523130838964;1;13502485;354390;19590525;3;0;0;0;0;00;0;0;0;0;0;9;0416050018;0416050018;5455.57;1215.75;0.00;0.00;0.00;0.00;0.00;0.00;0.00;0.00;0.00;6671.32;0.00;1347.74;20231205;20231213;C20;0000;27;00;3999;1;0;0;354390;4;64;8;0;010;;02;0;;0;0;0;;00;00;1;000000000000;000;000000;000;0;00000;1;000008291227888;;2082888;;;0000;0000;03;06;;0000;01;0000;223;HM35439001N202312.DTS;;;0.00;0.00;0.00;0.00;0.00;00;W999;;;;;;;;;1;0;0;0;0;0;0;0;0;
354390;2023;12;01;56384183000140;3523127846634;1;13506600;354390;19610331;3;0;0;0;0;00;0;0;0;0;10;10;0416050077;0416050077;6556.35;1170.86;0.00;0.00;0.00;0.00;0.00;0.00;0.00;0.00;0.00;7727.21;0.00;1561.05;20231121;20231201;C187;0000;12;00;3999;1;0;0;354390;4;62;10;0;010;;01;0;;0;0;0;;00;00;1;000000000000;000;000000;000;0;00000;0;000000000000000;;2082888;;;0000;0000;03;06;;0000;02;0000;14;HM35439001N202312.DTS;;;0.00;0.00;0.00;0.00;0.00;00;I10;;;;;;;;;1;0;0;0;0;0;0;0;0;
354390;2023;12;03;56384183000140;3523130838953;1;13502485;354390;19590525;3;0;0;0;0;00;0;0;0;0;3;3;0304100021;0304100021;326.30;65.14;0.00;0.00;0.00;0.00;0.00;0.00;0.00;0.00;0.00;391.44;0.00;79.07;20231213;20231216;C20;0000;12;00;3999;1;0;0;354390;4;64;3;0;010;;02;0;;0;0;0;;00;00;1;000000000000;000;000000;000;0;00000;1;000008291227888;;2082888;;;0000;0000;02;06;;0000;01;0000;620;HM35439001N202312.DTS;;;0.00;0.00;0.00;0.00;0.00;00;;;;;;;;;;0;0;0;0;0;0;0;0;0;
354390;2023;12;01;56384183000140;3523127848834;1;13505009;354390;19850519;3;0;0;0;0;00;0;0;0;0;0;1;0406020078;0406020078;319.44;109.20;0.00;0.00;0.00;0.00;0.00;0.00;0.00;0.00;0.00;428.64;0.00;86.59;20231204;20231204;C189;0000;12;00;3999;1;0;0;354390;4;38;0;0;010;;01;0;;0;0;0;;00;00;1;000000000000;000;000000;000;0;00000;0;000000000000000;;2082888;;;0000;0000;03;06;;0000;01;0000;75;HM35439001N202312.DTS;;;0.00;0.00;0.00;0.00;0.00;00;;;;;;;;;;0;0;0;0;0;0;0;0;0;
354390;2023;11;01;56384183000140;3523127842146;1;13503666;354390;19540320;3;0;0;0;0;00;0;0;0;0;0;1;0408060344;0408060344;95.71;55.96;0.00;0.00;0.00;0.00;0.00;0.00;0.00;0.00;0.00;151.67;0.00;31.33;20231106;20231106;C187;0000;12;00;3999;1;0;0;354390;4;69;0;0;010;;01;0;;0;0;0;;00;00;1;000000000000;000;000000;000;0;00000;0;000000000000000;;2082888;;;0000;0000;02;06;;0000;02;0000;710;HM35439001N202311.DTS;;;0.00;0.00;0.00;0.00;0.00;00;E148;;;;;;;;;1;0;0;0;0;0;0;0;0;
354390;2023;11;01;56384183000140;3523127841013;1;13500153;354390;19771215;3;0;0;0;0;00;0;0;0;0;0;5;0416050077;0416050077;6419.06;1170.86;0.00;0.00;0.00;0.00;0.00;0.00;0.00;0.00;0.00;7589.92;0.00;1568.16;20231031;20231105;C187;0000;12;00;3999;1;0;0;354390;4;45;5;0;010;;01;0;;0;0;0;;00;00;1;000000000000;000;000000;000;0;00000;0;000000000000000;;2082888;;;0000;0000;03;06;;0000;01;0000;668;HM35439001N202311.DTS;;;0.00;0.00;0.00;0.00;0.00;00;;;;;;;;;;0;0;0;0;0;0;0;0;0;
353870;2023;10;03;54384631000261;3523119915634;1;13504450;354390;19661127;3;0;0;0;0;00;0;0;0;0;0;1;0301060088;0301060088;48.74;16.22;0.00;0.00;0.00;0.00;0.00;0.00;0.00;0.00;0.00;64.96;0.00;13.17;20231019;20231019;C185;0000;12;00;3999;1;0;0;353870;4;56;0;0;010;;01;0;;0;0;0;;00;00;1;000000000000;000;000000;000;0;00000;0;000000000000000;;2087057;;;0000;0000;02;06;;0000;01;0000;642;HM35387001N202310.DTS;;;0.00;0.00;0.00;0.00;0.00;00;R529;;;;;;;;;2;0;0;0;0;0;0;0;0;
354390;2023;10;03;56384183000140;3523123151449;1;13502295;354390;19651205;3;0;0;0;0;00;0;0;0;0;0;5;0304100021;0304100021;302.30;65.14;0.00;0.00;0.00;0.00;0.00;0.00;0.00;0.00;0.00;367.44;0.00;74.53;20231012;20231016;C188;0000;27;00;3999;1;0;0;354390;4;57;4;0;010;;02;0;;0;0;0;;00;00;1;000000000000;000;000000;000;0;00000;1;000008291227888;;2082888;;;0000;0000;02;06;;0000;01;0000;1257;HM35439001N202310.DTS;;;0.00;0.00;0.00;0.00;0.00;00;I10;E148;;;;;;;;1;1;0;0;0;0;0;0;0;
354390;2023;10;03;56384183000140;3523123150921;1;13504220;354390;19480113;3;0;0;0;0;00;0;0;0;0;4;4;0304100021;0304100021;378.01;65.14;0.00;0.00;0.00;0.00;0.00;0.00;0.00;0.00;0.00;443.15;0.00;89.88;20230930;20231003;C188;0000;27;00;3999;1;0;0;354390;4;75;3;0;010;;02;0;;0;0;0;;00;00;1;000000000000;000;000000;000;0;00000;1;000008291227888;;2082888;;;0000;0000;02;06;;0000;01;0000;1241;HM35439001N202310.DTS;;;0.00;0.00;0.00;0.00;0.00;00;W999;R54;;;;;;;;1;1;0;0;0;0;0;0;0;
354390;2023;10;01;56384183000140;3523127840210;1;13502295;354390;19651205;3;0;0;0;0;00;0;0;0;0;0;4;0415020050;0415020050;3392.09;807.33;0.00;0.00;0.00;0.00;0.00;0.00;0.00;0.00;0.00;4199.42;0.00;851.80;20231016;20231020;C188;0000;12;00;3999;1;0;0;354390;4;57;4;0;010;;02;0;;0;0;0;;00;00;1;000000000000;000;000000;000;0;00000;1;000008291227888;;2082888;;;0000;0000;03;06;;0000;01;0000;942;HM35439001N202310.DTS;;;0.00;0.00;0.00;0.00;0.00;00;C56;;;;;;;;;1;0;0;0;0;0;0;0;0;
354390;2023;10;01;56384183000140;3523127841156;1;13505009;354390;19850519;3;0;0;0;0;00;0;0;0;0;0;1;0406020078;0406020078;319.44;109.20;0.00;0.00;0.00;0.00;0.00;0.00;0.00;0.00;0.00;428.64;0.00;86.94;20231030;20231030;C189;0000;12;00;3999;1;0;0;354390;4;38;0;0;010;;02;0;;0;0;0;;00;00;1;000000000000;000;000000;000;0;00000;0;000000000000000;;2082888;;;0000;0000;03;06;;0000;01;0000;962;HM35439001N202310.DTS;;;0.00;0.00;0.00;0.00;0.00;00;;;;;;;;;;0;0;0;0;0;0;0;0;0;
354390;2023;10;01;56384183000140;3523123148545;1;13505147;354390;19870918;3;0;0;0;0;00;0;0;0;0;0;9;0407020241;0407020241;560.37;150.56;0.00;0.00;0.00;0.00;0.00;0.00;0.00;0.00;0.00;710.93;0.00;144.20;20230926;20231005;C189;0000;12;00;3999;1;0;0;354390;4;36;9;0;010;;01;0;;0;0;0;;00;00;1;000000000000;000;000000;000;0;00000;0;000000000000000;;2082888;;;0000;0000;02;06;;0000;01;0000;774;HM35439001N202310.DTS;;;0.00;0.00;0.00;0.00;0.00;00;;;;;;;;;;0;0;0;0;0;0;0;0;0;
354390;2023;10;01;56384183000140;3523123152285;1;13506725;354390;19530906;3;0;0;0;0;00;0;0;0;0;0;9;0416050018;0416050018;5480.17;1215.75;0.00;0.00;0.00;0.00;0.00;0.00;0.00;0.00;0.00;6695.92;0.00;1358.19;20231017;20231026;C20;0000;12;00;3999;1;0;0;354390;4;70;9;0;010;;02;0;;0;0;0;;00;00;1;000000000000;000;000000;000;0;00000;0;000000000000000;;2082888;;;0000;0000;03;06;;0000;01;0000;890;HM35439001N202310.DTS;;;0.00;0.00;0.00;0.00;0.00;00;;;;;;;;;;0;0;0;0;0;0;0;0;0;
354390;2023;10;01;56384183000140;3523123148292;1;13504220;354390;19480113;3;0;0;0;0;00;0;0;0;0;0;8;0416050026;0416050026;2979.64;655.47;0.00;0.00;0.00;0.00;0.00;0.00;0.00;0.00;0.00;3635.11;0.00;737.34;20231003;20231011;C188;0000;12;00;3999;1;0;0;354390;4;75;8;0;010;;02;0;;0;0;0;;00;00;1;000000000000;000;000000;000;0;00000;1;000008291227888;;2082888;;;0000;0000;03;06;;0000;01;0000;765;HM35439001N202310.DTS;;;0.00;0.00;0.00;0.00;0.00;00;W999;R54;;;;;;;;1;1;0;0;0;0;0;0;0;
350000;2023;09;01;46374500027203;3523120562710;1;13501110;354390;19411108;3;0;0;0;5;75;0;0;0;0;0;7;0407020063;0407020063;4636.45;717.26;0.00;0.00;0.00;0.00;0.00;0.00;0.00;0.00;0.00;5353.71;3000.00;1060.14;20230906;20230917;C189;0000;41;00;1023;2;0;0;353870;4;81;11;1;010;;01;0;;0;0;0;;00;00;1;000000000000;000;000000;000;0;00000;0;000000000000000;;9425802;46374500000194;;0000;0000;02;06;;0000;01;0000;12285;HE35000001N202309.DTS;;;0.00;0.00;0.00;0.00;0.00;00;R100;Z540;;;;;;;;1;1;0;0;0;0;0;0;0;
354390;2023;09;01;56384183000140;3523123142473;1;13504060;354390;19550806;3;0;0;0;0;00;0;0;0;0;4;4;0416050026;0416050026;3393.81;655.47;0.00;0.00;0.00;0.00;0.00;0.00;0.00;0.00;0.00;4049.28;0.00;801.83;20230812;20230815;C184;0000;27;00;3999;1;0;0;354390;4;68;3;0;010;;02;0;;0;0;0;;00;00;1;000000000000;000;000000;000;0;00000;1;000008291227888;;2082888;;;0000;0000;03;06;;0000;01;0000;818;HM35439001N202309.DTS;;;0.00;0.00;0.00;0.00;0.00;00;;;;;;;;;;0;0;0;0;0;0;0;0;0;
354390;2023;09;01;56384183000140;3523123145564;1;13505009;354390;19850519;3;0;0;0;0;00;0;0;0;0;0;8;0416050077;0416050077;5420.13;1170.86;0.00;0.00;0.00;0.00;0.00;0.00;0.00;0.00;0.00;6590.99;0.00;1305.14;20230912;20230920;C19;0000;12;00;3999;1;0;0;354390;4;38;8;0;010;;01;0;;0;0;0;;00;00;1;000000000000;000;000000;000;0;00000;0;000000000000000;;2082888;;;0000;0000;03;06;;0000;01;0000;925;HM35439001N202309.DTS;;;0.00;0.00;0.00;0.00;0.00;00;;;;;;;;;;0;0;0;0;0;0;0;0;0;
354390;2023;09;01;56384183000140;3523123146060;1;13502100;354390;19570118;3;0;0;0;5;75;0;0;0;0;8;8;0416060056;0416060056;9013.34;1593.66;0.00;0.00;0.00;0.00;0.00;0.00;0.00;0.00;0.00;10607.00;3000.00;2100.39;20230829;20230911;C188;0000;12;00;3999;1;0;0;354390;4;66;13;0;010;;01;0;;0;0;0;;00;00;1;000000000000;000;000000;000;0;00000;0;000000000000000;;2082888;;;0000;0000;03;06;;0000;01;0000;945;HM35439001N202309.DTS;;;0.00;0.00;0.00;0.00;0.00;00;;;;;;;;;;0;0;0;0;0;0;0;0;0;
354390;2023;09;01;56384183000140;3523123143463;1;13506670;354390;19331207;3;0;0;0;0;00;0;0;0;0;28;28;0415020050;0415020050;8188.25;1811.85;0.00;0.00;0.00;0.00;0.00;0.00;0.00;0.00;0.00;10000.10;0.00;1980.21;20230818;20230915;C187;0000;12;00;3999;1;0;0;354390;4;89;28;0;010;;02;0;;0;0;0;;00;00;1;000000000000;000;000000;000;0;00000;1;000008291227888;;2082888;;;0000;0000;03;06;;0000;01;0000;858;HM35439001N202309.DTS;;;0.00;0.00;0.00;0.00;0.00;00;D391;;;;;;;;;1;0;0;0;0;0;0;0;0;
354390;2023;09;01;56384183000140;3523123144431;1;13503505;354390;19470105;3;0;0;0;0;00;0;0;0;0;7;7;0415010012;0415010012;3879.08;559.74;0.00;0.00;0.00;0.00;0.00;0.00;0.00;0.00;0.00;4438.82;0.00;878.97;20230814;20230820;C180;0000;27;00;3999;1;0;0;354390;4;76;6;0;010;;02;0;;0;0;0;;00;00;1;000000000000;000;000000;000;0;00000;1;000008291227888;;2082888;;;0000;0000;02;06;;0000;01;0000;889;HM35439001N202309.DTS;;;0.00;0.00;0.00;0.00;0.00;00;C20;K660;K650;;;;;;;1;1;1;0;0;0;0;0;0;
354390;2023;09;01;56384183000140;3523123144453;1;13503505;354390;19470105;3;0;0;0;0;00;0;0;0;0;6;6;0407020241;0407020241;1181.09;161.69;0.00;0.00;0.00;0.00;0.00;0.00;0.00;0.00;0.00;1342.78;0.00;265.89;20230809;20230814;C20;0000;27;00;3999;1;0;0;354390;4;76;5;0;010;;02;0;;0;0;0;;00;00;1;000000000000;000;000000;000;0;00000;1;000008291227888;;2082888;;;0000;0000;02;06;;0000;01;0000;890;HM35439001N202309.DTS;;;0.00;0.00;0.00;0.00;0.00;00;;;;;;;;;;0;0;0;0;0;0;0;0;0;
354390;2023;09;03;56384183000140;3523123142462;1;13504060;354390;19550806;3;0;0;0;0;00;0;0;0;0;12;12;0304100021;0304100021;537.78;80.62;0.00;0.00;0.00;0.00;0.00;0.00;0.00;0.00;0.00;618.40;0.00;122.45;20230815;20230827;C187;0000;12;00;3999;1;0;0;354390;4;68;12;0;010;;02;0;;0;0;0;;00;00;1;000000000000;000;000000;000;0;00000;1;000008291227888;;2082888;;;0000;0000;02;06;;0000;01;0000;1191;HM35439001N202309.DTS;;;0.00;0.00;0.00;0.00;0.00;00;;;;;;;;;;0;0;0;0;0;0;0;0;0;
354390;2023;07;01;56384183000140;3523119588637;1;13506500;354390;19740520;3;0;0;0;0;00;0;0;0;0;0;4;0415020050;0415020050;2237.86;859.78;0.00;0.00;0.00;0.00;0.00;0.00;0.00;0.00;0.00;3097.64;0.00;629.60;20230712;20230715;C188;0000;41;00;3999;1;0;0;354390;4;49;3;1;010;;02;0;;0;0;0;;00;00;1;000000000000;000;000000;000;0;00000;1;000008291227888;;2082888;;;0000;0000;03;06;;0000;01;0000;947;HM35439001N202307.DTS;;;0.00;0.00;0.00;0.00;0.00;00;C20;;;;;;;;;1;0;0;0;0;0;0;0;0;
354390;2023;07;01;56384183000140;3523119584083;1;13506500;354390;19740520;3;0;0;0;0;00;0;0;0;0;0;7;0415020050;0415020050;7764.04;1808.89;0.00;0.00;0.00;0.00;0.00;0.00;0.00;0.00;0.00;9572.93;0.00;1945.71;20230704;20230711;C20;0000;12;00;3999;1;0;0;354390;4;49;7;0;010;;01;0;;0;0;0;;00;00;1;000000000000;000;000000;000;0;00000;1;000008291227888;;2082888;;;0000;0000;03;06;;0000;01;0000;805;HM35439001N202307.DTS;;;0.00;0.00;0.00;0.00;0.00;00;C775;K564;;;;;;;;1;1;0;0;0;0;0;0;0;
354390;2023;07;01;56384183000140;3523119582191;1;13504711;354390;19960328;3;0;0;0;4;75;0;0;0;0;0;1;0415020050;0415020050;8810.27;2030.58;0.00;0.00;0.00;0.00;0.00;0.00;0.00;0.00;0.00;10840.85;2400.00;2203.42;20230627;20230702;C20;0000;12;00;3999;1;0;0;354390;4;27;5;0;010;;01;0;;0;0;0;;00;00;1;000000000000;000;000000;000;0;00000;0;000000000000000;;2082888;;;0000;0000;03;06;;0000;01;0000;781;HM35439001N202307.DTS;;;0.00;0.00;0.00;0.00;0.00;00;C775;;;;;;;;;1;0;0;0;0;0;0;0;0;
354390;2023;07;03;56384183000140;3523119583236;1;13506181;354390;19490903;3;0;0;0;0;00;0;0;0;0;6;6;0304100021;0304100021;350.30;65.14;0.00;0.00;0.00;0.00;0.00;0.00;0.00;0.00;0.00;415.44;0.00;84.43;20230628;20230704;C20;0000;12;00;3999;1;0;0;354390;4;73;6;0;010;;02;0;;0;0;0;;00;00;1;000000000000;000;000000;000;0;00000;0;000000000000000;;2082888;;;0000;0000;02;06;;0000;01;0000;1177;HM35439001N202307.DTS;;;0.00;0.00;0.00;0.00;0.00;00;;;;;;;;;;0;0;0;0;0;0;0;0;0;
354390;2023;07;01;56384183000140;3523119586250;1;13502140;354390;19750601;3;0;0;0;0;00;0;0;0;0;0;7;0416050026;0416050026;3019.26;655.47;0.00;0.00;0.00;0.00;0.00;0.00;0.00;0.00;0.00;3674.73;0.00;746.89;20230702;20230709;C188;0000;12;00;3999;1;0;0;354390;4;48;7;0;010;;02;0;;0;0;0;;00;00;1;000000000000;000;000000;000;0;00000;0;000000000000000;;2082888;;;0000;0000;03;06;;0000;01;0000;879;HM35439001N202307.DTS;;;0.00;0.00;0.00;0.00;0.00;00;;;;;;;;;;0;0;0;0;0;0;0;0;0;
354390;2023;07;03;56384183000140;3523119590859;1;13501628;354390;19691013;3;0;0;0;0;00;0;0;0;0;0;3;0304100021;0304100021;366.21;80.29;0.00;0.00;0.00;0.00;0.00;0.00;0.00;0.00;0.00;446.50;0.00;90.75;20230724;20230727;C189;0000;12;00;3999;1;0;0;354390;4;53;3;0;010;;02;0;;0;0;0;;00;00;1;000000000000;000;000000;000;0;00000;0;000000000000000;;2082888;;;0000;0000;02;06;;0000;03;0000;1433;HM35439001N202307.DTS;;;0.00;0.00;0.00;0.00;0.00;00;C20;;;;;;;;;1;0;0;0;0;0;0;0;0;
354390;2023;07;01;56384183000140;3523119586195;1;13506550;354390;19680201;3;0;0;0;0;00;0;0;0;0;0;6;0416050026;0416050026;2898.08;655.47;0.00;0.00;0.00;0.00;0.00;0.00;0.00;0.00;0.00;3553.55;0.00;722.26;20230703;20230709;C188;0000;12;00;3999;1;0;0;354390;4;55;6;0;010;;01;0;;0;0;0;;00;00;1;000000000000;000;000000;000;0;00000;0;000000000000000;;2082888;;;0000;0000;03;06;;0000;01;0000;878;HM35439001N202307.DTS;;;0.00;0.00;0.00;0.00;0.00;00;R05;;;;;;;;;1;0;0;0;0;0;0;0;0;
354390;2023;05;01;56384183000140;3523114091728;1;13503505;354390;19470105;3;0;0;0;0;00;0;0;0;0;9;9;0415020050;0415020050;7200.03;1354.05;0.00;0.00;0.00;0.00;0.00;0.00;0.00;0.00;0.00;8554.08;0.00;1778.39;20230502;20230511;C189;0000;12;00;3999;1;0;0;354390;4;76;9;0;010;;01;0;;0;0;0;;00;00;1;000000000000;000;000000;000;0;00000;0;000000000000000;;2082888;;;0000;0000;03;06;;0000;01;0000;84;HM35439001N202305.DTS;;;0.00;0.00;0.00;0.00;0.00;00;C172;E149;;;;;;;;1;1;0;0;0;0;0;0;0;
354390;2023;05;03;56384183000140;3523115867601;1;13500581;354390;19361126;3;0;0;0;0;00;0;0;0;0;2;2;0304100021;0304100021;497.57;80.29;0.00;0.00;0.00;0.00;0.00;0.00;0.00;0.00;0.00;577.86;0.00;120.13;20230523;20230525;C20;0000;12;00;3999;1;0;0;354390;4;86;2;0;010;;02;0;;0;0;0;;00;00;1;000000000000;000;000000;000;0;00000;0;000000000000000;;2082888;;;0000;0000;02;06;;0000;01;0000;612;HM35439001N202305.DTS;;;0.00;0.00;0.00;0.00;0.00;00;G309;;;;;;;;;1;0;0;0;0;0;0;0;0;
354390;2023;05;03;56384183000140;3523114089539;1;13501410;354390;19391115;3;0;0;0;0;00;0;0;0;0;6;6;0304100021;0304100021;734.50;95.29;0.00;0.00;0.00;0.00;0.00;0.00;0.00;0.00;0.00;829.79;0.00;172.51;20230429;20230505;C189;0000;12;00;3999;1;0;0;354390;4;83;6;0;010;;02;0;;0;0;0;;00;00;1;000000000000;000;000000;000;0;00000;1;000008291227888;;2082888;;;0000;0000;02;06;;0000;01;0000;400;HM35439001N202305.DTS;;;0.00;0.00;0.00;0.00;0.00;00;K922;I10;;;;;;;;1;1;0;0;0;0;0;0;0;
354390;2023;05;03;56384183000140;3523114089540;1;13501410;354390;19391115;3;0;0;0;0;00;0;0;0;0;8;8;0304100013;0304100013;398.93;65.20;0.00;0.00;0.00;0.00;0.00;0.00;0.00;0.00;0.00;464.13;0.00;96.49;20230422;20230429;C189;0000;27;00;3999;1;0;0;354390;4;83;7;0;010;;02;0;;0;0;0;;00;00;1;000000000000;000;000000;000;0;00000;1;000008291227888;;2082888;;;0000;0000;02;06;;0000;01;0000;401;HM35439001N202305.DTS;;;0.00;0.00;0.00;0.00;0.00;00;K922;I10;E148;;;;;;;1;1;1;0;0;0;0;0;0;
354390;2023;05;01;56384183000140;3523115866810;1;13502774;354390;19730928;3;0;0;0;0;00;0;0;0;0;0;8;0415020050;0415020050;8114.84;1780.40;0.00;0.00;0.00;0.00;0.00;0.00;0.00;0.00;0.00;9895.24;0.00;2057.22;20230518;20230526;C187;0000;12;00;3999;1;0;0;354390;4;49;8;0;010;;02;0;;0;0;0;;00;00;1;000000000000;000;000000;000;0;00000;0;000000000000000;;2082888;;;0000;0000;03;06;;0000;01;0000;194;HM35439001N202305.DTS;;;0.00;0.00;0.00;0.00;0.00;00;W999;D391;;;;;;;;1;1;0;0;0;0;0;0;0;
354390;2023;06;01;56384183000140;3523115868855;1;13502160;354390;19560109;3;0;0;0;0;00;0;0;0;0;0;8;0416050077;0416050077;5378.10;1170.86;0.00;0.00;0.00;0.00;0.00;0.00;0.00;0.00;0.00;6548.96;0.00;1381.63;20230530;20230607;C20;0000;12;00;3999;1;0;0;354390;4;67;8;0;010;;01;0;;0;0;0;;00;00;1;000000000000;000;000000;000;0;00000;0;000000000000000;;2082888;;;0000;0000;03;06;;0000;01;0000;56;HM35439001N202306.DTS;;;0.00;0.00;0.00;0.00;0.00;00;I10;;;;;;;;;1;0;0;0;0;0;0;0;0;
354390;2023;06;03;56384183000140;3523115870912;1;13501698;354390;19760222;3;0;0;0;0;00;0;0;0;0;0;2;0304100021;0304100021;302.30;65.14;0.00;0.00;0.00;0.00;0.00;0.00;0.00;0.00;0.00;367.44;0.00;77.51;20230615;20230616;C20;0000;27;00;3999;1;0;0;354390;4;47;1;0;010;;02;0;;0;0;0;;00;00;1;000000000000;000;000000;000;0;00000;1;000008291227888;;2082888;;;0000;0000;02;06;;0000;03;0000;494;HM35439001N202306.DTS;;;0.00;0.00;0.00;0.00;0.00;00;;;;;;;;;;0;0;0;0;0;0;0;0;0;
354390;2023;06;01;56384183000140;3523115871980;1;13506705;354390;19450503;3;0;0;0;0;00;0;0;0;0;9;9;0415020050;0415020050;8140.23;1354.04;0.00;0.00;0.00;0.00;0.00;0.00;0.00;0.00;0.00;9494.27;0.00;2003.01;20230605;20230614;C187;0000;12;00;3999;1;0;0;354390;4;78;9;0;010;;01;0;;0;0;0;;00;00;1;000000000000;000;000000;000;0;00000;0;000000000000000;;2082888;;;0000;0000;03;06;;0000;01;0000;160;HM35439001N202306.DTS;;;0.00;0.00;0.00;0.00;0.00;00;K638;C172;;;;;;;;1;1;0;0;0;0;0;0;0;
354390;2023;06;03;56384183000140;3523115870660;1;13501628;354390;19691013;3;0;0;0;0;00;0;0;0;0;0;13;0304100013;0304100021;532.69;84.49;0.00;0.00;0.00;0.00;0.00;0.00;0.00;0.00;0.00;617.18;0.00;130.20;20230607;20230620;C20;0000;12;00;3999;1;0;0;354390;4;53;13;0;010;;02;0;;0;0;0;;00;00;1;000000000000;000;000000;000;0;00000;1;000008291227888;;2082888;;;0000;0000;02;06;;0000;03;0000;484;HM35439001N202306.DTS;;;0.00;0.00;0.00;0.00;0.00;00;E46;;;;;;;;;1;0;0;0;0;0;0;0;0;
354390;2023;06;03;56384183000140;3523115870670;1;13501628;354390;19691013;3;0;0;0;0;00;0;0;0;0;0;8;0304100021;0304100013;437.04;65.20;0.00;0.00;0.00;0.00;0.00;0.00;0.00;0.00;0.00;502.24;0.00;105.95;20230531;20230607;C20;0000;27;00;3999;1;0;0;354390;4;53;7;0;010;;02;0;;0;0;0;;00;00;1;000000000000;000;000000;000;0;00000;1;000008291227888;;2082888;;;0000;0000;02;06;;0000;03;0000;485;HM35439001N202306.DTS;;;0.00;0.00;0.00;0.00;0.00;00;E46;;;;;;;;;1;0;0;0;0;0;0;0;0;
354390;2023;06;01;56384183000140;3523115870923;1;13501698;354390;19760222;3;0;0;0;0;00;0;0;0;0;0;3;0407020101;0407020101;1154.07;189.32;0.00;0.00;0.00;0.00;0.00;0.00;0.00;0.00;0.00;1343.39;0.00;283.41;20230616;20230619;C20;0000;12;00;3999;1;0;0;354390;4;47;3;0;010;;02;0;;0;0;0;;00;00;1;000000000000;000;000000;000;0;00000;1;000008291227888;;2082888;;;0000;0000;02;06;;0000;03;0000;110;HM35439001N202306.DTS;;;0.00;0.00;0.00;0.00;0.00;00;;;;;;;;;;0;0;0;0;0;0;0;0;0;
354390;2023;06;03;56384183000140;3523115872540;1;13506550;354390;19680201;3;0;0;0;0;00;0;0;0;0;0;2;0304100021;0304100021;302.30;65.14;0.00;0.00;0.00;0.00;0.00;0.00;0.00;0.00;0.00;367.44;0.00;77.51;20230618;20230620;C189;0000;12;00;3999;1;0;0;354390;4;55;2;0;010;;02;0;;0;0;0;;00;00;1;000000000000;000;000000;000;0;00000;0;000000000000000;;2082888;;;0000;0000;02;06;;0000;01;0000;538;HM35439001N202306.DTS;;;0.00;0.00;0.00;0.00;0.00;00;K564;;;;;;;;;1;0;0;0;0;0;0;0;0;
354390;2023;03;01;56384183000140;3523110957762;1;13504050;354390;19500214;3;0;0;0;0;00;0;0;0;0;0;9;0416050026;0416050026;2750.24;655.47;0.00;0.00;0.00;0.00;0.00;0.00;0.00;0.00;0.00;3405.71;0.00;681.14;20230220;20230301;C187;0000;12;00;3999;1;0;0;354390;4;73;9;0;010;;02;0;;0;0;0;;00;00;1;000000000000;000;000000;000;0;00000;0;000000000000000;;2082888;;;0000;0000;03;06;;0000;01;0000;12;HM35439001N202303.DTS;;;0.00;0.00;0.00;0.00;0.00;00;;;;;;;;;;0;0;0;0;0;0;0;0;0;
354390;2023;03;01;56384183000140;3523110963999;1;13501628;354390;19691013;3;0;0;0;0;00;0;0;0;0;0;3;0415020050;0415020050;9616.35;1808.89;0.00;0.00;0.00;0.00;0.00;0.00;0.00;0.00;0.00;11425.24;0.00;2285.04;20230321;20230324;C187;0000;12;00;3999;1;0;0;354390;4;53;3;0;010;;02;0;;0;0;0;;00;00;1;000000000000;000;000000;000;0;00007;1;000008291227888;;2082888;;;0000;0000;03;06;;0000;03;0000;151;HM35439001N202303.DTS;;;0.00;0.00;0.00;0.00;0.00;00;W999;C775;K638;;;;;;;1;1;1;0;0;0;0;0;0;
354390;2023;03;01;56384183000140;3523110963944;1;13504686;354390;19520826;3;0;0;0;0;00;0;0;0;0;2;2;0415020050;0415020050;6377.11;1360.18;0.00;0.00;0.00;0.00;0.00;0.00;0.00;0.00;0.00;7737.29;0.00;1547.45;20230214;20230216;C187;0000;12;00;3999;1;0;0;354390;4;70;2;0;010;;02;0;;0;0;0;;00;00;1;000000000000;000;000000;000;0;00007;1;000008291227888;;2082888;;;0000;0000;03;06;;0000;01;0000;148;HM35439001N202303.DTS;;;0.00;0.00;0.00;0.00;0.00;00;;;;;;;;;;0;0;0;0;0;0;0;0;0;
350950;2023;08;01;;3523118373687;1;13501190;354390;19470110;3;0;0;0;3;75;0;0;0;0;2;2;0416050026;0416050026;5057.91;940.47;0.00;0.00;0.00;0.00;0.00;0.00;0.00;0.00;0.00;5998.38;1800.00;1199.67;20230528;20230602;C188;0000;12;00;1120;1;0;0;350950;4;76;5;0;010;;01;0;;0;0;0;;00;00;1;000000000000;000;000000;000;0;00000;0;000000000000000;;2081490;47018676000176;;0000;0000;03;06;;0000;03;0000;2977;HM35095001N202308.DTS;;;0.00;0.00;0.00;0.00;0.00;00;;;;;;;;;;0;0;0;0;0;0;0;0;0;
354390;2023;08;03;56384183000140;3523123138436;1;13503660;354390;19790516;3;0;0;0;0;00;0;0;0;0;0;1;0304100021;0304100021;317.70;70.48;0.00;0.00;0.00;0.00;0.00;0.00;0.00;0.00;0.00;388.18;0.00;77.63;20230828;20230828;C189;0000;12;00;3999;1;0;0;354390;4;44;0;0;010;;01;0;;0;0;0;;00;00;1;000000000000;000;000000;000;0;00007;1;000008291227888;;2082888;;;0000;0000;02;06;;0000;01;0000;1258;HM35439001N202308.DTS;;;0.00;0.00;0.00;0.00;0.00;00;E149;I10;;;;;;;;1;1;0;0;0;0;0;0;0;
354390;2023;08;01;56384183000140;3523123138997;1;13505083;354390;19621102;3;0;0;0;0;00;0;0;0;0;12;12;0416040276;0416040276;6661.10;1118.78;0.00;0.00;0.00;0.00;0.00;0.00;0.00;0.00;0.00;7779.88;0.00;1555.97;20230707;20230718;C189;0000;27;00;3999;1;0;0;354390;4;60;11;0;010;;02;0;;0;0;0;;00;00;1;000000000000;000;000000;000;0;00000;1;000008291227888;;2082888;;;0000;0000;03;06;;0000;02;0000;922;HM35439001N202308.DTS;;;0.00;0.00;0.00;0.00;0.00;00;;;;;;;;;;0;0;0;0;0;0;0;0;0;
354390;2023;08;01;56384183000140;3523123139019;1;13505083;354390;19621102;3;0;0;0;0;00;0;0;0;0;3;3;0407020187;0407020187;1027.70;189.34;0.00;0.00;0.00;0.00;0.00;0.00;0.00;0.00;0.00;1217.04;0.00;243.40;20230718;20230720;C189;0000;27;00;3999;1;0;0;354390;4;60;2;0;010;;02;0;;0;0;0;;00;00;1;000000000000;000;000000;000;0;00000;1;000008291227888;;2082888;;;0000;0000;02;06;;0000;02;0000;923;HM35439001N202308.DTS;;;0.00;0.00;0.00;0.00;0.00;00;;;;;;;;;;0;0;0;0;0;0;0;0;0;
354390;2023;08;03;56384183000140;3523119592311;1;13500350;354390;19340207;3;0;0;0;0;00;0;0;0;0;22;22;0304100021;0304100021;2326.92;134.32;0.00;0.00;0.00;0.00;0.00;0.00;0.00;0.00;0.00;2461.24;0.00;492.24;20230704;20230726;C20;0000;12;00;3999;1;0;0;354390;4;89;22;0;010;;02;0;;0;0;0;;00;00;1;000000000000;000;000000;000;0;00000;1;000008291227888;;2082888;;;0000;0000;02;06;;0000;01;0000;1139;HM35439001N202308.DTS;;;0.00;0.00;0.00;0.00;0.00;00;I509;;;;;;;;;1;0;0;0;0;0;0;0;0;
354390;2023;08;01;56384183000140;3523119592300;1;13500350;354390;19340207;3;0;0;0;0;00;0;0;0;0;7;7;0415020050;0415020050;6469.72;1360.17;0.00;0.00;0.00;0.00;0.00;0.00;0.00;0.00;0.00;7829.89;0.00;1565.97;20230628;20230704;C20;0000;27;00;3999;1;0;0;354390;4;89;6;0;010;;02;0;;0;0;0;;00;00;1;000000000000;000;000000;000;0;00000;1;000008291227888;;2082888;;;0000;0000;03;06;;0000;01;0000;791;HM35439001N202308.DTS;;;0.00;0.00;0.00;0.00;0.00;00;;;;;;;;;;0;0;0;0;0;0;0;0;0;
354390;2023;08;01;56384183000140;3523119589605;1;13500370;354390;19420503;3;0;0;0;0;00;0;0;0;0;9;9;0416040276;0416040276;6004.96;1103.78;0.00;0.00;0.00;0.00;0.00;0.00;0.00;0.00;0.00;7108.74;0.00;1421.74;20230723;20230801;C188;0000;12;00;3999;1;0;0;354390;4;81;9;0;010;;02;0;;0;0;0;;00;00;1;000000000000;000;000000;000;0;00000;0;000000000000000;;2082888;;;0000;0000;03;06;;0000;01;0000;735;HM35439001N202308.DTS;;;0.00;0.00;0.00;0.00;0.00;00;R54;;;;;;;;;1;0;0;0;0;0;0;0;0;
354390;2023;08;01;56384183000140;3523119593928;1;13501698;354390;19760222;3;0;0;0;0;00;0;0;0;0;0;1;0406020078;0406020078;319.44;109.20;0.00;0.00;0.00;0.00;0.00;0.00;0.00;0.00;0.00;428.64;0.00;85.72;20230807;20230808;C20;0000;12;00;3999;1;0;0;354390;4;47;1;0;010;;02;0;;0;0;0;;00;00;1;000000000000;000;000000;000;0;00000;0;000000000000000;;2082888;;;0000;0000;03;06;;0000;03;0000;839;HM35439001N202308.DTS;;;0.00;0.00;0.00;0.00;0.00;00;W999;;;;;;;;;1;0;0;0;0;0;0;0;0;
354390;2023;08;01;56384183000140;3523119590210;1;13505005;354390;19581015;3;0;0;0;0;00;0;0;0;0;9;9;0415010012;0415010012;960.16;311.59;0.00;0.00;0.00;0.00;0.00;0.00;0.00;0.00;0.00;1271.75;0.00;254.35;20230725;20230803;C189;0000;12;00;3999;1;0;0;354390;4;64;9;0;010;;01;0;;0;0;0;;00;00;1;000000000000;000;000000;000;0;00000;0;000000000000000;;2082888;;;0000;0000;02;06;;0000;03;0000;745;HM35439001N202308.DTS;;;0.00;0.00;0.00;0.00;0.00;00;K388;;;;;;;;;1;0;0;0;0;0;0;0;0;
354390;2023;08;01;56384183000140;3523123139998;1;13501110;354390;19480411;3;0;0;0;1;75;0;0;0;0;3;3;0416050026;0416050026;4173.06;760.47;0.00;0.00;0.00;0.00;0.00;0.00;0.00;0.00;0.00;4933.53;600.00;986.70;20230808;20230811;C184;0000;27;00;3999;1;0;0;354390;4;75;3;0;010;;02;0;;0;0;0;;00;00;1;000000000000;000;000000;000;0;00000;1;000008291227888;;2082888;;;0000;0000;03;06;;0000;01;0000;941;HM35439001N202308.DTS;;;0.00;0.00;0.00;0.00;0.00;00;;;;;;;;;;0;0;0;0;0;0;0;0;0;
354390;2023;08;03;56384183000140;3523123140009;1;13501110;354390;19480411;3;0;0;0;11;75;0;0;0;0;7;7;0304100021;0304100021;6536.14;1055.14;0.00;0.00;0.00;0.00;0.00;0.00;0.00;0.00;0.00;7591.28;6600.00;1518.25;20230811;20230829;C184;0000;12;00;3999;1;0;0;354390;4;75;18;0;010;;02;0;;0;0;0;;00;00;1;000000000000;000;000000;000;0;00000;1;000008291227888;;2082888;;;0000;0000;02;06;;0000;01;0000;1302;HM35439001N202308.DTS;;;0.00;0.00;0.00;0.00;0.00;00;I694;D630;;;;;;;;1;1;0;0;0;0;0;0;0;
354390;2024;01;01;56384183000140;3524106164920;1;13503667;354390;19690821;3;0;0;0;0;00;0;0;0;0;0;1;0406020078;0406020078;319.44;109.20;0.00;0.00;0.00;0.00;0.00;0.00;0.00;0.00;0.00;428.64;0.00;86.59;20240102;20240102;C189;0000;12;00;3999;1;0;0;354390;4;54;0;0;010;;02;0;;0;0;0;;00;00;1;000000000000;000;000000;000;0;00000;0;000000000000000;;2082888;;;0000;0000;03;06;;0000;02;0000;78;HM35439001N202401.DTS;;;0.00;0.00;0.00;0.00;0.00;00;W999;;;;;;;;;1;0;0;0;0;0;0;0;0;
354390;2024;01;01;56384183000140;3524106170189;1;13501698;354390;19760222;3;0;0;0;0;00;0;0;0;0;0;7;0415020050;0415020050;3260.05;844.79;0.00;0.00;0.00;0.00;0.00;0.00;0.00;0.00;0.00;4104.84;0.00;829.26;20240105;20240111;C184;0000;41;00;3999;1;0;0;354390;4;47;6;1;010;;02;0;;0;0;0;;00;00;1;000000000000;000;000000;000;0;00000;1;000008291227888;;2082888;;;0000;0000;03;06;;0000;03;0000;206;HM35439001N202401.DTS;;;0.00;0.00;0.00;0.00;0.00;00;C20;D649;;;;;;;;1;1;0;0;0;0;0;0;0;
354390;2024;01;03;56384183000140;3524106167550;1;13505350;354390;19570819;3;0;0;0;0;00;0;0;0;0;7;7;0304100021;0304100021;467.44;65.14;0.00;0.00;0.00;0.00;0.00;0.00;0.00;0.00;0.00;532.58;0.00;107.59;20240117;20240124;C20;0000;12;00;3999;1;0;0;354390;4;66;7;0;010;;02;0;;0;0;0;;00;00;1;000000000000;000;000000;000;0;00000;0;000000000000000;;2082888;;;0000;0000;02;06;;0000;01;0000;526;HM35439001N202401.DTS;;;0.00;0.00;0.00;0.00;0.00;00;N390;I10;D649;;;;;;;1;1;1;0;0;0;0;0;0;
354390;2024;01;01;56384183000140;3523130839162;1;13500171;354390;19571219;3;0;0;0;0;00;0;0;0;0;14;14;0416050026;0416050026;3873.17;685.95;0.00;0.00;0.00;0.00;0.00;0.00;0.00;0.00;0.00;4559.12;0.00;921.03;20231226;20240109;C188;0000;12;00;3999;1;0;0;354390;4;66;14;0;010;;02;0;;0;0;0;;00;00;1;000000000000;000;000000;000;0;00000;0;000000000000000;;2082888;;;0000;0000;03;06;;0000;03;0000;33;HM35439001N202401.DTS;;;0.00;0.00;0.00;0.00;0.00;00;;;;;;;;;;0;0;0;0;0;0;0;0;0;
354390;2024;01;03;56384183000140;3524106170178;1;13501698;354390;19760222;3;0;0;0;0;00;0;0;0;0;0;3;0304100021;0304100021;387.24;65.14;0.00;0.00;0.00;0.00;0.00;0.00;0.00;0.00;0.00;452.38;0.00;91.38;20240103;20240105;C20;0000;27;00;3999;1;0;0;354390;4;47;2;0;010;;02;0;;0;0;0;;00;00;1;000000000000;000;000000;000;0;00000;1;000008291227888;;2082888;;;0000;0000;02;06;;0000;03;0000;600;HM35439001N202401.DTS;;;0.00;0.00;0.00;0.00;0.00;00;D649;;;;;;;;;1;0;0;0;0;0;0;0;0;
354390;2024;11;03;56384183000140;3524128070397;1;13509656;354390;19540630;3;0;0;0;0;00;0;0;0;0;0;8;0304100013;0304100013;462.46;80.35;0.00;0.00;0.00;0.00;0.00;0.00;0.00;0.00;0.00;542.81;0.00;87.69;20241105;20241112;C20;0000;27;00;3999;1;0;0;354390;4;70;7;0;010;;02;0;;0;0;0;;00;00;1;000000000000;000;000000;000;0;00000;1;000008291227888;;2082888;;;0000;0000;02;06;;0000;01;0000;486;HM35439001N202411.DTS;;;0.00;0.00;0.00;0.00;0.00;00;;;;;;;;;;0;0;0;0;0;0;0;0;0;
354390;2024;11;03;56384183000140;3524128070408;1;13509656;354390;19540630;3;0;0;0;0;00;0;0;0;0;0;5;0304100021;0304100021;302.30;65.14;0.00;0.00;0.00;0.00;0.00;0.00;0.00;0.00;0.00;367.44;0.00;59.36;20241112;20241117;C20;0000;12;00;3999;1;0;0;354390;4;70;5;0;010;;02;0;;0;0;0;;00;00;1;000000000000;000;000000;000;0;00000;1;000008291227888;;2082888;;;0000;0000;02;06;;0000;01;0000;487;HM35439001N202411.DTS;;;0.00;0.00;0.00;0.00;0.00;00;;;;;;;;;;0;0;0;0;0;0;0;0;0;
354390;2024;11;01;56384183000140;3524128071750;1;13503667;354390;19690307;3;0;0;0;0;00;0;0;0;0;0;3;0407020241;0407020241;544.18;146.69;0.00;0.00;0.00;0.00;0.00;0.00;0.00;0.00;0.00;690.87;0.00;111.61;20241113;20241116;C20;0000;12;00;3999;1;0;0;354390;4;55;3;0;010;;02;0;;0;0;0;;00;00;1;000000000000;000;000000;000;0;00000;0;000000000000000;;2082888;;;0000;0000;02;06;;0000;03;0000;150;HM35439001N202411.DTS;;;0.00;0.00;0.00;0.00;0.00;00;W999;;;;;;;;;1;0;0;0;0;0;0;0;0;
354390;2024;11;01;56384183000140;3524128073609;1;13505009;354390;19850519;3;0;0;0;0;00;0;0;0;0;0;1;0406020078;0406020078;319.44;109.20;0.00;0.00;0.00;0.00;0.00;0.00;0.00;0.00;0.00;428.64;0.00;69.24;20241125;20241125;C20;0000;12;00;3999;1;0;0;354390;4;39;0;0;010;;01;0;;0;0;0;;00;00;1;000000000000;000;000000;000;0;00000;0;000000000000000;;2082888;;;0000;0000;03;06;;0000;01;0000;194;HM35439001N202411.DTS;;;0.00;0.00;0.00;0.00;0.00;00;W999;;;;;;;;;1;0;0;0;0;0;0;0;0;
354390;2024;11;03;56384183000140;3524128068110;1;13500970;354390;19610109;3;0;0;0;0;00;0;0;0;0;7;7;0304100021;0304100021;569.40;65.14;0.00;0.00;0.00;0.00;0.00;0.00;0.00;0.00;0.00;634.54;0.00;102.51;20241030;20241105;C20;0000;41;00;3999;1;0;0;354390;4;63;6;1;010;;02;0;;0;0;0;;00;00;1;000000000000;000;000000;000;0;00000;0;000000000000000;;2082888;;;0000;0000;02;06;;0000;01;0000;404;HM35439001N202411.DTS;;;0.00;0.00;0.00;0.00;0.00;00;;;;;;;;;;0;0;0;0;0;0;0;0;0;
354390;2024;09;01;56384183000140;3524123174143;1;13502100;354390;19730928;3;0;0;0;0;00;0;0;0;0;0;4;0407020241;0407020241;544.18;146.69;0.00;0.00;0.00;0.00;0.00;0.00;0.00;0.00;0.00;690.87;0.00;119.73;20240911;20240915;C187;0000;12;00;3999;1;0;0;354390;4;50;4;0;010;;01;0;;0;0;0;;00;00;1;000000000000;000;000000;000;0;00000;0;000000000000000;;2082888;;;0000;0000;02;06;;0000;01;0000;122;HM35439001N202409.DTS;;;0.00;0.00;0.00;0.00;0.00;00;;;;;;;;;;0;0;0;0;0;0;0;0;0;
354390;2024;09;03;56384183000140;3524123171228;1;13506551;354390;19460519;3;0;0;0;1;75;0;0;0;0;0;8;0304100021;0304100021;942.02;170.29;0.00;0.00;0.00;0.00;0.00;0.00;0.00;0.00;0.00;1112.31;600.00;192.77;20240805;20240813;C189;0000;27;00;3999;1;0;0;354390;4;78;8;0;010;;02;0;;0;0;0;;00;00;1;000000000000;000;000000;000;0;00000;1;000008291227888;;2082888;;;0000;0000;02;06;;0000;03;0000;442;HM35439001N202409.DTS;;;0.00;0.00;0.00;0.00;0.00;00;;;;;;;;;;0;0;0;0;0;0;0;0;0;
354390;2024;09;01;56384183000140;3524123175353;1;13502485;354390;19590525;3;0;0;0;0;00;0;0;0;0;0;1;0416050018;0416050018;4479.79;1230.75;0.00;0.00;0.00;0.00;0.00;0.00;0.00;0.00;0.00;5710.54;0.00;989.69;20240731;20240731;C20;0000;27;00;3999;1;0;0;354390;4;65;0;0;010;;01;0;;0;0;0;;00;00;1;000000000000;000;000000;000;0;00000;1;000008291227888;;2082888;;;0000;0000;03;06;;0000;01;0000;165;HM35439001N202409.DTS;;;0.00;0.00;0.00;0.00;0.00;00;;;;;;;;;;0;0;0;0;0;0;0;0;0;
354390;2024;09;01;56384183000140;3524123175364;1;13502485;354390;19590525;3;0;0;0;0;00;0;0;0;0;5;5;0415010012;0415010012;1576.26;418.65;0.00;0.00;0.00;0.00;0.00;0.00;0.00;0.00;0.00;1994.91;0.00;345.73;20240731;20240804;C20;0000;27;00;3999;1;0;0;354390;4;65;4;0;010;;02;0;;0;0;0;;00;00;1;000000000000;000;000000;000;0;00000;1;000008291227888;;2082888;;;0000;0000;02;06;;0000;01;0000;166;HM35439001N202409.DTS;;;0.00;0.00;0.00;0.00;0.00;00;W999;J960;K660;D259;;;;;;1;1;1;1;0;0;0;0;0;
354390;2024;09;01;56384183000140;3524123175375;1;13502485;354390;19590525;3;0;0;0;0;00;0;0;0;0;0;7;0407020179;0407020179;2669.17;189.33;0.00;0.00;0.00;0.00;0.00;0.00;0.00;0.00;0.00;2858.50;0.00;495.40;20240804;20240810;C20;0000;27;00;3999;1;0;0;354390;4;65;6;0;010;;02;0;;0;0;0;;00;00;1;000000000000;000;000000;000;0;00000;1;000008291227888;;2082888;;;0000;0000;02;06;;0000;01;0000;167;HM35439001N202409.DTS;;;0.00;0.00;0.00;0.00;0.00;00;;;;;;;;;;0;0;0;0;0;0;0;0;0;
354390;2024;09;01;56384183000140;3524123178060;1;13506490;354390;19680802;3;0;0;0;0;00;0;0;0;0;0;4;0415010012;0415010012;1266.28;938.70;0.00;0.00;0.00;0.00;0.00;0.00;0.00;0.00;0.00;2204.98;0.00;382.14;20240923;20240927;C189;0000;12;00;3999;1;0;0;354390;4;56;4;0;010;;02;0;;0;0;0;;00;00;1;000000000000;000;000000;000;0;00000;0;000000000000000;;2082888;;;0000;0000;02;06;;0000;01;0000;255;HM35439001N202409.DTS;;;0.00;0.00;0.00;0.00;0.00;00;;;;;;;;;;0;0;0;0;0;0;0;0;0;
354390;2024;09;01;56384183000140;3524123178114;1;13501380;354390;20050704;3;0;0;0;0;00;0;0;0;0;0;2;0407020039;0407020039;294.37;161.03;0.00;0.00;0.00;0.00;0.00;0.00;0.00;0.00;0.00;455.40;0.00;78.92;20240919;20240921;C181;0000;12;00;3999;1;0;0;354390;4;19;2;0;010;;02;0;;0;0;0;;00;00;1;000000000000;000;000000;000;0;00000;0;000000000000000;;2082888;;;0000;0000;02;06;;0000;01;0000;256;HM35439001N202409.DTS;;;0.00;0.00;0.00;0.00;0.00;00;;;;;;;;;;0;0;0;0;0;0;0;0;0;
354390;2024;09;01;56384183000140;3524123171239;1;13506551;354390;19460519;3;0;0;0;2;75;0;0;0;0;0;1;0415020050;0415020050;7313.45;1481.98;0.00;0.00;0.00;0.00;0.00;0.00;0.00;0.00;0.00;8795.43;1200.00;1524.33;20240813;20240815;C188;0000;41;00;3999;1;0;0;354390;4;78;2;1;010;;02;0;;0;0;0;;00;00;1;000000000000;000;000000;000;0;00000;1;000008291227888;;2082888;;;0000;0000;03;06;;0000;03;0000;46;HM35439001N202409.DTS;;;0.00;0.00;0.00;0.00;0.00;00;R579;;;;;;;;;2;0;0;0;0;0;0;0;0;
354390;2024;04;01;56384183000140;3524111936202;1;13504099;354390;19540111;3;0;0;0;0;00;0;0;0;0;0;4;0415010012;0415010012;4103.55;810.46;0.00;0.00;0.00;0.00;0.00;0.00;0.00;0.00;0.00;4914.01;0.00;937.78;20240404;20240407;C189;0000;41;00;3999;1;0;0;354390;4;70;3;1;010;;02;0;;0;0;0;;00;00;1;000000000000;000;000000;000;0;00000;0;000000000000000;;2082888;;;0000;0000;02;06;;0000;01;0000;136;HM35439001N202404.DTS;;;0.00;0.00;0.00;0.00;0.00;00;C178;K566;K650;K359;K469;;;;;1;1;1;1;1;0;0;0;0;
354390;2024;04;01;56384183000140;3524111935454;1;13502114;354390;19681007;3;0;0;0;0;00;0;0;0;0;0;11;0416050077;0416050077;5832.59;1170.86;0.00;0.00;0.00;0.00;0.00;0.00;0.00;0.00;0.00;7003.45;0.00;1336.53;20240402;20240413;C187;0000;12;00;3999;1;0;0;354390;4;55;11;0;010;;02;0;;0;0;0;;00;00;1;000000000000;000;000000;000;0;00000;0;000000000000000;;2082888;;;0000;0000;03;06;;0000;01;0000;118;HM35439001N202404.DTS;;;0.00;0.00;0.00;0.00;0.00;00;I10;E149;E669;;;;;;;1;1;1;0;0;0;0;0;0;
354390;2024;04;03;56384183000140;3524111934948;1;13505009;354390;19850519;3;0;0;0;0;00;0;0;0;0;0;1;0304100021;0304100021;317.70;70.48;0.00;0.00;0.00;0.00;0.00;0.00;0.00;0.00;0.00;388.18;0.00;74.08;20240409;20240409;C189;0000;12;00;3999;1;0;0;354390;4;38;0;0;010;;01;0;;0;0;0;;00;00;1;000000000000;000;000000;000;0;00007;1;000008291227888;;2082888;;;0000;0000;02;06;;0000;01;0000;467;HM35439001N202404.DTS;;;0.00;0.00;0.00;0.00;0.00;00;;;;;;;;;;0;0;0;0;0;0;0;0;0;
354390;2024;04;01;56384183000140;3524111934871;1;13502296;354390;19681025;3;0;0;0;0;00;0;0;0;0;0;1;0406020078;0406020078;319.44;109.20;0.00;0.00;0.00;0.00;0.00;0.00;0.00;0.00;0.00;428.64;0.00;81.80;20240408;20240408;C189;0000;12;00;3999;1;0;0;354390;4;55;0;0;010;;01;0;;0;0;0;;00;00;1;000000000000;000;000000;000;0;00000;0;000000000000000;;2082888;;;0000;0000;03;06;;0000;01;0000;103;HM35439001N202404.DTS;;;0.00;0.00;0.00;0.00;0.00;00;;;;;;;;;;0;0;0;0;0;0;0;0;0;
354390;2024;07;01;56384183000140;3524117719694;1;13504191;354390;19670606;3;0;0;0;0;00;0;0;0;0;0;8;0416050026;0416050026;3142.76;655.47;0.00;0.00;0.00;0.00;0.00;0.00;0.00;0.00;0.00;3798.23;0.00;672.25;20240618;20240626;C188;0000;12;00;3999;1;0;0;354390;4;57;8;0;010;;01;0;;0;0;0;;00;00;1;000000000000;000;000000;000;0;00000;0;000000000000000;;2082888;;;0000;0000;03;06;;0000;01;0000;21;HM35439001N202407.DTS;;;0.00;0.00;0.00;0.00;0.00;00;W999;I10;Z720;;;;;;;1;1;1;0;0;0;0;0;0;
354390;2024;07;01;56384183000140;3524117719815;1;13504617;354390;19491020;3;0;0;0;0;00;0;0;0;0;0;9;0416040209;0416040209;4748.54;1025.40;0.00;0.00;0.00;0.00;0.00;0.00;0.00;0.00;0.00;5773.94;0.00;1021.93;20240601;20240610;C188;0000;12;00;3999;1;0;0;354390;4;74;9;0;010;;02;0;;0;0;0;;00;00;1;000000000000;000;000000;000;0;00000;0;000000000000000;;2082888;;;0000;0000;03;06;;0000;01;0000;22;HM35439001N202407.DTS;;;0.00;0.00;0.00;0.00;0.00;00;W999;I10;;;;;;;;1;1;0;0;0;0;0;0;0;
354390;2024;03;01;56384183000140;3524111925774;1;13501260;354390;19580806;3;0;0;0;0;00;0;0;0;0;0;5;0415020050;0415020050;7202.24;1792.99;0.00;0.00;0.00;0.00;0.00;0.00;0.00;0.00;0.00;8995.23;0.00;1739.88;20240306;20240311;C20;0000;12;00;3999;1;0;0;354390;4;65;5;0;010;;02;0;;0;0;0;;00;00;1;000000000000;000;000000;000;0;00000;0;000000000000000;;2082888;;;0000;0000;03;06;;0000;01;0000;108;HM35439001N202403.DTS;;;0.00;0.00;0.00;0.00;0.00;00;W999;C787;;;;;;;;1;1;0;0;0;0;0;0;0;
354390;2024;03;01;56384183000140;3524106171949;1;13506185;354390;19810304;3;0;0;0;0;00;0;0;0;0;0;3;0415020050;0415020050;8062.37;1354.05;0.00;0.00;0.00;0.00;0.00;0.00;0.00;0.00;0.00;9416.42;0.00;1821.35;20240130;20240202;C187;0000;12;00;3999;1;0;0;354390;4;42;3;0;010;;01;0;;0;0;0;;00;00;1;000000000000;000;000000;000;0;00007;1;000008291227888;;2082888;;;0000;0000;03;06;;0000;01;0000;9;HM35439001N202403.DTS;;;0.00;0.00;0.00;0.00;0.00;00;K913;;;;;;;;;1;0;0;0;0;0;0;0;0;
354390;2024;03;03;56384183000140;3524111924840;1;13504711;354390;19960328;3;0;0;0;0;00;0;0;0;0;0;4;0304100021;0304100021;791.43;80.14;0.00;0.00;0.00;0.00;0.00;0.00;0.00;0.00;0.00;871.57;0.00;168.58;20240228;20240302;C20;0000;41;00;3999;1;0;0;354390;4;27;3;1;010;;02;0;;0;0;0;;00;00;1;000000000000;000;000000;000;0;00000;0;000000000000000;;2082888;;;0000;0000;02;06;;0000;01;0000;451;HM35439001N202403.DTS;;;0.00;0.00;0.00;0.00;0.00;00;W999;;;;;;;;;1;0;0;0;0;0;0;0;0;
354390;2024;03;03;56384183000140;3524111927150;1;13500315;354390;19520418;3;0;0;0;0;00;0;0;0;0;5;5;0304100021;0304100021;661.09;65.14;0.00;0.00;0.00;0.00;0.00;0.00;0.00;0.00;0.00;726.23;0.00;140.47;20240306;20240311;C189;0000;12;00;3999;1;0;0;354390;4;71;5;0;010;;02;0;;0;0;0;;00;00;1;000000000000;000;000000;000;0;00000;0;000000000000000;;2082888;;;0000;0000;02;06;;0000;01;0000;531;HM35439001N202403.DTS;;;0.00;0.00;0.00;0.00;0.00;00;W999;N390;E149;;;;;;;1;1;1;0;0;0;0;0;0;
354390;2024;05;01;56384183000140;3524117710872;1;13503150;354390;19800605;3;0;0;0;0;00;0;0;0;0;0;1;0406020078;0406020078;319.44;109.20;0.00;0.00;0.00;0.00;0.00;0.00;0.00;0.00;0.00;428.64;0.00;77.23;20240513;20240513;C180;0000;12;00;3999;1;0;0;354390;4;43;0;0;010;;02;0;;0;0;0;;00;00;1;000000000000;000;000000;000;0;00000;0;000000000000000;;2082888;;;0000;0000;03;06;;0000;03;0000;97;HM35439001N202405.DTS;;;0.00;0.00;0.00;0.00;0.00;00;;;;;;;;;;0;0;0;0;0;0;0;0;0;
354390;2024;05;01;56384183000140;3524117711466;1;13500315;354390;19481023;3;0;0;0;0;00;0;0;0;0;0;5;0415020050;0415020050;6380.33;1360.18;0.00;0.00;0.00;0.00;0.00;0.00;0.00;0.00;0.00;7740.51;0.00;1394.68;20240506;20240511;C188;0000;12;00;3999;1;0;0;354390;4;75;5;0;010;;02;0;;0;0;0;;00;00;1;000000000000;000;000000;000;0;00000;0;000000000000000;;2082888;;;0000;0000;03;06;;0000;01;0000;114;HM35439001N202405.DTS;;;0.00;0.00;0.00;0.00;0.00;00;W999;C20;;;;;;;;1;1;0;0;0;0;0;0;0;
354390;2024;05;01;56384183000140;3524117716328;1;13504115;354390;19580923;3;0;0;0;0;00;0;0;0;0;0;2;0416050077;0416050077;6642.18;1170.86;0.00;0.00;0.00;0.00;0.00;0.00;0.00;0.00;0.00;7813.04;0.00;1407.75;20240423;20240424;C189;0000;27;00;3999;1;0;0;354390;4;65;1;0;010;;02;0;;0;0;0;;00;00;1;000000000000;000;000000;000;0;00000;0;000000000000000;;2082888;;;0000;0000;03;06;;0000;01;0000;224;HM35439001N202405.DTS;;;0.00;0.00;0.00;0.00;0.00;00;W999;C20;;;;;;;;1;1;0;0;0;0;0;0;0;
350000;2024;10;03;49150352000112;3524117295171;1;13504266;354390;19530605;3;0;0;0;0;00;0;0;0;0;8;8;0304100013;0304100013;643.50;65.20;0.00;0.00;0.00;0.00;0.00;0.00;0.00;0.00;0.00;708.70;0.00;117.14;20241009;20241016;C20;0000;26;00;3069;2;0;0;350550;4;71;7;0;010;;01;0;;0;0;0;;00;00;1;000000000000;000;000000;000;0;00000;1;000068196440782;;2090236;;;0000;0000;02;06;;0000;01;0000;4495;HE35000001N202410.DTS;;;0.00;0.00;0.00;0.00;0.00;00;R100;;;;;;;;;1;0;0;0;0;0;0;0;0;
350000;2024;10;03;49150352000112;3524117297877;1;13504266;354390;19530605;3;0;0;0;0;00;0;0;0;0;11;12;0304100021;0304100021;455.06;80.62;0.00;0.00;0.00;0.00;0.00;0.00;0.00;0.00;0.00;535.68;0.00;88.54;20241016;20241027;C20;0000;41;00;3069;2;0;0;350550;4;71;11;1;010;;01;0;;0;0;0;;00;00;1;000000000000;000;000000;000;0;00007;1;000068196440782;;2090236;;;0000;0000;02;06;;0000;01;0000;4545;HE35000001N202410.DTS;;;0.00;0.00;0.00;0.00;0.00;00;K590;;;;;;;;;1;0;0;0;0;0;0;0;0;
354390;2024;10;03;56384183000140;3524123181535;1;13506490;354390;19680802;3;0;0;0;0;00;0;0;0;0;0;4;0304100021;0304100021;302.30;65.14;0.00;0.00;0.00;0.00;0.00;0.00;0.00;0.00;0.00;367.44;0.00;60.73;20241007;20241011;C188;0000;12;00;3999;1;0;0;354390;4;56;4;0;010;;02;0;;0;0;0;;00;00;1;000000000000;000;000000;000;0;00000;0;000000000000000;;2082888;;;0000;0000;02;06;;0000;01;0000;488;HM35439001N202410.DTS;;;0.00;0.00;0.00;0.00;0.00;00;;;;;;;;;;0;0;0;0;0;0;0;0;0;
354390;2024;10;01;56384183000140;3524123181513;1;13502296;354390;19561221;3;0;0;0;0;00;0;0;0;0;11;11;0416050026;0416050026;3361.09;659.34;0.00;0.00;0.00;0.00;0.00;0.00;0.00;0.00;0.00;4020.43;0.00;664.53;20240902;20240912;C188;0000;27;00;3999;1;0;0;354390;4;67;10;0;010;;01;0;;0;0;0;;00;00;1;000000000000;000;000000;000;0;00014;1;000008291227888;;2082888;;;0000;0000;03;06;;0000;03;0000;56;HM35439001N202410.DTS;;;0.00;0.00;0.00;0.00;0.00;00;;;;;;;;;;0;0;0;0;0;0;0;0;0;
354390;2024;10;01;56384183000140;3524123182052;1;13504170;354390;19390325;3;0;0;0;0;00;0;0;0;0;0;9;0415010012;0415010012;3891.88;559.17;0.00;0.00;0.00;0.00;0.00;0.00;0.00;0.00;0.00;4451.05;0.00;735.71;20241002;20241011;C188;0000;12;00;3999;1;0;0;354390;4;85;9;0;010;;01;0;;0;0;0;;00;00;1;000000000000;000;000000;000;0;00000;0;000000000000000;;2082888;;;0000;0000;02;06;;0000;01;0000;82;HM35439001N202410.DTS;;;0.00;0.00;0.00;0.00;0.00;00;W999;D126;N736;R190;;;;;;1;1;1;1;0;0;0;0;0;
354390;2024;10;03;56384183000140;3524123181117;1;13505147;354390;19870918;3;0;0;0;0;00;0;0;0;0;0;1;0304100021;0304100021;317.70;85.63;0.00;0.00;0.00;0.00;0.00;0.00;0.00;0.00;0.00;403.33;0.00;66.66;20241001;20241001;C189;0000;12;00;3999;1;0;0;354390;4;37;0;0;010;;01;0;;0;0;0;;00;00;1;000000000000;000;000000;000;0;00007;1;000008291227888;;2082888;;;0000;0000;02;06;;0000;01;0000;469;HM35439001N202410.DTS;;;0.00;0.00;0.00;0.00;0.00;00;;;;;;;;;;0;0;0;0;0;0;0;0;0;
354390;2024;10;01;56384183000140;3524128063676;1;13506743;354390;19470507;3;0;0;0;0;00;0;0;0;0;2;2;0415010012;0415010012;1251.86;305.56;0.00;0.00;0.00;0.00;0.00;0.00;0.00;0.00;0.00;1557.42;0.00;257.42;20241015;20241017;C188;0000;12;00;3999;1;0;0;354390;4;77;2;0;010;;02;0;;0;0;0;;00;00;1;000000000000;000;000000;000;0;00007;1;000008291227888;;2082888;;;0000;0000;02;06;;0000;01;0000;147;HM35439001N202410.DTS;;;0.00;0.00;0.00;0.00;0.00;00;;;;;;;;;;0;0;0;0;0;0;0;0;0;
354390;2024;10;03;56384183000140;3524128064798;1;13500171;354390;19571219;3;0;0;0;0;00;0;0;0;0;0;2;0304100021;0304100021;350.46;80.29;0.00;0.00;0.00;0.00;0.00;0.00;0.00;0.00;0.00;430.75;0.00;71.19;20241023;20241025;C189;0000;12;00;3999;1;0;0;354390;4;66;2;0;010;;02;0;;0;0;0;;00;00;1;000000000000;000;000000;000;0;00000;0;000000000000000;;2082888;;;0000;0000;02;06;;0000;03;0000;595;HM35439001N202410.DTS;;;0.00;0.00;0.00;0.00;0.00;00;W999;K579;;;;;;;;1;1;0;0;0;0;0;0;0;
354390;2024;10;03;56384183000140;3524128067163;1;13500310;354390;19361029;3;0;0;0;0;00;0;0;0;0;14;14;0304100021;0304100021;989.49;88.36;0.00;0.00;0.00;0.00;0.00;0.00;0.00;0.00;0.00;1077.85;0.00;178.15;20241018;20241031;C189;0000;41;00;3999;1;0;0;354390;4;87;13;1;010;;01;0;;0;0;0;;00;00;1;000000000000;000;000000;000;0;00000;0;000000000000000;;2082888;;;0000;0000;02;06;;0000;01;0000;685;HM35439001N202410.DTS;;;0.00;0.00;0.00;0.00;0.00;00;;;;;;;;;;0;0;0;0;0;0;0;0;0;
354390;2025;02;01;56384183000140;3525111293836;1;13505260;354390;19690513;3;0;0;0;1;75;0;0;0;0;0;2;0415020050;0415020050;8902.02;2392.16;0.00;0.00;0.00;0.00;0.00;0.00;0.00;0.00;0.00;11294.18;600.00;1967.62;20250121;20250124;C20;0000;12;00;3999;1;0;0;354390;4;55;3;0;010;;01;0;;0;0;0;;00;00;1;000000000000;000;000000;000;0;00007;1;000008291227888;;2082888;;;0000;0000;03;06;;0000;01;0000;14;HM35439001N202502.DTS;;;0.00;0.00;0.00;0.00;0.00;00;;;;;;;;;;0;0;0;0;0;0;0;0;0;
354390;2025;12;01;56384183000140;3525133577570;1;13500240;354390;19590604;3;0;0;0;0;00;0;0;0;0;0;6;0416050026;0416050026;3276.89;670.47;0.00;0.00;0.00;0.00;0.00;0.00;0.00;0.00;0.00;3947.36;0.00;756.19;20251118;20251123;C187;0000;41;00;3999;1;0;0;354390;4;66;5;1;010;;02;0;;0;0;0;;00;00;1;000000000000;000;000000;000;0;00000;1;000008291227888;;2082888;;;0000;0000;03;06;;0000;01;0000;1102;HM35439001N202512.DTS;;;0.00;0.00;0.00;0.00;0.00;00;C500;I519;;;;;;;;1;1;0;0;0;0;0;0;0;00
354390;2025;12;01;56384183000140;3525133577174;1;13504140;354390;19470618;3;0;0;0;0;00;0;0;0;0;0;1;0406020078;0406020078;319.44;109.20;0.00;0.00;0.00;0.00;0.00;0.00;0.00;0.00;0.00;428.64;0.00;82.11;20251202;20251202;C188;0000;12;00;3999;1;0;0;354390;4;78;0;0;010;;01;0;;0;0;0;;00;00;1;000000000000;000;000000;000;0;00000;0;000000000000000;;2082888;;;0000;0000;03;06;;0000;01;0000;1095;HM35439001N202512.DTS;;;0.00;0.00;0.00;0.00;0.00;00;V877;I10;;;;;;;;1;1;0;0;0;0;0;0;0;00
354390;2025;12;01;56384183000140;3525135058192;1;13504689;354390;19580618;3;0;0;0;0;00;0;0;0;0;0;2;0416050018;0416050018;5965.19;1215.75;0.00;0.00;0.00;0.00;0.00;0.00;0.00;0.00;0.00;7180.94;0.00;1375.65;20251202;20251203;C20;0000;27;00;3999;1;0;0;354390;4;67;1;0;010;;01;0;;0;0;0;;00;00;1;000000000000;000;000000;000;0;00000;1;000008291227888;;2082888;;;0000;0000;03;06;;0000;03;0000;1273;HM35439001N202512.DTS;;;0.00;0.00;0.00;0.00;0.00;00;I10;;;;;;;;;1;0;0;0;0;0;0;0;0;00
354390;2025;12;01;56384183000140;3525135050228;1;13505460;354390;19630715;3;0;0;0;0;00;0;0;0;0;0;11;0415010012;0415010012;1783.41;437.25;0.00;0.00;0.00;0.00;0.00;0.00;0.00;0.00;0.00;2220.66;0.00;425.41;20251201;20251212;C180;0000;12;00;3999;1;0;0;354390;4;62;11;0;010;;01;0;;0;0;0;;00;00;1;000000000000;000;000000;000;0;00000;0;000000000000000;;2082888;;;0000;0000;02;06;;0000;03;0000;1215;HM35439001N202512.DTS;;;0.00;0.00;0.00;0.00;0.00;00;I10;N736;C189;C187;;;;;;1;1;1;1;0;0;0;0;0;00
354390;2025;12;01;56384183000140;3525135048776;1;13506050;354390;19440331;3;0;0;0;1;75;0;0;0;0;0;4;0416050026;0416050026;3662.45;760.47;0.00;0.00;0.00;0.00;0.00;0.00;0.00;0.00;0.00;4422.92;600.00;847.30;20251204;20251208;C188;0000;27;00;3999;1;0;0;354390;4;81;4;0;010;;02;0;;0;0;0;;00;00;1;000000000000;000;000000;000;0;00000;1;000008291227888;;2082888;;;0000;0000;03;06;;0000;01;0000;1171;HM35439001N202512.DTS;;;0.00;0.00;0.00;0.00;0.00;00;;;;;;;;;;0;0;0;0;0;0;0;0;0;00
354390;2025;12;03;56384183000140;3525135058214;1;13504689;354390;19580618;3;0;0;0;0;00;0;0;0;0;6;7;0304100021;0304100021;771.72;65.14;0.00;0.00;0.00;0.00;0.00;0.00;0.00;0.00;0.00;836.86;0.00;160.31;20251210;20251217;C20;0000;12;00;3999;1;0;0;354390;4;67;7;0;010;;02;0;;0;0;0;;00;00;1;000000000000;000;000000;000;0;00000;1;000008291227888;;2082888;;;0000;0000;02;06;;0000;03;0000;1659;HM35439001N202512.DTS;;;0.00;0.00;0.00;0.00;0.00;00;;;;;;;;;;0;0;0;0;0;0;0;0;0;00
354390;2025;01;01;56384183000140;3524128080847;1;13505460;354390;19630715;3;0;0;0;0;00;0;0;0;0;0;4;0415020050;0415020050;6348.70;1308.10;0.00;0.00;0.00;0.00;0.00;0.00;0.00;0.00;0.00;7656.80;0.00;1311.09;20241230;20250103;C188;0000;12;00;3999;1;0;0;354390;4;61;4;0;010;;02;0;;0;0;0;;00;00;1;000000000000;000;000000;000;0;00014;1;000008291227888;;2082888;;;0000;0000;03;06;;0000;03;0000;19;HM35439001N202501.DTS;;;0.00;0.00;0.00;0.00;0.00;00;;;;;;;;;;0;0;0;0;0;0;0;0;0;
354390;2025;11;01;56384183000140;3525133570343;1;13504140;354390;19470618;3;0;0;0;0;00;0;0;0;0;5;5;0415020050;0415020050;4085.95;1088.28;0.00;0.00;0.00;0.00;0.00;0.00;0.00;0.00;0.00;5174.23;0.00;940.76;20251103;20251108;C188;0000;12;00;3999;1;0;0;354390;4;78;5;0;010;;01;0;;0;0;0;;00;00;1;000000000000;000;000000;000;0;00000;0;000000000000000;;2082888;;;0000;0000;03;06;;0000;01;0000;131;HM35439001N202511.DTS;;;0.00;0.00;0.00;0.00;0.00;00;;;;;;;;;;0;0;0;0;0;0;0;0;0;00
354390;2025;03;01;56384183000140;3525111309786;1;13502293;354390;19751225;3;0;0;0;0;00;0;0;0;0;0;4;0415020050;0415020050;7354.80;1375.17;0.00;0.00;0.00;0.00;0.00;0.00;0.00;0.00;0.00;8729.97;0.00;1542.39;20250325;20250329;C20;0000;12;00;3999;1;0;0;354390;4;49;4;0;010;;02;0;;0;0;0;;00;00;1;000000000000;000;000000;000;0;00000;0;000000000000000;;2082888;;;0000;0000;03;06;;0000;03;0000;213;HM35439001N202503.DTS;;;0.00;0.00;0.00;0.00;0.00;00;;;;;;;;;;0;0;0;0;0;0;0;0;0;00
354390;2025;03;01;56384183000140;3525111308653;1;13505226;354390;19580827;3;0;0;0;0;00;0;0;0;0;5;5;0415020050;0415020050;6226.20;1293.10;0.00;0.00;0.00;0.00;0.00;0.00;0.00;0.00;0.00;7519.30;0.00;1328.49;20250321;20250326;C187;0000;12;00;3999;1;0;0;354390;4;66;5;0;010;;02;0;;0;0;0;;00;00;1;000000000000;000;000000;000;0;00000;0;000000000000000;;2082888;;;0000;0000;03;06;;0000;03;0000;186;HM35439001N202503.DTS;;;0.00;0.00;0.00;0.00;0.00;00;;;;;;;;;;0;0;0;0;0;0;0;0;0;00
354390;2025;03;01;56384183000140;3525111309192;1;13506666;354390;19240821;3;0;0;0;0;00;0;0;0;0;0;7;0416050026;0416050026;2840.64;655.47;0.00;0.00;0.00;0.00;0.00;0.00;0.00;0.00;0.00;3496.11;0.00;617.68;20250316;20250323;C188;0000;12;00;3999;1;0;0;354390;5;0;7;0;010;;01;0;;0;0;0;;00;00;1;000000000000;000;000000;000;0;00000;0;000000000000000;;2082888;;;0000;0000;03;06;;0000;01;0000;198;HM35439001N202503.DTS;;;0.00;0.00;0.00;0.00;0.00;00;W999;;;;;;;;;1;0;0;0;0;0;0;0;0;00
354390;2025;03;01;56384183000140;3525111304726;1;13504016;354390;19601130;3;0;0;0;0;00;0;0;0;0;10;10;0415010012;0415010012;3559.31;413.95;0.00;0.00;0.00;0.00;0.00;0.00;0.00;0.00;0.00;3973.26;0.00;701.98;20250225;20250307;C189;0000;12;00;3999;1;0;0;354390;4;64;10;0;010;;01;0;;0;0;0;;00;00;1;000000000000;000;000000;000;0;00000;0;000000000000000;;2082888;;;0000;0000;02;06;;0000;01;0000;81;HM35439001N202503.DTS;;;0.00;0.00;0.00;0.00;0.00;00;;;;;;;;;;0;0;0;0;0;0;0;0;0;00
354390;2025;04;01;56384183000140;3525116110549;1;13502100;354390;19600902;3;0;0;0;0;00;0;0;0;0;0;2;0415020050;0415020050;7251.18;1375.18;0.00;0.00;0.00;0.00;0.00;0.00;0.00;0.00;0.00;8626.36;0.00;1513.39;20250413;20250414;C187;0000;41;00;3999;1;0;0;354390;4;64;1;1;010;;02;0;;0;0;0;;00;00;1;000000000000;000;000000;000;0;00000;0;000000000000000;;2082888;;;0000;0000;03;06;;0000;01;0000;134;HM35439001N202504.DTS;;;0.00;0.00;0.00;0.00;0.00;00;W999;C20;;;;;;;;1;1;0;0;0;0;0;0;0;00
354390;2025;04;01;56384183000140;3525111307872;1;13500171;354390;19500524;3;0;0;0;0;00;0;0;0;0;6;6;0416050018;0416050018;5631.83;1215.75;0.00;0.00;0.00;0.00;0.00;0.00;0.00;0.00;0.00;6847.58;0.00;1201.32;20250318;20250324;C20;0000;12;00;3999;1;0;0;354390;4;74;6;0;010;;01;0;;0;0;0;;00;00;1;000000000000;000;000000;000;0;00000;0;000000000000000;;2082888;;;0000;0000;03;06;;0000;03;0000;12;HM35439001N202504.DTS;;;0.00;0.00;0.00;0.00;0.00;00;;;;;;;;;;0;0;0;0;0;0;0;0;0;00
354390;2025;04;01;56384183000140;3525116106985;1;13504250;354390;19720314;3;0;0;0;0;00;0;0;0;0;0;8;0416050026;0416050026;3739.01;655.47;0.00;0.00;0.00;0.00;0.00;0.00;0.00;0.00;0.00;4394.48;0.00;770.96;20250324;20250401;C180;0000;12;00;3999;1;0;0;354390;4;53;8;0;010;;02;0;;0;0;0;;00;00;1;000000000000;000;000000;000;0;00000;0;000000000000000;;2082888;;;0000;0000;03;06;;0000;01;0000;31;HM35439001N202504.DTS;;;0.00;0.00;0.00;0.00;0.00;00;;;;;;;;;;0;0;0;0;0;0;0;0;0;00
354390;2025;09;01;56384183000140;3525120720033;1;13502018;354390;19580605;3;0;0;0;0;00;0;0;0;0;0;5;0416040276;0416040276;6483.82;1103.79;0.00;0.00;0.00;0.00;0.00;0.00;0.00;0.00;0.00;7587.61;0.00;1410.33;20250818;20250823;C188;0000;12;00;3999;1;0;0;354390;4;67;5;0;010;;01;0;;0;0;0;;00;00;1;000000000000;000;000000;000;0;00000;0;000000000000000;;2082888;;;0000;0000;03;06;;0000;03;0000;12;HM35439001N202509.DTS;;;0.00;0.00;0.00;0.00;0.00;00;;;;;;;;;;0;0;0;0;0;0;0;0;0;00
354390;2025;09;01;56384183000140;3525128496318;1;13504060;354390;19470902;3;0;0;0;0;00;0;0;0;0;0;1;0406020078;0406020078;319.44;109.20;0.00;0.00;0.00;0.00;0.00;0.00;0.00;0.00;0.00;428.64;0.00;79.67;20250922;20250922;C189;0000;12;00;3999;1;0;0;354390;4;78;0;0;010;;01;0;;0;0;0;;00;00;1;000000000000;000;000000;000;0;00000;0;000000000000000;;2082888;;;0000;0000;03;06;;0000;01;0000;155;HM35439001N202509.DTS;;;0.00;0.00;0.00;0.00;0.00;00;;;;;;;;;;0;0;0;0;0;0;0;0;0;00
354390;2025;08;01;56384183000140;3525120718108;1;13504016;354390;19580326;3;0;0;0;0;00;0;0;0;0;0;5;0415010012;0415010012;3616.30;456.58;0.00;0.00;0.00;0.00;0.00;0.00;0.00;0.00;0.00;4072.88;0.00;767.02;20250805;20250810;C20;0000;12;00;3999;1;0;0;354390;4;67;5;0;010;;02;0;;0;0;0;;00;00;1;000000000000;000;000000;000;0;00000;0;000000000000000;;2082888;;;0000;0000;02;06;;0000;01;0000;230;HM35439001N202508.DTS;;;0.00;0.00;0.00;0.00;0.00;00;;;;;;;;;;0;0;0;0;0;0;0;0;0;00
354390;2025;08;01;56384183000140;3525120720770;1;13506827;354390;19490228;3;0;0;0;0;00;0;0;0;0;0;1;0406020078;0406020078;319.44;109.20;0.00;0.00;0.00;0.00;0.00;0.00;0.00;0.00;0.00;428.64;0.00;80.72;20250825;20250825;C20;0000;12;00;3999;1;0;0;354390;4;76;0;0;010;;01;0;;0;0;0;;00;00;1;000000000000;000;000000;000;0;00000;0;000000000000000;;2082888;;;0000;0000;03;06;;0000;01;0000;320;HM35439001N202508.DTS;;;0.00;0.00;0.00;0.00;0.00;00;I10;;;;;;;;;1;0;0;0;0;0;0;0;0;00
354390;2025;08;03;56384183000140;3525128487353;1;13501110;354390;19490816;3;0;0;0;0;00;0;0;0;0;0;2;0304100021;0304100021;317.99;65.14;0.00;0.00;0.00;0.00;0.00;0.00;0.00;0.00;0.00;383.13;0.00;72.15;20250825;20250826;C188;0000;41;00;3999;1;0;0;354390;4;76;1;1;010;;02;0;;0;0;0;;00;00;1;000000000000;000;000000;000;0;00000;0;000000000000000;;2082888;;;0000;0000;02;06;;0000;01;0000;758;HM35439001N202508.DTS;;;0.00;0.00;0.00;0.00;0.00;00;C762;;;;;;;;;2;0;0;0;0;0;0;0;0;00
354390;2025;08;01;56384183000140;3525120720209;1;13505009;354390;19600321;3;0;0;0;0;00;0;0;0;0;4;5;0416050026;0416050026;3473.84;655.47;0.00;0.00;0.00;0.00;0.00;0.00;0.00;0.00;0.00;4129.31;0.00;777.64;20250804;20250808;C180;0000;27;00;3999;1;0;0;354390;4;65;4;0;010;;02;0;;0;0;0;;00;00;1;000000000000;000;000000;000;0;00000;1;000008291227888;;2082888;;;0000;0000;03;06;;0000;03;0000;292;HM35439001N202508.DTS;;;0.00;0.00;0.00;0.00;0.00;00;Z720;I10;;;;;;;;1;1;0;0;0;0;0;0;0;00
354390;2025;08;01;56384183000140;3525120719087;1;13504130;354390;19650403;3;0;0;0;0;00;0;0;0;0;0;4;0407020241;0407020241;642.20;161.69;0.00;0.00;0.00;0.00;0.00;0.00;0.00;0.00;0.00;803.89;0.00;151.39;20250812;20250815;C189;0000;27;00;3999;1;0;0;354390;4;60;3;0;010;;01;0;;0;0;0;;00;00;1;000000000000;000;000000;000;0;00000;1;000008291227888;;2082888;;;0000;0000;02;06;;0000;03;0000;259;HM35439001N202508.DTS;;;0.00;0.00;0.00;0.00;0.00;00;;;;;;;;;;0;0;0;0;0;0;0;0;0;00
354390;2025;08;01;56384183000140;3525120716140;1;13506090;354390;19480402;3;0;0;0;2;75;0;0;0;0;0;1;0415020050;0415020050;9375.99;1945.40;0.00;0.00;0.00;0.00;0.00;0.00;0.00;0.00;0.00;11321.39;1200.00;2132.08;20250723;20250725;C180;0000;27;00;3999;1;0;0;354390;4;77;2;0;010;;01;0;;0;0;0;;00;00;1;000000000000;000;000000;000;0;00000;1;000008291227888;;2082888;;;0000;0000;03;06;;0000;01;0000;155;HM35439001N202508.DTS;;;0.00;0.00;0.00;0.00;0.00;00;C187;D391;C188;;;;;;;1;1;1;0;0;0;0;0;0;00
354390;2025;08;03;56384183000140;3525120720210;1;13505009;354390;19600321;3;0;0;0;0;00;0;0;0;0;11;11;0304100021;0304100021;390.30;65.14;0.00;0.00;0.00;0.00;0.00;0.00;0.00;0.00;0.00;455.44;0.00;85.77;20250808;20250819;C188;0000;12;00;3999;1;0;0;354390;4;65;11;0;010;;02;0;;0;0;0;;00;00;1;000000000000;000;000000;000;0;00000;1;000008291227888;;2082888;;;0000;0000;02;06;;0000;03;0000;709;HM35439001N202508.DTS;;;0.00;0.00;0.00;0.00;0.00;00;I10;Z720;;;;;;;;1;1;0;0;0;0;0;0;0;00
354390;2025;08;03;56384183000140;3525120717350;1;13500153;354390;19771215;3;0;0;0;0;00;0;0;0;0;0;1;0304100021;0304100021;414.96;65.14;0.00;0.00;0.00;0.00;0.00;0.00;0.00;0.00;0.00;480.10;0.00;90.41;20250807;20250808;C189;0000;12;00;3999;1;0;0;354390;4;47;1;0;010;;02;0;;0;0;0;;00;00;1;000000000000;000;000000;000;0;00007;1;000008291227888;;2082888;;;0000;0000;02;06;;0000;01;0000;623;HM35439001N202508.DTS;;;0.00;0.00;0.00;0.00;0.00;00;K566;;;;;;;;;1;0;0;0;0;0;0;0;0;00
354390;2025;07;01;56384183000140;3525120706206;1;13505260;354390;19550102;3;0;0;0;0;00;0;0;0;0;0;10;0415020050;0415020050;7232.77;1360.18;0.00;0.00;0.00;0.00;0.00;0.00;0.00;0.00;0.00;8592.95;0.00;1585.41;20250618;20250628;C187;0000;12;00;3999;1;0;0;354390;4;70;10;0;010;;02;0;;0;0;0;;00;00;1;000000000000;000;000000;000;0;00000;0;000000000000000;;2082888;;;0000;0000;03;06;;0000;01;0000;33;HM35439001N202507.DTS;;;0.00;0.00;0.00;0.00;0.00;00;;;;;;;;;;0;0;0;0;0;0;0;0;0;00
354390;2025;07;01;56384183000140;3525120708164;1;13503420;354390;19590322;3;0;0;0;0;00;0;0;0;0;0;1;0406020078;0406020078;351.84;109.20;0.00;0.00;0.00;0.00;0.00;0.00;0.00;0.00;0.00;461.04;0.00;85.06;20250701;20250701;C180;0000;12;00;3999;1;0;0;354390;4;66;0;0;010;;01;0;;0;0;0;;00;00;1;000000000000;000;000000;000;0;00000;0;000000000000000;;2082888;;;0000;0000;03;06;;0000;02;0000;59;HM35439001N202507.DTS;;;0.00;0.00;0.00;0.00;0.00;00;;;;;;;;;;0;0;0;0;0;0;0;0;0;00
354390;2025;07;01;56384183000140;3525120711520;1;13504016;354390;19580326;3;0;0;0;0;00;0;0;0;0;3;3;0407020101;0407020101;1126.14;189.32;0.00;0.00;0.00;0.00;0.00;0.00;0.00;0.00;0.00;1315.46;0.00;242.70;20250712;20250715;C20;0000;12;00;3999;1;0;0;354390;4;67;3;0;010;;02;0;;0;0;0;;00;00;1;000000000000;000;000000;000;0;00000;0;000000000000000;;2082888;;;0000;0000;02;06;;0000;01;0000;184;HM35439001N202507.DTS;;;0.00;0.00;0.00;0.00;0.00;00;;;;;;;;;;0;0;0;0;0;0;0;0;0;00
354390;2025;07;03;56384183000140;3525120715810;1;13502210;354390;19470817;3;0;0;0;0;00;0;0;0;0;8;8;0304100013;0304100013;1342.16;65.20;0.00;0.00;0.00;0.00;0.00;0.00;0.00;0.00;0.00;1407.36;0.00;259.66;20250705;20250712;C189;0000;27;00;3999;1;0;0;354390;4;77;7;0;010;;02;0;;0;0;0;;00;00;1;000000000000;000;000000;000;0;00000;1;000008291227888;;2082888;;;0000;0000;02;06;;0000;01;0000;675;HM35439001N202507.DTS;;;0.00;0.00;0.00;0.00;0.00;00;;;;;;;;;;0;0;0;0;0;0;0;0;0;00
354390;2025;07;03;56384183000140;3525120715820;1;13502210;354390;19470817;3;0;0;0;0;00;0;0;0;0;15;15;0304100021;0304100021;535.63;92.23;0.00;0.00;0.00;0.00;0.00;0.00;0.00;0.00;0.00;627.86;0.00;115.84;20250712;20250726;C189;0000;41;00;3999;1;0;0;354390;4;77;14;1;010;;02;0;;0;0;0;;00;00;1;000000000000;000;000000;000;0;00000;1;000008291227888;;2082888;;;0000;0000;02;06;;0000;01;0000;676;HM35439001N202507.DTS;;;0.00;0.00;0.00;0.00;0.00;00;;;;;;;;;;0;0;0;0;0;0;0;0;0;00
354390;2025;05;01;56384183000140;3525116114388;1;13506748;354390;19600708;3;0;0;0;0;00;0;0;0;0;0;10;0416050026;0416050026;3007.66;655.47;0.00;0.00;0.00;0.00;0.00;0.00;0.00;0.00;0.00;3663.13;0.00;672.13;20250426;20250506;C182;0000;12;00;3999;1;0;0;354390;4;64;10;0;010;;02;0;;0;0;0;;00;00;1;000000000000;000;000000;000;0;00000;0;000000000000000;;2082888;;;0000;0000;03;06;;0000;01;0000;45;HM35439001N202505.DTS;;;0.00;0.00;0.00;0.00;0.00;00;W999;;;;;;;;;1;0;0;0;0;0;0;0;0;00
354390;2025;05;01;56384183000140;3525116121846;1;13505491;354390;20080808;3;0;0;0;0;00;0;0;0;0;0;2;0407020039;0407020039;299.04;161.03;0.00;0.00;0.00;0.00;0.00;0.00;0.00;0.00;0.00;460.07;0.00;84.41;20250529;20250531;C181;0000;12;00;3999;1;0;0;354390;4;16;2;0;010;;02;0;;0;0;0;;00;00;1;000000000000;000;000000;000;0;00000;0;000000000000000;;2082888;;;0000;0000;02;06;;0000;01;0000;240;HM35439001N202505.DTS;;;0.00;0.00;0.00;0.00;0.00;00;;;;;;;;;;0;0;0;0;0;0;0;0;0;00
354390;2025;10;03;56384183000140;3525133563798;1;13506090;354390;19480402;3;0;0;0;0;00;0;0;0;0;0;6;0304100021;0304100021;588.90;65.14;0.00;0.00;0.00;0.00;0.00;0.00;0.00;0.00;0.00;654.04;0.00;122.70;20251013;20251019;C189;0000;12;00;3999;1;0;0;354390;4;77;6;0;010;;01;0;;0;0;0;;00;00;1;000000000000;000;000000;000;0;00014;1;000008291227888;;2082888;;;0000;0000;02;06;;0000;01;0000;632;HM35439001N202510.DTS;;;0.00;0.00;0.00;0.00;0.00;00;V877;I694;K566;;;;;;;1;1;1;0;0;0;0;0;0;00
354390;2025;10;01;56384183000140;3525128499244;1;13503751;354390;19751001;3;0;0;0;0;00;0;0;0;0;0;4;0415020050;0415020050;10566.58;2431.59;0.00;0.00;0.00;0.00;0.00;0.00;0.00;0.00;0.00;12998.17;0.00;2438.68;20250929;20251003;C19;0000;12;00;3999;1;0;0;354390;4;49;4;0;010;;02;0;;0;0;0;;00;00;1;000000000000;000;000000;000;0;00000;0;000000000000000;;2082888;;;0000;0000;03;06;;0000;01;0000;79;HM35439001N202510.DTS;;;0.00;0.00;0.00;0.00;0.00;00;C187;C786;C56;;;;;;;1;1;1;0;0;0;0;0;0;00
354390;2025;10;01;56384183000140;3525133567065;1;13506121;354390;19611128;3;0;0;0;0;00;0;0;0;0;1;1;0407020225;0407020225;286.69;97.44;0.00;0.00;0.00;0.00;0.00;0.00;0.00;0.00;0.00;384.13;0.00;72.06;20251028;20251029;C20;0000;12;00;3999;1;0;0;354390;4;63;1;0;010;;01;0;;0;0;0;;00;00;1;000000000000;000;000000;000;0;00000;0;000000000000000;;2082888;;;0000;0000;02;06;;0000;01;0000;311;HM35439001N202510.DTS;;;0.00;0.00;0.00;0.00;0.00;00;C020;;;;;;;;;1;0;0;0;0;0;0;0;0;00
354390;2025;10;01;56384183000140;3525133565602;1;13506193;354390;19571016;3;0;0;0;0;00;0;0;0;0;0;8;0415020050;0415020050;6927.93;1375.17;0.00;0.00;0.00;0.00;0.00;0.00;0.00;0.00;0.00;8303.10;0.00;1557.80;20250825;20250901;C189;0000;27;00;3999;1;0;0;354390;4;67;7;0;010;;02;0;;0;0;0;;00;00;1;000000000000;000;000000;000;0;00000;1;000008291227888;;2082888;;;0000;0000;03;06;;0000;03;0000;261;HM35439001N202510.DTS;;;0.00;0.00;0.00;0.00;0.00;00;;;;;;;;;;0;0;0;0;0;0;0;0;0;00
354390;2025;10;01;56384183000140;3525133559662;1;13504825;354390;19790223;3;0;0;0;0;00;0;0;0;0;0;1;0415020050;0415020050;8523.53;1759.28;0.00;0.00;0.00;0.00;0.00;0.00;0.00;0.00;0.00;10282.81;0.00;1929.23;20250906;20250906;C187;0000;27;00;3999;1;0;0;354390;4;46;0;0;010;;02;0;;0;0;0;;00;00;1;000000000000;000;000000;000;0;00000;1;000008291227888;;2082888;;;0000;0000;03;06;;0000;01;0000;85;HM35439001N202510.DTS;;;0.00;0.00;0.00;0.00;0.00;00;C798;;;;;;;;;1;0;0;0;0;0;0;0;0;00
354390;2025;10;03;56384183000140;3525133564612;1;13500143;354390;19470723;3;0;0;0;0;00;0;0;0;0;0;1;0304100021;0304100021;414.96;65.14;0.00;0.00;0.00;0.00;0.00;0.00;0.00;0.00;0.00;480.10;0.00;90.07;20251019;20251020;C188;0000;12;00;3999;1;0;0;354390;4;78;1;0;010;;02;0;;0;0;0;;00;00;1;000000000000;000;000000;000;0;00007;1;000008291227888;;2082888;;;0000;0000;02;06;;0000;01;0000;657;HM35439001N202510.DTS;;;0.00;0.00;0.00;0.00;0.00;00;I10;E148;;;;;;;;1;1;0;0;0;0;0;0;0;00
354390;2025;10;01;56384183000140;3525133560730;1;13502295;354390;19651205;3;0;0;0;0;00;0;0;0;0;0;1;0406020078;0406020078;319.44;109.20;0.00;0.00;0.00;0.00;0.00;0.00;0.00;0.00;0.00;428.64;0.00;80.42;20251006;20251007;C188;0000;12;00;3999;1;0;0;354390;4;59;1;0;010;;01;0;;0;0;0;;00;00;1;000000000000;000;000000;000;0;00000;0;000000000000000;;2082888;;;0000;0000;03;06;;0000;01;0000;98;HM35439001N202510.DTS;;;0.00;0.00;0.00;0.00;0.00;00;I10;E148;;;;;;;;1;1;0;0;0;0;0;0;0;00
354390;2025;10;01;56384183000140;3525133568440;1;13502430;354390;19680515;3;0;0;0;0;00;0;0;0;0;0;8;0415020050;0415020050;6108.05;1360.17;0.00;0.00;0.00;0.00;0.00;0.00;0.00;0.00;0.00;7468.22;0.00;1401.16;20250903;20250911;C20;0000;12;00;3999;1;0;0;354390;4;57;8;0;010;;02;0;;0;0;0;;00;00;1;000000000000;000;000000;000;0;00000;0;000000000000000;;2082888;;;0000;0000;03;06;;0000;01;0000;340;HM35439001N202510.DTS;;;0.00;0.00;0.00;0.00;0.00;00;V877;;;;;;;;;1;0;0;0;0;0;0;0;0;00
354390;2025;10;03;56384183000140;3525133565701;1;13502430;354390;19680515;3;0;0;0;0;00;0;0;0;0;0;1;0304100021;0304100021;579.56;65.14;0.00;0.00;0.00;0.00;0.00;0.00;0.00;0.00;0.00;644.70;0.00;120.95;20251016;20251017;C188;0000;12;00;3999;1;0;0;354390;4;57;1;0;010;;02;0;;0;0;0;;00;00;1;000000000000;000;000000;000;0;00007;1;000008291227888;;2082888;;;0000;0000;02;06;;0000;01;0000;697;HM35439001N202510.DTS;;;0.00;0.00;0.00;0.00;0.00;00;K564;I10;T784;;;;;;;1;1;1;0;0;0;0;0;0;00
